2025-09-28 13:13:33,148 - INFO - 🚀 STARTING COMPLETE AIRBNB SCRAPING PROCESS
2025-09-28 13:13:33,148 - INFO - Output directory: airbnb_data_20250928_131333
2025-09-28 13:13:33,148 - INFO - === STEP 1: Discovering Locations ===
2025-09-28 13:13:33,148 - INFO - ====== WebDriver manager ======
2025-09-28 13:13:34,334 - INFO - Get LATEST chromedriver version for google-chrome
2025-09-28 13:13:34,909 - INFO - Get LATEST chromedriver version for google-chrome
2025-09-28 13:13:35,204 - INFO - There is no [mac64] chromedriver "140.0.7339.207" for browser google-chrome "140.0.7339" in cache
2025-09-28 13:13:35,519 - INFO - Get LATEST chromedriver version for google-chrome
2025-09-28 13:13:36,638 - INFO - WebDriver version 140.0.7339.207 selected
2025-09-28 13:13:36,642 - INFO - Modern chrome version https://storage.googleapis.com/chrome-for-testing-public/140.0.7339.207/mac-arm64/chromedriver-mac-arm64.zip
2025-09-28 13:13:36,642 - INFO - About to download new driver from https://storage.googleapis.com/chrome-for-testing-public/140.0.7339.207/mac-arm64/chromedriver-mac-arm64.zip
2025-09-28 13:13:38,094 - INFO - Driver downloading response is 200
2025-09-28 13:13:40,412 - INFO - Get LATEST chromedriver version for google-chrome
2025-09-28 13:13:40,816 - INFO - Driver has been saved in cache [/Users/brianrono/.wdm/drivers/chromedriver/mac64/140.0.7339.207]
2025-09-28 13:13:52,013 - INFO - Discovered 3 locations
2025-09-28 13:13:52,014 - INFO - Locations saved to: airbnb_data_20250928_131333/step1_locations.csv
2025-09-28 13:13:52,114 - INFO - === STEP 2: Extracting Listings for All Locations ===
2025-09-28 13:13:52,114 - INFO - 
--- Processing Location 1/3: Kisumu County
_
_
Guest favorite
Guest favorite
Apartment in Kisumu
KSh 3 ---
2025-09-28 13:13:52,114 - INFO - Search URL: https://www.airbnb.com/s/Kisumu-County/homes?place_id=ChIJ3_PD7Z-lKhgR71EwTssPkhY&refinement_paths%5B%5D=%2Fhomes&flexible_trip_lengths%5B%5D=weekend_trip&date_picker_type=FLEXIBLE_DATES&search_type=HOMEPAGE_CAROUSEL_CLICK&flexible_trip_lengths[]=weekend_trip&date_picker_type=flexible_dates&search_type=user_map_move&monthly_start_date=2025-10-01&monthly_length=3&monthly_end_date=2026-01-01&search_mode=regular_search&price_filter_input_type=2&price_filter_num_nights=2&channel=EXPLORE
2025-09-28 13:13:52,115 - INFO - ====== WebDriver manager ======
2025-09-28 13:13:52,508 - INFO - Get LATEST chromedriver version for google-chrome
2025-09-28 13:13:52,791 - INFO - Get LATEST chromedriver version for google-chrome
2025-09-28 13:13:53,445 - INFO - Driver [/Users/brianrono/.wdm/drivers/chromedriver/mac64/140.0.7339.207/chromedriver-mac-arm64/chromedriver] found in cache
2025-09-28 13:13:54,837 - INFO - Starting scrape of all pages from: https://www.airbnb.com/s/Kisumu-County/homes?place_id=ChIJ3_PD7Z-lKhgR71EwTssPkhY&refinement_paths%5B%5D=%2Fhomes&flexible_trip_lengths%5B%5D=weekend_trip&date_picker_type=FLEXIBLE_DATES&search_type=HOMEPAGE_CAROUSEL_CLICK&flexible_trip_lengths[]=weekend_trip&date_picker_type=flexible_dates&search_type=user_map_move&monthly_start_date=2025-10-01&monthly_length=3&monthly_end_date=2026-01-01&search_mode=regular_search&price_filter_input_type=2&price_filter_num_nights=2&channel=EXPLORE
2025-09-28 13:14:18,087 - INFO - No translation popup found.
2025-09-28 13:14:18,101 - INFO - Scraping page 1
2025-09-28 13:14:18,106 - INFO - Scraping current page: https://www.airbnb.com/s/Kisumu-County/homes?place_id=ChIJ3_PD7Z-lKhgR71EwTssPkhY&refinement_paths%5B%5D=%2Fhomes&flexible_trip_lengths%5B%5D=weekend_trip&date_picker_type=FLEXIBLE_DATES&search_type=HOMEPAGE_CAROUSEL_CLICK&flexible_trip_lengths[]=weekend_trip&date_picker_type=flexible_dates&search_type=user_map_move&monthly_start_date=2025-10-01&monthly_length=3&monthly_end_date=2026-01-01&search_mode=regular_search&price_filter_input_type=2&price_filter_num_nights=2&channel=EXPLORE
2025-09-28 13:14:18,151 - INFO - Found 18 listings on current page
2025-09-28 13:14:19,014 - INFO - Processed 10 listings...
2025-09-28 13:14:19,671 - INFO - Total listings collected so far: 18
2025-09-28 13:14:19,679 - INFO - Navigating to next page: https://www.airbnb.com/s/Kisumu-County/homes?place_id=ChIJ3_PD7Z-lKhgR71EwTssPkhY&refinement_paths%5B%5D=%2Fhomes&flexible_trip_lengths%5B%5D=weekend_trip&flexible_trip_lengths%5B%5D=weekend_trip&date_picker_type=flexible_dates&search_type%5B%5D=HOMEPAGE_CAROUSEL_CLICK&search_type%5B%5D=user_map_move&monthly_start_date=2025-10-01&monthly_length=3&monthly_end_date=2026-01-01&search_mode=regular_search&price_filter_input_type=2&price_filter_num_nights=2&channel=EXPLORE&query=Kisumu%20County&federated_search_session_id=1bb269ab-8433-46b7-8429-803426a96eda&pagination_search=true&cursor=eyJzZWN0aW9uX29mZnNldCI6MCwiaXRlbXNfb2Zmc2V0IjoxOCwidmVyc2lvbiI6MX0%3D
2025-09-28 13:14:22,491 - INFO - Scraping page 2
2025-09-28 13:14:22,551 - INFO - Scraping current page: https://www.airbnb.com/s/Kisumu-County/homes?place_id=ChIJ3_PD7Z-lKhgR71EwTssPkhY&refinement_paths%5B%5D=%2Fhomes&flexible_trip_lengths%5B%5D=weekend_trip&flexible_trip_lengths%5B%5D=weekend_trip&date_picker_type=flexible_dates&search_type%5B%5D=HOMEPAGE_CAROUSEL_CLICK&search_type%5B%5D=user_map_move&monthly_start_date=2025-10-01&monthly_length=3&monthly_end_date=2026-01-01&search_mode=regular_search&price_filter_input_type=2&price_filter_num_nights=2&channel=EXPLORE&query=Kisumu%20County&federated_search_session_id=1bb269ab-8433-46b7-8429-803426a96eda&pagination_search=true&cursor=eyJzZWN0aW9uX29mZnNldCI6MCwiaXRlbXNfb2Zmc2V0IjoxOCwidmVyc2lvbiI6MX0%3D
2025-09-28 13:14:22,573 - INFO - Found 18 listings on current page
2025-09-28 13:14:23,730 - INFO - Processed 10 listings...
2025-09-28 13:14:24,519 - INFO - Total listings collected so far: 36
2025-09-28 13:14:24,524 - INFO - Navigating to next page: https://www.airbnb.com/s/Kisumu-County/homes?place_id=ChIJ3_PD7Z-lKhgR71EwTssPkhY&refinement_paths%5B%5D=%2Fhomes&flexible_trip_lengths%5B%5D=weekend_trip&flexible_trip_lengths%5B%5D=weekend_trip&date_picker_type=flexible_dates&search_type%5B%5D=HOMEPAGE_CAROUSEL_CLICK&search_type%5B%5D=user_map_move&monthly_start_date=2025-10-01&monthly_length=3&monthly_end_date=2026-01-01&search_mode=regular_search&price_filter_input_type=2&price_filter_num_nights=2&channel=EXPLORE&query=Kisumu%20County&pagination_search=true&federated_search_session_id=1bb269ab-8433-46b7-8429-803426a96eda&cursor=eyJzZWN0aW9uX29mZnNldCI6MCwiaXRlbXNfb2Zmc2V0IjozNiwidmVyc2lvbiI6MX0%3D
2025-09-28 13:14:27,515 - INFO - Scraping page 3
2025-09-28 13:14:27,523 - INFO - Scraping current page: https://www.airbnb.com/s/Kisumu-County/homes?place_id=ChIJ3_PD7Z-lKhgR71EwTssPkhY&refinement_paths%5B%5D=%2Fhomes&flexible_trip_lengths%5B%5D=weekend_trip&flexible_trip_lengths%5B%5D=weekend_trip&date_picker_type=flexible_dates&search_type%5B%5D=HOMEPAGE_CAROUSEL_CLICK&search_type%5B%5D=user_map_move&monthly_start_date=2025-10-01&monthly_length=3&monthly_end_date=2026-01-01&search_mode=regular_search&price_filter_input_type=2&price_filter_num_nights=2&channel=EXPLORE&query=Kisumu%20County&pagination_search=true&federated_search_session_id=1bb269ab-8433-46b7-8429-803426a96eda&cursor=eyJzZWN0aW9uX29mZnNldCI6MCwiaXRlbXNfb2Zmc2V0IjozNiwidmVyc2lvbiI6MX0%3D
2025-09-28 13:14:27,531 - INFO - Found 18 listings on current page
2025-09-28 13:14:28,512 - INFO - Processed 10 listings...
2025-09-28 13:14:29,172 - INFO - Total listings collected so far: 54
2025-09-28 13:14:29,177 - INFO - Navigating to next page: https://www.airbnb.com/s/Kisumu-County/homes?place_id=ChIJ3_PD7Z-lKhgR71EwTssPkhY&refinement_paths%5B%5D=%2Fhomes&flexible_trip_lengths%5B%5D=weekend_trip&flexible_trip_lengths%5B%5D=weekend_trip&date_picker_type=flexible_dates&search_type%5B%5D=HOMEPAGE_CAROUSEL_CLICK&search_type%5B%5D=user_map_move&monthly_start_date=2025-10-01&monthly_length=3&monthly_end_date=2026-01-01&search_mode=regular_search&price_filter_input_type=2&price_filter_num_nights=2&channel=EXPLORE&query=Kisumu%20County&pagination_search=true&federated_search_session_id=1bb269ab-8433-46b7-8429-803426a96eda&cursor=eyJzZWN0aW9uX29mZnNldCI6MCwiaXRlbXNfb2Zmc2V0Ijo1NCwidmVyc2lvbiI6MX0%3D
2025-09-28 13:14:31,943 - INFO - Scraping page 4
2025-09-28 13:14:31,948 - INFO - Scraping current page: https://www.airbnb.com/s/Kisumu-County/homes?place_id=ChIJ3_PD7Z-lKhgR71EwTssPkhY&refinement_paths%5B%5D=%2Fhomes&flexible_trip_lengths%5B%5D=weekend_trip&flexible_trip_lengths%5B%5D=weekend_trip&date_picker_type=flexible_dates&search_type%5B%5D=HOMEPAGE_CAROUSEL_CLICK&search_type%5B%5D=user_map_move&monthly_start_date=2025-10-01&monthly_length=3&monthly_end_date=2026-01-01&search_mode=regular_search&price_filter_input_type=2&price_filter_num_nights=2&channel=EXPLORE&query=Kisumu%20County&pagination_search=true&federated_search_session_id=1bb269ab-8433-46b7-8429-803426a96eda&cursor=eyJzZWN0aW9uX29mZnNldCI6MCwiaXRlbXNfb2Zmc2V0Ijo1NCwidmVyc2lvbiI6MX0%3D
2025-09-28 13:14:31,962 - INFO - Found 18 listings on current page
2025-09-28 13:14:32,930 - INFO - Processed 10 listings...
2025-09-28 13:14:33,593 - INFO - Total listings collected so far: 72
2025-09-28 13:14:33,598 - INFO - Navigating to next page: https://www.airbnb.com/s/Kisumu-County/homes?place_id=ChIJ3_PD7Z-lKhgR71EwTssPkhY&refinement_paths%5B%5D=%2Fhomes&flexible_trip_lengths%5B%5D=weekend_trip&flexible_trip_lengths%5B%5D=weekend_trip&date_picker_type=flexible_dates&search_type%5B%5D=HOMEPAGE_CAROUSEL_CLICK&search_type%5B%5D=user_map_move&monthly_start_date=2025-10-01&monthly_length=3&monthly_end_date=2026-01-01&search_mode=regular_search&price_filter_input_type=2&price_filter_num_nights=2&channel=EXPLORE&query=Kisumu%20County&pagination_search=true&federated_search_session_id=1bb269ab-8433-46b7-8429-803426a96eda&cursor=eyJzZWN0aW9uX29mZnNldCI6MCwiaXRlbXNfb2Zmc2V0Ijo3MiwidmVyc2lvbiI6MX0%3D
2025-09-28 13:14:36,834 - INFO - Scraping page 5
2025-09-28 13:14:36,840 - INFO - Scraping current page: https://www.airbnb.com/s/Kisumu-County/homes?place_id=ChIJ3_PD7Z-lKhgR71EwTssPkhY&refinement_paths%5B%5D=%2Fhomes&flexible_trip_lengths%5B%5D=weekend_trip&flexible_trip_lengths%5B%5D=weekend_trip&date_picker_type=flexible_dates&search_type%5B%5D=HOMEPAGE_CAROUSEL_CLICK&search_type%5B%5D=user_map_move&monthly_start_date=2025-10-01&monthly_length=3&monthly_end_date=2026-01-01&search_mode=regular_search&price_filter_input_type=2&price_filter_num_nights=2&channel=EXPLORE&query=Kisumu%20County&pagination_search=true&federated_search_session_id=1bb269ab-8433-46b7-8429-803426a96eda&cursor=eyJzZWN0aW9uX29mZnNldCI6MCwiaXRlbXNfb2Zmc2V0Ijo3MiwidmVyc2lvbiI6MX0%3D
2025-09-28 13:14:36,848 - INFO - Found 18 listings on current page
2025-09-28 13:14:37,809 - INFO - Processed 10 listings...
2025-09-28 13:14:38,459 - INFO - Total listings collected so far: 90
2025-09-28 13:14:38,464 - INFO - Navigating to next page: https://www.airbnb.com/s/Kisumu-County/homes?place_id=ChIJ3_PD7Z-lKhgR71EwTssPkhY&refinement_paths%5B%5D=%2Fhomes&flexible_trip_lengths%5B%5D=weekend_trip&flexible_trip_lengths%5B%5D=weekend_trip&date_picker_type=flexible_dates&search_type%5B%5D=HOMEPAGE_CAROUSEL_CLICK&search_type%5B%5D=user_map_move&monthly_start_date=2025-10-01&monthly_length=3&monthly_end_date=2026-01-01&search_mode=regular_search&price_filter_input_type=2&price_filter_num_nights=2&channel=EXPLORE&query=Kisumu%20County&pagination_search=true&federated_search_session_id=1bb269ab-8433-46b7-8429-803426a96eda&cursor=eyJzZWN0aW9uX29mZnNldCI6MCwiaXRlbXNfb2Zmc2V0Ijo5MCwidmVyc2lvbiI6MX0%3D
2025-09-28 13:14:41,298 - INFO - Scraping page 6
2025-09-28 13:14:41,307 - INFO - Scraping current page: https://www.airbnb.com/s/Kisumu-County/homes?place_id=ChIJ3_PD7Z-lKhgR71EwTssPkhY&refinement_paths%5B%5D=%2Fhomes&flexible_trip_lengths%5B%5D=weekend_trip&flexible_trip_lengths%5B%5D=weekend_trip&date_picker_type=flexible_dates&search_type%5B%5D=HOMEPAGE_CAROUSEL_CLICK&search_type%5B%5D=user_map_move&monthly_start_date=2025-10-01&monthly_length=3&monthly_end_date=2026-01-01&search_mode=regular_search&price_filter_input_type=2&price_filter_num_nights=2&channel=EXPLORE&query=Kisumu%20County&pagination_search=true&federated_search_session_id=1bb269ab-8433-46b7-8429-803426a96eda&cursor=eyJzZWN0aW9uX29mZnNldCI6MCwiaXRlbXNfb2Zmc2V0Ijo5MCwidmVyc2lvbiI6MX0%3D
2025-09-28 13:14:41,315 - INFO - Found 18 listings on current page
2025-09-28 13:14:42,288 - INFO - Processed 10 listings...
2025-09-28 13:14:42,947 - INFO - Total listings collected so far: 108
2025-09-28 13:14:42,953 - INFO - Navigating to next page: https://www.airbnb.com/s/Kisumu-County/homes?place_id=ChIJ3_PD7Z-lKhgR71EwTssPkhY&refinement_paths%5B%5D=%2Fhomes&flexible_trip_lengths%5B%5D=weekend_trip&flexible_trip_lengths%5B%5D=weekend_trip&date_picker_type=flexible_dates&search_type%5B%5D=HOMEPAGE_CAROUSEL_CLICK&search_type%5B%5D=user_map_move&monthly_start_date=2025-10-01&monthly_length=3&monthly_end_date=2026-01-01&search_mode=regular_search&price_filter_input_type=2&price_filter_num_nights=2&channel=EXPLORE&query=Kisumu%20County&pagination_search=true&federated_search_session_id=1bb269ab-8433-46b7-8429-803426a96eda&cursor=eyJzZWN0aW9uX29mZnNldCI6MCwiaXRlbXNfb2Zmc2V0IjoxMDgsInZlcnNpb24iOjF9
2025-09-28 13:14:45,853 - INFO - Scraping page 7
2025-09-28 13:14:45,858 - INFO - Scraping current page: https://www.airbnb.com/s/Kisumu-County/homes?place_id=ChIJ3_PD7Z-lKhgR71EwTssPkhY&refinement_paths%5B%5D=%2Fhomes&flexible_trip_lengths%5B%5D=weekend_trip&flexible_trip_lengths%5B%5D=weekend_trip&date_picker_type=flexible_dates&search_type%5B%5D=HOMEPAGE_CAROUSEL_CLICK&search_type%5B%5D=user_map_move&monthly_start_date=2025-10-01&monthly_length=3&monthly_end_date=2026-01-01&search_mode=regular_search&price_filter_input_type=2&price_filter_num_nights=2&channel=EXPLORE&query=Kisumu%20County&pagination_search=true&federated_search_session_id=1bb269ab-8433-46b7-8429-803426a96eda&cursor=eyJzZWN0aW9uX29mZnNldCI6MCwiaXRlbXNfb2Zmc2V0IjoxMDgsInZlcnNpb24iOjF9
2025-09-28 13:14:45,865 - INFO - Found 18 listings on current page
2025-09-28 13:14:46,826 - INFO - Processed 10 listings...
2025-09-28 13:14:47,485 - INFO - Total listings collected so far: 126
2025-09-28 13:14:47,490 - INFO - Navigating to next page: https://www.airbnb.com/s/Kisumu-County/homes?place_id=ChIJ3_PD7Z-lKhgR71EwTssPkhY&refinement_paths%5B%5D=%2Fhomes&flexible_trip_lengths%5B%5D=weekend_trip&flexible_trip_lengths%5B%5D=weekend_trip&date_picker_type=flexible_dates&search_type%5B%5D=HOMEPAGE_CAROUSEL_CLICK&search_type%5B%5D=user_map_move&monthly_start_date=2025-10-01&monthly_length=3&monthly_end_date=2026-01-01&search_mode=regular_search&price_filter_input_type=2&price_filter_num_nights=2&channel=EXPLORE&query=Kisumu%20County&pagination_search=true&federated_search_session_id=1bb269ab-8433-46b7-8429-803426a96eda&cursor=eyJzZWN0aW9uX29mZnNldCI6MCwiaXRlbXNfb2Zmc2V0IjoxMjYsInZlcnNpb24iOjF9
2025-09-28 13:14:50,449 - INFO - Scraping page 8
2025-09-28 13:14:50,456 - INFO - Scraping current page: https://www.airbnb.com/s/Kisumu-County/homes?place_id=ChIJ3_PD7Z-lKhgR71EwTssPkhY&refinement_paths%5B%5D=%2Fhomes&flexible_trip_lengths%5B%5D=weekend_trip&flexible_trip_lengths%5B%5D=weekend_trip&date_picker_type=flexible_dates&search_type%5B%5D=HOMEPAGE_CAROUSEL_CLICK&search_type%5B%5D=user_map_move&monthly_start_date=2025-10-01&monthly_length=3&monthly_end_date=2026-01-01&search_mode=regular_search&price_filter_input_type=2&price_filter_num_nights=2&channel=EXPLORE&query=Kisumu%20County&pagination_search=true&federated_search_session_id=1bb269ab-8433-46b7-8429-803426a96eda&cursor=eyJzZWN0aW9uX29mZnNldCI6MCwiaXRlbXNfb2Zmc2V0IjoxMjYsInZlcnNpb24iOjF9
2025-09-28 13:14:50,464 - INFO - Found 18 listings on current page
2025-09-28 13:14:51,432 - INFO - Processed 10 listings...
2025-09-28 13:14:52,091 - INFO - Total listings collected so far: 144
2025-09-28 13:14:52,096 - INFO - Navigating to next page: https://www.airbnb.com/s/Kisumu-County/homes?place_id=ChIJ3_PD7Z-lKhgR71EwTssPkhY&refinement_paths%5B%5D=%2Fhomes&flexible_trip_lengths%5B%5D=weekend_trip&flexible_trip_lengths%5B%5D=weekend_trip&date_picker_type=flexible_dates&search_type%5B%5D=HOMEPAGE_CAROUSEL_CLICK&search_type%5B%5D=user_map_move&monthly_start_date=2025-10-01&monthly_length=3&monthly_end_date=2026-01-01&search_mode=regular_search&price_filter_input_type=2&price_filter_num_nights=2&channel=EXPLORE&query=Kisumu%20County&pagination_search=true&federated_search_session_id=1bb269ab-8433-46b7-8429-803426a96eda&cursor=eyJzZWN0aW9uX29mZnNldCI6MCwiaXRlbXNfb2Zmc2V0IjoxNDQsInZlcnNpb24iOjF9
2025-09-28 13:14:54,984 - INFO - Scraping page 9
2025-09-28 13:14:54,990 - INFO - Scraping current page: https://www.airbnb.com/s/Kisumu-County/homes?place_id=ChIJ3_PD7Z-lKhgR71EwTssPkhY&refinement_paths%5B%5D=%2Fhomes&flexible_trip_lengths%5B%5D=weekend_trip&flexible_trip_lengths%5B%5D=weekend_trip&date_picker_type=flexible_dates&search_type%5B%5D=HOMEPAGE_CAROUSEL_CLICK&search_type%5B%5D=user_map_move&monthly_start_date=2025-10-01&monthly_length=3&monthly_end_date=2026-01-01&search_mode=regular_search&price_filter_input_type=2&price_filter_num_nights=2&channel=EXPLORE&query=Kisumu%20County&pagination_search=true&federated_search_session_id=1bb269ab-8433-46b7-8429-803426a96eda&cursor=eyJzZWN0aW9uX29mZnNldCI6MCwiaXRlbXNfb2Zmc2V0IjoxNDQsInZlcnNpb24iOjF9
2025-09-28 13:14:54,999 - INFO - Found 18 listings on current page
2025-09-28 13:14:55,973 - INFO - Processed 10 listings...
2025-09-28 13:14:56,641 - INFO - Total listings collected so far: 162
2025-09-28 13:14:56,647 - INFO - Navigating to next page: https://www.airbnb.com/s/Kisumu-County/homes?place_id=ChIJ3_PD7Z-lKhgR71EwTssPkhY&refinement_paths%5B%5D=%2Fhomes&flexible_trip_lengths%5B%5D=weekend_trip&flexible_trip_lengths%5B%5D=weekend_trip&date_picker_type=flexible_dates&search_type%5B%5D=HOMEPAGE_CAROUSEL_CLICK&search_type%5B%5D=user_map_move&monthly_start_date=2025-10-01&monthly_length=3&monthly_end_date=2026-01-01&search_mode=regular_search&price_filter_input_type=2&price_filter_num_nights=2&channel=EXPLORE&query=Kisumu%20County&pagination_search=true&federated_search_session_id=1bb269ab-8433-46b7-8429-803426a96eda&cursor=eyJzZWN0aW9uX29mZnNldCI6MCwiaXRlbXNfb2Zmc2V0IjoxNjIsInZlcnNpb24iOjF9
2025-09-28 13:14:59,519 - INFO - Scraping page 10
2025-09-28 13:14:59,524 - INFO - Scraping current page: https://www.airbnb.com/s/Kisumu-County/homes?place_id=ChIJ3_PD7Z-lKhgR71EwTssPkhY&refinement_paths%5B%5D=%2Fhomes&flexible_trip_lengths%5B%5D=weekend_trip&flexible_trip_lengths%5B%5D=weekend_trip&date_picker_type=flexible_dates&search_type%5B%5D=HOMEPAGE_CAROUSEL_CLICK&search_type%5B%5D=user_map_move&monthly_start_date=2025-10-01&monthly_length=3&monthly_end_date=2026-01-01&search_mode=regular_search&price_filter_input_type=2&price_filter_num_nights=2&channel=EXPLORE&query=Kisumu%20County&pagination_search=true&federated_search_session_id=1bb269ab-8433-46b7-8429-803426a96eda&cursor=eyJzZWN0aW9uX29mZnNldCI6MCwiaXRlbXNfb2Zmc2V0IjoxNjIsInZlcnNpb24iOjF9
2025-09-28 13:14:59,532 - INFO - Found 18 listings on current page
2025-09-28 13:15:00,500 - INFO - Processed 10 listings...
2025-09-28 13:15:01,157 - INFO - Total listings collected so far: 180
2025-09-28 13:15:01,158 - INFO - Reached maximum page limit: 10
2025-09-28 13:15:01,158 - INFO - Scraping completed. Total listings: 180
2025-09-28 13:15:01,158 - INFO - Collected 180 listings for Kisumu County
_
_
Guest favorite
Guest favorite
Apartment in Kisumu
KSh 3
2025-09-28 13:15:01,158 - INFO - Total listings so far: 180
2025-09-28 13:15:03,338 - INFO - 
--- Processing Location 4/3: Mombasa
_
_
Guest favorite
Guest favorite
Apartment in Mombasa
KSh 4 ---
2025-09-28 13:15:03,339 - INFO - Search URL: https://www.airbnb.com/s/Mombasa/homes?place_id=ChIJM45ffcMMQBgRLEF4BSSBr7A&refinement_paths%5B%5D=%2Fhomes&flexible_trip_lengths%5B%5D=weekend_trip&date_picker_type=FLEXIBLE_DATES&search_type=HOMEPAGE_CAROUSEL_CLICK&flexible_trip_lengths[]=weekend_trip&date_picker_type=flexible_dates&search_type=user_map_move&monthly_start_date=2025-10-01&monthly_length=3&monthly_end_date=2026-01-01&search_mode=regular_search&price_filter_input_type=2&price_filter_num_nights=2&channel=EXPLORE
2025-09-28 13:15:03,339 - INFO - ====== WebDriver manager ======
2025-09-28 13:15:03,868 - INFO - Get LATEST chromedriver version for google-chrome
2025-09-28 13:15:04,159 - INFO - Get LATEST chromedriver version for google-chrome
2025-09-28 13:15:04,477 - INFO - Driver [/Users/brianrono/.wdm/drivers/chromedriver/mac64/140.0.7339.207/chromedriver-mac-arm64/chromedriver] found in cache
2025-09-28 13:15:05,617 - INFO - Starting scrape of all pages from: https://www.airbnb.com/s/Mombasa/homes?place_id=ChIJM45ffcMMQBgRLEF4BSSBr7A&refinement_paths%5B%5D=%2Fhomes&flexible_trip_lengths%5B%5D=weekend_trip&date_picker_type=FLEXIBLE_DATES&search_type=HOMEPAGE_CAROUSEL_CLICK&flexible_trip_lengths[]=weekend_trip&date_picker_type=flexible_dates&search_type=user_map_move&monthly_start_date=2025-10-01&monthly_length=3&monthly_end_date=2026-01-01&search_mode=regular_search&price_filter_input_type=2&price_filter_num_nights=2&channel=EXPLORE
2025-09-28 13:15:25,322 - INFO - No translation popup found.
2025-09-28 13:15:25,336 - INFO - Scraping page 1
2025-09-28 13:15:25,340 - INFO - Scraping current page: https://www.airbnb.com/s/Mombasa/homes?place_id=ChIJM45ffcMMQBgRLEF4BSSBr7A&refinement_paths%5B%5D=%2Fhomes&flexible_trip_lengths%5B%5D=weekend_trip&date_picker_type=FLEXIBLE_DATES&search_type=HOMEPAGE_CAROUSEL_CLICK&flexible_trip_lengths[]=weekend_trip&date_picker_type=flexible_dates&search_type=user_map_move&monthly_start_date=2025-10-01&monthly_length=3&monthly_end_date=2026-01-01&search_mode=regular_search&price_filter_input_type=2&price_filter_num_nights=2&channel=EXPLORE
2025-09-28 13:15:25,359 - INFO - Found 18 listings on current page
2025-09-28 13:15:26,261 - INFO - Processed 10 listings...
2025-09-28 13:15:26,937 - INFO - Total listings collected so far: 18
2025-09-28 13:15:26,945 - INFO - Navigating to next page: https://www.airbnb.com/s/Mombasa/homes?place_id=ChIJM45ffcMMQBgRLEF4BSSBr7A&refinement_paths%5B%5D=%2Fhomes&flexible_trip_lengths%5B%5D=weekend_trip&flexible_trip_lengths%5B%5D=weekend_trip&date_picker_type=flexible_dates&search_type%5B%5D=HOMEPAGE_CAROUSEL_CLICK&search_type%5B%5D=user_map_move&monthly_start_date=2025-10-01&monthly_length=3&monthly_end_date=2026-01-01&search_mode=regular_search&price_filter_input_type=2&price_filter_num_nights=2&channel=EXPLORE&query=Mombasa&federated_search_session_id=74f35577-d327-4ee5-bfe8-a439871d2faa&pagination_search=true&cursor=eyJzZWN0aW9uX29mZnNldCI6MCwiaXRlbXNfb2Zmc2V0IjoxOCwidmVyc2lvbiI6MX0%3D
2025-09-28 13:15:29,865 - INFO - Scraping page 2
2025-09-28 13:15:29,878 - INFO - Scraping current page: https://www.airbnb.com/s/Mombasa/homes?place_id=ChIJM45ffcMMQBgRLEF4BSSBr7A&refinement_paths%5B%5D=%2Fhomes&flexible_trip_lengths%5B%5D=weekend_trip&flexible_trip_lengths%5B%5D=weekend_trip&date_picker_type=flexible_dates&search_type%5B%5D=HOMEPAGE_CAROUSEL_CLICK&search_type%5B%5D=user_map_move&monthly_start_date=2025-10-01&monthly_length=3&monthly_end_date=2026-01-01&search_mode=regular_search&price_filter_input_type=2&price_filter_num_nights=2&channel=EXPLORE&query=Mombasa&federated_search_session_id=74f35577-d327-4ee5-bfe8-a439871d2faa&pagination_search=true&cursor=eyJzZWN0aW9uX29mZnNldCI6MCwiaXRlbXNfb2Zmc2V0IjoxOCwidmVyc2lvbiI6MX0%3D
2025-09-28 13:15:29,902 - INFO - Found 18 listings on current page
2025-09-28 13:15:30,804 - INFO - Processed 10 listings...
2025-09-28 13:15:31,470 - INFO - Total listings collected so far: 36
2025-09-28 13:15:31,477 - INFO - Navigating to next page: https://www.airbnb.com/s/Mombasa/homes?place_id=ChIJM45ffcMMQBgRLEF4BSSBr7A&refinement_paths%5B%5D=%2Fhomes&flexible_trip_lengths%5B%5D=weekend_trip&flexible_trip_lengths%5B%5D=weekend_trip&date_picker_type=flexible_dates&search_type%5B%5D=HOMEPAGE_CAROUSEL_CLICK&search_type%5B%5D=user_map_move&monthly_start_date=2025-10-01&monthly_length=3&monthly_end_date=2026-01-01&search_mode=regular_search&price_filter_input_type=2&price_filter_num_nights=2&channel=EXPLORE&query=Mombasa&pagination_search=true&federated_search_session_id=74f35577-d327-4ee5-bfe8-a439871d2faa&cursor=eyJzZWN0aW9uX29mZnNldCI6MCwiaXRlbXNfb2Zmc2V0IjozNiwidmVyc2lvbiI6MX0%3D
2025-09-28 13:15:34,496 - INFO - Scraping page 3
2025-09-28 13:15:34,504 - INFO - Scraping current page: https://www.airbnb.com/s/Mombasa/homes?place_id=ChIJM45ffcMMQBgRLEF4BSSBr7A&refinement_paths%5B%5D=%2Fhomes&flexible_trip_lengths%5B%5D=weekend_trip&flexible_trip_lengths%5B%5D=weekend_trip&date_picker_type=flexible_dates&search_type%5B%5D=HOMEPAGE_CAROUSEL_CLICK&search_type%5B%5D=user_map_move&monthly_start_date=2025-10-01&monthly_length=3&monthly_end_date=2026-01-01&search_mode=regular_search&price_filter_input_type=2&price_filter_num_nights=2&channel=EXPLORE&query=Mombasa&pagination_search=true&federated_search_session_id=74f35577-d327-4ee5-bfe8-a439871d2faa&cursor=eyJzZWN0aW9uX29mZnNldCI6MCwiaXRlbXNfb2Zmc2V0IjozNiwidmVyc2lvbiI6MX0%3D
2025-09-28 13:15:34,518 - INFO - Found 18 listings on current page
2025-09-28 13:15:35,415 - INFO - Processed 10 listings...
2025-09-28 13:15:36,138 - INFO - Total listings collected so far: 54
2025-09-28 13:15:36,145 - INFO - Navigating to next page: https://www.airbnb.com/s/Mombasa/homes?place_id=ChIJM45ffcMMQBgRLEF4BSSBr7A&refinement_paths%5B%5D=%2Fhomes&flexible_trip_lengths%5B%5D=weekend_trip&flexible_trip_lengths%5B%5D=weekend_trip&date_picker_type=flexible_dates&search_type%5B%5D=HOMEPAGE_CAROUSEL_CLICK&search_type%5B%5D=user_map_move&monthly_start_date=2025-10-01&monthly_length=3&monthly_end_date=2026-01-01&search_mode=regular_search&price_filter_input_type=2&price_filter_num_nights=2&channel=EXPLORE&query=Mombasa&pagination_search=true&federated_search_session_id=74f35577-d327-4ee5-bfe8-a439871d2faa&cursor=eyJzZWN0aW9uX29mZnNldCI6MCwiaXRlbXNfb2Zmc2V0Ijo1NCwidmVyc2lvbiI6MX0%3D
2025-09-28 13:15:39,010 - INFO - Scraping page 4
2025-09-28 13:15:39,023 - INFO - Scraping current page: https://www.airbnb.com/s/Mombasa/homes?place_id=ChIJM45ffcMMQBgRLEF4BSSBr7A&refinement_paths%5B%5D=%2Fhomes&flexible_trip_lengths%5B%5D=weekend_trip&flexible_trip_lengths%5B%5D=weekend_trip&date_picker_type=flexible_dates&search_type%5B%5D=HOMEPAGE_CAROUSEL_CLICK&search_type%5B%5D=user_map_move&monthly_start_date=2025-10-01&monthly_length=3&monthly_end_date=2026-01-01&search_mode=regular_search&price_filter_input_type=2&price_filter_num_nights=2&channel=EXPLORE&query=Mombasa&pagination_search=true&federated_search_session_id=74f35577-d327-4ee5-bfe8-a439871d2faa&cursor=eyJzZWN0aW9uX29mZnNldCI6MCwiaXRlbXNfb2Zmc2V0Ijo1NCwidmVyc2lvbiI6MX0%3D
2025-09-28 13:15:42,244 - INFO - Found 18 listings on current page
2025-09-28 13:15:43,438 - INFO - Processed 10 listings...
2025-09-28 13:15:44,220 - INFO - Total listings collected so far: 72
2025-09-28 13:15:44,227 - INFO - Navigating to next page: https://www.airbnb.com/s/Mombasa/homes?place_id=ChIJM45ffcMMQBgRLEF4BSSBr7A&refinement_paths%5B%5D=%2Fhomes&flexible_trip_lengths%5B%5D=weekend_trip&flexible_trip_lengths%5B%5D=weekend_trip&date_picker_type=flexible_dates&search_type%5B%5D=HOMEPAGE_CAROUSEL_CLICK&search_type%5B%5D=user_map_move&monthly_start_date=2025-10-01&monthly_length=3&monthly_end_date=2026-01-01&search_mode=regular_search&price_filter_input_type=2&price_filter_num_nights=2&channel=EXPLORE&query=Mombasa&pagination_search=true&federated_search_session_id=74f35577-d327-4ee5-bfe8-a439871d2faa&cursor=eyJzZWN0aW9uX29mZnNldCI6MCwiaXRlbXNfb2Zmc2V0Ijo3MiwidmVyc2lvbiI6MX0%3D
2025-09-28 13:15:47,099 - INFO - Scraping page 5
2025-09-28 13:15:47,115 - INFO - Scraping current page: https://www.airbnb.com/s/Mombasa/homes?place_id=ChIJM45ffcMMQBgRLEF4BSSBr7A&refinement_paths%5B%5D=%2Fhomes&flexible_trip_lengths%5B%5D=weekend_trip&flexible_trip_lengths%5B%5D=weekend_trip&date_picker_type=flexible_dates&search_type%5B%5D=HOMEPAGE_CAROUSEL_CLICK&search_type%5B%5D=user_map_move&monthly_start_date=2025-10-01&monthly_length=3&monthly_end_date=2026-01-01&search_mode=regular_search&price_filter_input_type=2&price_filter_num_nights=2&channel=EXPLORE&query=Mombasa&pagination_search=true&federated_search_session_id=74f35577-d327-4ee5-bfe8-a439871d2faa&cursor=eyJzZWN0aW9uX29mZnNldCI6MCwiaXRlbXNfb2Zmc2V0Ijo3MiwidmVyc2lvbiI6MX0%3D
2025-09-28 13:15:47,131 - INFO - Found 18 listings on current page
2025-09-28 13:15:48,116 - INFO - Processed 10 listings...
2025-09-28 13:15:48,776 - INFO - Total listings collected so far: 90
2025-09-28 13:15:48,782 - INFO - Navigating to next page: https://www.airbnb.com/s/Mombasa/homes?place_id=ChIJM45ffcMMQBgRLEF4BSSBr7A&refinement_paths%5B%5D=%2Fhomes&flexible_trip_lengths%5B%5D=weekend_trip&flexible_trip_lengths%5B%5D=weekend_trip&date_picker_type=flexible_dates&search_type%5B%5D=HOMEPAGE_CAROUSEL_CLICK&search_type%5B%5D=user_map_move&monthly_start_date=2025-10-01&monthly_length=3&monthly_end_date=2026-01-01&search_mode=regular_search&price_filter_input_type=2&price_filter_num_nights=2&channel=EXPLORE&query=Mombasa&pagination_search=true&federated_search_session_id=74f35577-d327-4ee5-bfe8-a439871d2faa&cursor=eyJzZWN0aW9uX29mZnNldCI6MCwiaXRlbXNfb2Zmc2V0Ijo5MCwidmVyc2lvbiI6MX0%3D
2025-09-28 13:15:51,603 - INFO - Scraping page 6
2025-09-28 13:15:51,608 - INFO - Scraping current page: https://www.airbnb.com/s/Mombasa/homes?place_id=ChIJM45ffcMMQBgRLEF4BSSBr7A&refinement_paths%5B%5D=%2Fhomes&flexible_trip_lengths%5B%5D=weekend_trip&flexible_trip_lengths%5B%5D=weekend_trip&date_picker_type=flexible_dates&search_type%5B%5D=HOMEPAGE_CAROUSEL_CLICK&search_type%5B%5D=user_map_move&monthly_start_date=2025-10-01&monthly_length=3&monthly_end_date=2026-01-01&search_mode=regular_search&price_filter_input_type=2&price_filter_num_nights=2&channel=EXPLORE&query=Mombasa&pagination_search=true&federated_search_session_id=74f35577-d327-4ee5-bfe8-a439871d2faa&cursor=eyJzZWN0aW9uX29mZnNldCI6MCwiaXRlbXNfb2Zmc2V0Ijo5MCwidmVyc2lvbiI6MX0%3D
2025-09-28 13:15:51,621 - INFO - Found 18 listings on current page
2025-09-28 13:15:52,600 - INFO - Processed 10 listings...
2025-09-28 13:15:53,302 - INFO - Total listings collected so far: 108
2025-09-28 13:15:53,309 - INFO - Navigating to next page: https://www.airbnb.com/s/Mombasa/homes?place_id=ChIJM45ffcMMQBgRLEF4BSSBr7A&refinement_paths%5B%5D=%2Fhomes&flexible_trip_lengths%5B%5D=weekend_trip&flexible_trip_lengths%5B%5D=weekend_trip&date_picker_type=flexible_dates&search_type%5B%5D=HOMEPAGE_CAROUSEL_CLICK&search_type%5B%5D=user_map_move&monthly_start_date=2025-10-01&monthly_length=3&monthly_end_date=2026-01-01&search_mode=regular_search&price_filter_input_type=2&price_filter_num_nights=2&channel=EXPLORE&query=Mombasa&pagination_search=true&federated_search_session_id=74f35577-d327-4ee5-bfe8-a439871d2faa&cursor=eyJzZWN0aW9uX29mZnNldCI6MCwiaXRlbXNfb2Zmc2V0IjoxMDgsInZlcnNpb24iOjF9
2025-09-28 13:15:56,183 - INFO - Scraping page 7
2025-09-28 13:15:56,189 - INFO - Scraping current page: https://www.airbnb.com/s/Mombasa/homes?place_id=ChIJM45ffcMMQBgRLEF4BSSBr7A&refinement_paths%5B%5D=%2Fhomes&flexible_trip_lengths%5B%5D=weekend_trip&flexible_trip_lengths%5B%5D=weekend_trip&date_picker_type=flexible_dates&search_type%5B%5D=HOMEPAGE_CAROUSEL_CLICK&search_type%5B%5D=user_map_move&monthly_start_date=2025-10-01&monthly_length=3&monthly_end_date=2026-01-01&search_mode=regular_search&price_filter_input_type=2&price_filter_num_nights=2&channel=EXPLORE&query=Mombasa&pagination_search=true&federated_search_session_id=74f35577-d327-4ee5-bfe8-a439871d2faa&cursor=eyJzZWN0aW9uX29mZnNldCI6MCwiaXRlbXNfb2Zmc2V0IjoxMDgsInZlcnNpb24iOjF9
2025-09-28 13:15:56,201 - INFO - Found 18 listings on current page
2025-09-28 13:15:57,180 - INFO - Processed 10 listings...
2025-09-28 13:15:57,833 - INFO - Total listings collected so far: 126
2025-09-28 13:15:57,838 - INFO - Navigating to next page: https://www.airbnb.com/s/Mombasa/homes?place_id=ChIJM45ffcMMQBgRLEF4BSSBr7A&refinement_paths%5B%5D=%2Fhomes&flexible_trip_lengths%5B%5D=weekend_trip&flexible_trip_lengths%5B%5D=weekend_trip&date_picker_type=flexible_dates&search_type%5B%5D=HOMEPAGE_CAROUSEL_CLICK&search_type%5B%5D=user_map_move&monthly_start_date=2025-10-01&monthly_length=3&monthly_end_date=2026-01-01&search_mode=regular_search&price_filter_input_type=2&price_filter_num_nights=2&channel=EXPLORE&query=Mombasa&pagination_search=true&federated_search_session_id=74f35577-d327-4ee5-bfe8-a439871d2faa&cursor=eyJzZWN0aW9uX29mZnNldCI6MCwiaXRlbXNfb2Zmc2V0IjoxMjYsInZlcnNpb24iOjF9
2025-09-28 13:16:00,666 - INFO - Scraping page 8
2025-09-28 13:16:00,674 - INFO - Scraping current page: https://www.airbnb.com/s/Mombasa/homes?place_id=ChIJM45ffcMMQBgRLEF4BSSBr7A&refinement_paths%5B%5D=%2Fhomes&flexible_trip_lengths%5B%5D=weekend_trip&flexible_trip_lengths%5B%5D=weekend_trip&date_picker_type=flexible_dates&search_type%5B%5D=HOMEPAGE_CAROUSEL_CLICK&search_type%5B%5D=user_map_move&monthly_start_date=2025-10-01&monthly_length=3&monthly_end_date=2026-01-01&search_mode=regular_search&price_filter_input_type=2&price_filter_num_nights=2&channel=EXPLORE&query=Mombasa&pagination_search=true&federated_search_session_id=74f35577-d327-4ee5-bfe8-a439871d2faa&cursor=eyJzZWN0aW9uX29mZnNldCI6MCwiaXRlbXNfb2Zmc2V0IjoxMjYsInZlcnNpb24iOjF9
2025-09-28 13:16:00,688 - INFO - Found 18 listings on current page
2025-09-28 13:16:01,674 - INFO - Processed 10 listings...
2025-09-28 13:16:02,325 - INFO - Total listings collected so far: 144
2025-09-28 13:16:02,332 - INFO - Navigating to next page: https://www.airbnb.com/s/Mombasa/homes?place_id=ChIJM45ffcMMQBgRLEF4BSSBr7A&refinement_paths%5B%5D=%2Fhomes&flexible_trip_lengths%5B%5D=weekend_trip&flexible_trip_lengths%5B%5D=weekend_trip&date_picker_type=flexible_dates&search_type%5B%5D=HOMEPAGE_CAROUSEL_CLICK&search_type%5B%5D=user_map_move&monthly_start_date=2025-10-01&monthly_length=3&monthly_end_date=2026-01-01&search_mode=regular_search&price_filter_input_type=2&price_filter_num_nights=2&channel=EXPLORE&query=Mombasa&pagination_search=true&federated_search_session_id=74f35577-d327-4ee5-bfe8-a439871d2faa&cursor=eyJzZWN0aW9uX29mZnNldCI6MCwiaXRlbXNfb2Zmc2V0IjoxNDQsInZlcnNpb24iOjF9
2025-09-28 13:16:05,231 - INFO - Scraping page 9
2025-09-28 13:16:05,240 - INFO - Scraping current page: https://www.airbnb.com/s/Mombasa/homes?place_id=ChIJM45ffcMMQBgRLEF4BSSBr7A&refinement_paths%5B%5D=%2Fhomes&flexible_trip_lengths%5B%5D=weekend_trip&flexible_trip_lengths%5B%5D=weekend_trip&date_picker_type=flexible_dates&search_type%5B%5D=HOMEPAGE_CAROUSEL_CLICK&search_type%5B%5D=user_map_move&monthly_start_date=2025-10-01&monthly_length=3&monthly_end_date=2026-01-01&search_mode=regular_search&price_filter_input_type=2&price_filter_num_nights=2&channel=EXPLORE&query=Mombasa&pagination_search=true&federated_search_session_id=74f35577-d327-4ee5-bfe8-a439871d2faa&cursor=eyJzZWN0aW9uX29mZnNldCI6MCwiaXRlbXNfb2Zmc2V0IjoxNDQsInZlcnNpb24iOjF9
2025-09-28 13:16:05,248 - INFO - Found 18 listings on current page
2025-09-28 13:16:06,276 - INFO - Processed 10 listings...
2025-09-28 13:16:07,021 - INFO - Total listings collected so far: 162
2025-09-28 13:16:07,028 - INFO - Navigating to next page: https://www.airbnb.com/s/Mombasa/homes?place_id=ChIJM45ffcMMQBgRLEF4BSSBr7A&refinement_paths%5B%5D=%2Fhomes&flexible_trip_lengths%5B%5D=weekend_trip&flexible_trip_lengths%5B%5D=weekend_trip&date_picker_type=flexible_dates&search_type%5B%5D=HOMEPAGE_CAROUSEL_CLICK&search_type%5B%5D=user_map_move&monthly_start_date=2025-10-01&monthly_length=3&monthly_end_date=2026-01-01&search_mode=regular_search&price_filter_input_type=2&price_filter_num_nights=2&channel=EXPLORE&query=Mombasa&pagination_search=true&federated_search_session_id=74f35577-d327-4ee5-bfe8-a439871d2faa&cursor=eyJzZWN0aW9uX29mZnNldCI6MCwiaXRlbXNfb2Zmc2V0IjoxNjIsInZlcnNpb24iOjF9
2025-09-28 13:16:10,052 - INFO - Scraping page 10
2025-09-28 13:16:10,059 - INFO - Scraping current page: https://www.airbnb.com/s/Mombasa/homes?place_id=ChIJM45ffcMMQBgRLEF4BSSBr7A&refinement_paths%5B%5D=%2Fhomes&flexible_trip_lengths%5B%5D=weekend_trip&flexible_trip_lengths%5B%5D=weekend_trip&date_picker_type=flexible_dates&search_type%5B%5D=HOMEPAGE_CAROUSEL_CLICK&search_type%5B%5D=user_map_move&monthly_start_date=2025-10-01&monthly_length=3&monthly_end_date=2026-01-01&search_mode=regular_search&price_filter_input_type=2&price_filter_num_nights=2&channel=EXPLORE&query=Mombasa&pagination_search=true&federated_search_session_id=74f35577-d327-4ee5-bfe8-a439871d2faa&cursor=eyJzZWN0aW9uX29mZnNldCI6MCwiaXRlbXNfb2Zmc2V0IjoxNjIsInZlcnNpb24iOjF9
2025-09-28 13:16:10,071 - INFO - Found 18 listings on current page
2025-09-28 13:16:10,970 - INFO - Processed 10 listings...
2025-09-28 13:16:11,685 - INFO - Total listings collected so far: 180
2025-09-28 13:16:11,685 - INFO - Reached maximum page limit: 10
2025-09-28 13:16:11,685 - INFO - Scraping completed. Total listings: 180
2025-09-28 13:16:11,686 - INFO - Collected 180 listings for Mombasa
_
_
Guest favorite
Guest favorite
Apartment in Mombasa
KSh 4
2025-09-28 13:16:11,686 - INFO - Total listings so far: 360
2025-09-28 13:16:13,845 - INFO - 
--- Processing Location 7/3: Kiambu next weekend
_
_
Guest favorite
Guest favorite
Apartment in Ruaka
KSh 7 ---
2025-09-28 13:16:13,845 - INFO - Search URL: https://www.airbnb.com/s/Kiambu/homes?place_id=ChIJzzbxsmA2LxgRaR7dqAnEjOY&refinement_paths%5B%5D=%2Fhomes&date_picker_type=CALENDAR&checkin=2025-10-03&checkout=2025-10-05&search_type=HOMEPAGE_CAROUSEL_CLICK&flexible_trip_lengths[]=weekend_trip&date_picker_type=flexible_dates&search_type=user_map_move&monthly_start_date=2025-10-01&monthly_length=3&monthly_end_date=2026-01-01&search_mode=regular_search&price_filter_input_type=2&price_filter_num_nights=2&channel=EXPLORE
2025-09-28 13:16:13,845 - INFO - ====== WebDriver manager ======
2025-09-28 13:16:14,331 - INFO - Get LATEST chromedriver version for google-chrome
2025-09-28 13:16:14,614 - INFO - Get LATEST chromedriver version for google-chrome
2025-09-28 13:16:14,926 - INFO - Driver [/Users/brianrono/.wdm/drivers/chromedriver/mac64/140.0.7339.207/chromedriver-mac-arm64/chromedriver] found in cache
2025-09-28 13:16:16,098 - INFO - Starting scrape of all pages from: https://www.airbnb.com/s/Kiambu/homes?place_id=ChIJzzbxsmA2LxgRaR7dqAnEjOY&refinement_paths%5B%5D=%2Fhomes&date_picker_type=CALENDAR&checkin=2025-10-03&checkout=2025-10-05&search_type=HOMEPAGE_CAROUSEL_CLICK&flexible_trip_lengths[]=weekend_trip&date_picker_type=flexible_dates&search_type=user_map_move&monthly_start_date=2025-10-01&monthly_length=3&monthly_end_date=2026-01-01&search_mode=regular_search&price_filter_input_type=2&price_filter_num_nights=2&channel=EXPLORE
2025-09-28 13:16:36,204 - INFO - No translation popup found.
2025-09-28 13:16:36,218 - INFO - Scraping page 1
2025-09-28 13:16:36,223 - INFO - Scraping current page: https://www.airbnb.com/s/Kiambu/homes?place_id=ChIJzzbxsmA2LxgRaR7dqAnEjOY&refinement_paths%5B%5D=%2Fhomes&date_picker_type=CALENDAR&checkin=2025-10-03&checkout=2025-10-05&search_type=HOMEPAGE_CAROUSEL_CLICK&flexible_trip_lengths[]=weekend_trip&date_picker_type=flexible_dates&search_type=user_map_move&monthly_start_date=2025-10-01&monthly_length=3&monthly_end_date=2026-01-01&search_mode=regular_search&price_filter_input_type=2&price_filter_num_nights=2&channel=EXPLORE
2025-09-28 13:16:36,244 - INFO - Found 24 listings on current page
2025-09-28 13:16:37,285 - INFO - Processed 10 listings...
2025-09-28 13:16:38,242 - INFO - Processed 20 listings...
2025-09-28 13:16:38,589 - INFO - Total listings collected so far: 24
2025-09-28 13:16:38,598 - INFO - Navigating to next page: https://www.airbnb.com/s/Kiambu/homes?place_id=ChIJzzbxsmA2LxgRaR7dqAnEjOY&refinement_paths%5B%5D=%2Fhomes&date_picker_type=calendar&checkin=2025-10-03&checkout=2025-10-05&search_type%5B%5D=HOMEPAGE_CAROUSEL_CLICK&search_type%5B%5D=user_map_move&flexible_trip_lengths%5B%5D=weekend_trip&monthly_start_date=2025-10-01&monthly_length=3&monthly_end_date=2026-01-01&search_mode=regular_search&price_filter_input_type=2&price_filter_num_nights=2&channel=EXPLORE&query=Kiambu&federated_search_session_id=b9ac63ee-d75d-416c-a1da-08cd8b1e9902&pagination_search=true&cursor=eyJzZWN0aW9uX29mZnNldCI6MCwiaXRlbXNfb2Zmc2V0IjoxOCwidmVyc2lvbiI6MX0%3D
2025-09-28 13:16:41,691 - INFO - Scraping page 2
2025-09-28 13:16:41,698 - INFO - Scraping current page: https://www.airbnb.com/s/Kiambu/homes?place_id=ChIJzzbxsmA2LxgRaR7dqAnEjOY&refinement_paths%5B%5D=%2Fhomes&date_picker_type=calendar&checkin=2025-10-03&checkout=2025-10-05&search_type%5B%5D=HOMEPAGE_CAROUSEL_CLICK&search_type%5B%5D=user_map_move&flexible_trip_lengths%5B%5D=weekend_trip&monthly_start_date=2025-10-01&monthly_length=3&monthly_end_date=2026-01-01&search_mode=regular_search&price_filter_input_type=2&price_filter_num_nights=2&channel=EXPLORE&query=Kiambu&federated_search_session_id=b9ac63ee-d75d-416c-a1da-08cd8b1e9902&pagination_search=true&cursor=eyJzZWN0aW9uX29mZnNldCI6MCwiaXRlbXNfb2Zmc2V0IjoxOCwidmVyc2lvbiI6MX0%3D
2025-09-28 13:16:57,180 - WARNING - No listings found on current page
2025-09-28 13:16:57,182 - INFO - Total listings collected so far: 24
2025-09-28 13:16:57,190 - INFO - No more pages found
2025-09-28 13:16:57,190 - INFO - Scraping completed. Total listings: 24
2025-09-28 13:16:57,190 - INFO - Collected 24 listings for Kiambu next weekend
_
_
Guest favorite
Guest favorite
Apartment in Ruaka
KSh 7
2025-09-28 13:16:57,190 - INFO - Total listings so far: 384
2025-09-28 13:16:59,347 - INFO - Total listings collected: 384
2025-09-28 13:16:59,347 - INFO - Listings saved to: airbnb_data_20250928_131333/step2_listings.csv
2025-09-28 13:16:59,348 - INFO - === STEP 3: Extracting Reviews for All Listings ===
2025-09-28 13:16:59,351 - INFO - Processing reviews for 384 valid listings
2025-09-28 13:16:59,351 - INFO - 
--- Processing Listing 1/384: 1471196943830109415 in Kisumu County
_
_
Guest favorite
Guest favorite
Apartment in Kisumu
KSh 3 ---
2025-09-28 13:16:59,352 - INFO - ====== WebDriver manager ======
2025-09-28 13:16:59,831 - INFO - Get LATEST chromedriver version for google-chrome
2025-09-28 13:17:00,171 - INFO - Get LATEST chromedriver version for google-chrome
2025-09-28 13:17:00,462 - INFO - Driver [/Users/brianrono/.wdm/drivers/chromedriver/mac64/140.0.7339.207/chromedriver-mac-arm64/chromedriver] found in cache
2025-09-28 13:17:43,509 - WARNING - No reviews found for property 1471196943830109415
2025-09-28 13:17:43,642 - INFO - Progress: 0 successful, 1 failed
2025-09-28 13:17:44,648 - INFO - 
--- Processing Listing 2/384: 1188235911014047903 in Kisumu County
_
_
Guest favorite
Guest favorite
Apartment in Kisumu
KSh 3 ---
2025-09-28 13:17:44,650 - INFO - ====== WebDriver manager ======
2025-09-28 13:17:45,161 - INFO - Get LATEST chromedriver version for google-chrome
2025-09-28 13:17:45,452 - INFO - Get LATEST chromedriver version for google-chrome
2025-09-28 13:17:45,765 - INFO - Driver [/Users/brianrono/.wdm/drivers/chromedriver/mac64/140.0.7339.207/chromedriver-mac-arm64/chromedriver] found in cache
2025-09-28 13:18:31,971 - INFO - Collected 22 reviews for property 1188235911014047903
2025-09-28 13:18:32,107 - INFO - Progress: 1 successful, 1 failed
2025-09-28 13:18:33,113 - INFO - 
--- Processing Listing 3/384: 602851192342831352 in Kisumu County
_
_
Guest favorite
Guest favorite
Apartment in Kisumu
KSh 3 ---
2025-09-28 13:18:33,114 - INFO - ====== WebDriver manager ======
2025-09-28 13:18:33,941 - INFO - Get LATEST chromedriver version for google-chrome
2025-09-28 13:18:34,224 - INFO - Get LATEST chromedriver version for google-chrome
2025-09-28 13:18:34,530 - INFO - Driver [/Users/brianrono/.wdm/drivers/chromedriver/mac64/140.0.7339.207/chromedriver-mac-arm64/chromedriver] found in cache
2025-09-28 13:19:08,461 - INFO - Collected 69 reviews for property 602851192342831352
2025-09-28 13:19:08,602 - INFO - Progress: 2 successful, 1 failed
2025-09-28 13:19:09,608 - INFO - 
--- Processing Listing 4/384: 753337240571344470 in Kisumu County
_
_
Guest favorite
Guest favorite
Apartment in Kisumu
KSh 3 ---
2025-09-28 13:19:09,609 - INFO - ====== WebDriver manager ======
2025-09-28 13:19:10,139 - INFO - Get LATEST chromedriver version for google-chrome
2025-09-28 13:19:10,425 - INFO - Get LATEST chromedriver version for google-chrome
2025-09-28 13:19:10,738 - INFO - Driver [/Users/brianrono/.wdm/drivers/chromedriver/mac64/140.0.7339.207/chromedriver-mac-arm64/chromedriver] found in cache
2025-09-28 13:19:43,942 - INFO - Collected 51 reviews for property 753337240571344470
2025-09-28 13:19:44,065 - INFO - Progress: 3 successful, 1 failed
2025-09-28 13:19:45,071 - INFO - 
--- Processing Listing 5/384: 1507916426590161473 in Kisumu County
_
_
Guest favorite
Guest favorite
Apartment in Kisumu
KSh 3 ---
2025-09-28 13:19:45,072 - INFO - ====== WebDriver manager ======
2025-09-28 13:19:45,593 - INFO - Get LATEST chromedriver version for google-chrome
2025-09-28 13:19:45,881 - INFO - Get LATEST chromedriver version for google-chrome
2025-09-28 13:19:46,193 - INFO - Driver [/Users/brianrono/.wdm/drivers/chromedriver/mac64/140.0.7339.207/chromedriver-mac-arm64/chromedriver] found in cache
2025-09-28 13:20:32,260 - WARNING - No reviews found for property 1507916426590161473
2025-09-28 13:20:32,389 - INFO - Progress: 3 successful, 2 failed
2025-09-28 13:20:33,396 - INFO - 
--- Processing Listing 6/384: 1313233850714402624 in Kisumu County
_
_
Guest favorite
Guest favorite
Apartment in Kisumu
KSh 3 ---
2025-09-28 13:20:33,397 - INFO - ====== WebDriver manager ======
2025-09-28 13:20:33,925 - INFO - Get LATEST chromedriver version for google-chrome
2025-09-28 13:20:34,214 - INFO - Get LATEST chromedriver version for google-chrome
2025-09-28 13:20:34,527 - INFO - Driver [/Users/brianrono/.wdm/drivers/chromedriver/mac64/140.0.7339.207/chromedriver-mac-arm64/chromedriver] found in cache
2025-09-28 13:21:20,999 - INFO - Collected 9 reviews for property 1313233850714402624
2025-09-28 13:21:21,118 - INFO - Progress: 4 successful, 2 failed
2025-09-28 13:21:22,124 - INFO - 
--- Processing Listing 7/384: 1467228695532436470 in Kisumu County
_
_
Guest favorite
Guest favorite
Apartment in Kisumu
KSh 3 ---
2025-09-28 13:21:22,125 - INFO - ====== WebDriver manager ======
2025-09-28 13:21:22,644 - INFO - Get LATEST chromedriver version for google-chrome
2025-09-28 13:21:22,930 - INFO - Get LATEST chromedriver version for google-chrome
2025-09-28 13:21:23,253 - INFO - Driver [/Users/brianrono/.wdm/drivers/chromedriver/mac64/140.0.7339.207/chromedriver-mac-arm64/chromedriver] found in cache
2025-09-28 13:22:06,167 - WARNING - No reviews found for property 1467228695532436470
2025-09-28 13:22:06,298 - INFO - Progress: 4 successful, 3 failed
2025-09-28 13:22:07,305 - INFO - 
--- Processing Listing 8/384: 1219398139452851258 in Kisumu County
_
_
Guest favorite
Guest favorite
Apartment in Kisumu
KSh 3 ---
2025-09-28 13:22:07,305 - INFO - ====== WebDriver manager ======
2025-09-28 13:22:07,822 - INFO - Get LATEST chromedriver version for google-chrome
2025-09-28 13:22:08,112 - INFO - Get LATEST chromedriver version for google-chrome
2025-09-28 13:22:08,428 - INFO - Driver [/Users/brianrono/.wdm/drivers/chromedriver/mac64/140.0.7339.207/chromedriver-mac-arm64/chromedriver] found in cache
2025-09-28 13:22:36,259 - INFO - Collected 20 reviews for property 1219398139452851258
2025-09-28 13:22:36,388 - INFO - Progress: 5 successful, 3 failed
2025-09-28 13:22:37,399 - INFO - 
--- Processing Listing 9/384: 1097142472444766631 in Kisumu County
_
_
Guest favorite
Guest favorite
Apartment in Kisumu
KSh 3 ---
2025-09-28 13:22:37,400 - INFO - ====== WebDriver manager ======
2025-09-28 13:22:37,933 - INFO - Get LATEST chromedriver version for google-chrome
2025-09-28 13:22:38,216 - INFO - Get LATEST chromedriver version for google-chrome
2025-09-28 13:22:38,534 - INFO - Driver [/Users/brianrono/.wdm/drivers/chromedriver/mac64/140.0.7339.207/chromedriver-mac-arm64/chromedriver] found in cache
2025-09-28 13:23:05,817 - INFO - Collected 22 reviews for property 1097142472444766631
2025-09-28 13:23:05,949 - INFO - Progress: 6 successful, 3 failed
2025-09-28 13:23:06,960 - INFO - 
--- Processing Listing 10/384: 1294622134999747650 in Kisumu County
_
_
Guest favorite
Guest favorite
Apartment in Kisumu
KSh 3 ---
2025-09-28 13:23:06,961 - INFO - ====== WebDriver manager ======
2025-09-28 13:23:07,494 - INFO - Get LATEST chromedriver version for google-chrome
2025-09-28 13:23:07,788 - INFO - Get LATEST chromedriver version for google-chrome
2025-09-28 13:23:08,110 - INFO - Driver [/Users/brianrono/.wdm/drivers/chromedriver/mac64/140.0.7339.207/chromedriver-mac-arm64/chromedriver] found in cache
2025-09-28 13:23:53,279 - INFO - Collected 11 reviews for property 1294622134999747650
2025-09-28 13:23:53,416 - INFO - Progress: 7 successful, 3 failed
2025-09-28 13:23:54,427 - INFO - 
--- Processing Listing 11/384: 45589321 in Kisumu County
_
_
Guest favorite
Guest favorite
Apartment in Kisumu
KSh 3 ---
2025-09-28 13:23:54,428 - INFO - ====== WebDriver manager ======
2025-09-28 13:23:54,961 - INFO - Get LATEST chromedriver version for google-chrome
2025-09-28 13:23:55,249 - INFO - Get LATEST chromedriver version for google-chrome
2025-09-28 13:23:55,563 - INFO - Driver [/Users/brianrono/.wdm/drivers/chromedriver/mac64/140.0.7339.207/chromedriver-mac-arm64/chromedriver] found in cache
2025-09-28 13:24:30,767 - INFO - Collected 74 reviews for property 45589321
2025-09-28 13:24:30,890 - INFO - Progress: 8 successful, 3 failed
2025-09-28 13:24:31,901 - INFO - 
--- Processing Listing 12/384: 43988178 in Kisumu County
_
_
Guest favorite
Guest favorite
Apartment in Kisumu
KSh 3 ---
2025-09-28 13:24:31,902 - INFO - ====== WebDriver manager ======
2025-09-28 13:24:32,414 - INFO - Get LATEST chromedriver version for google-chrome
2025-09-28 13:24:32,703 - INFO - Get LATEST chromedriver version for google-chrome
2025-09-28 13:24:33,015 - INFO - Driver [/Users/brianrono/.wdm/drivers/chromedriver/mac64/140.0.7339.207/chromedriver-mac-arm64/chromedriver] found in cache
2025-09-28 13:24:57,995 - WARNING - No reviews found for property 43988178
2025-09-28 13:24:58,121 - INFO - Progress: 8 successful, 4 failed
2025-09-28 13:24:59,128 - INFO - 
--- Processing Listing 13/384: 619379611297294985 in Kisumu County
_
_
Guest favorite
Guest favorite
Apartment in Kisumu
KSh 3 ---
2025-09-28 13:24:59,129 - INFO - ====== WebDriver manager ======
2025-09-28 13:24:59,583 - INFO - Get LATEST chromedriver version for google-chrome
2025-09-28 13:24:59,857 - INFO - Get LATEST chromedriver version for google-chrome
2025-09-28 13:25:00,145 - INFO - Driver [/Users/brianrono/.wdm/drivers/chromedriver/mac64/140.0.7339.207/chromedriver-mac-arm64/chromedriver] found in cache
2025-09-28 13:25:50,188 - INFO - Collected 30 reviews for property 619379611297294985
2025-09-28 13:25:50,328 - INFO - Progress: 9 successful, 4 failed
2025-09-28 13:25:51,334 - INFO - 
--- Processing Listing 14/384: 1095291126169579847 in Kisumu County
_
_
Guest favorite
Guest favorite
Apartment in Kisumu
KSh 3 ---
2025-09-28 13:25:51,336 - INFO - ====== WebDriver manager ======
2025-09-28 13:25:51,808 - INFO - Get LATEST chromedriver version for google-chrome
2025-09-28 13:25:52,090 - INFO - Get LATEST chromedriver version for google-chrome
2025-09-28 13:25:52,399 - INFO - Driver [/Users/brianrono/.wdm/drivers/chromedriver/mac64/140.0.7339.207/chromedriver-mac-arm64/chromedriver] found in cache
2025-09-28 13:26:25,268 - INFO - Collected 31 reviews for property 1095291126169579847
2025-09-28 13:26:25,403 - INFO - Progress: 10 successful, 4 failed
2025-09-28 13:26:26,408 - INFO - 
--- Processing Listing 15/384: 1471219351799657816 in Kisumu County
_
_
Guest favorite
Guest favorite
Apartment in Kisumu
KSh 3 ---
2025-09-28 13:26:26,409 - INFO - ====== WebDriver manager ======
2025-09-28 13:26:26,768 - INFO - Get LATEST chromedriver version for google-chrome
2025-09-28 13:26:27,041 - INFO - Get LATEST chromedriver version for google-chrome
2025-09-28 13:26:27,344 - INFO - Driver [/Users/brianrono/.wdm/drivers/chromedriver/mac64/140.0.7339.207/chromedriver-mac-arm64/chromedriver] found in cache
2025-09-28 13:27:10,713 - WARNING - No reviews found for property 1471219351799657816
2025-09-28 13:27:10,839 - INFO - Progress: 10 successful, 5 failed
2025-09-28 13:27:11,846 - INFO - 
--- Processing Listing 16/384: 1221202806591012043 in Kisumu County
_
_
Guest favorite
Guest favorite
Apartment in Kisumu
KSh 3 ---
2025-09-28 13:27:11,847 - INFO - ====== WebDriver manager ======
2025-09-28 13:27:12,353 - INFO - Get LATEST chromedriver version for google-chrome
2025-09-28 13:27:12,642 - INFO - Get LATEST chromedriver version for google-chrome
2025-09-28 13:27:12,954 - INFO - Driver [/Users/brianrono/.wdm/drivers/chromedriver/mac64/140.0.7339.207/chromedriver-mac-arm64/chromedriver] found in cache
2025-09-28 13:27:59,541 - INFO - Collected 17 reviews for property 1221202806591012043
2025-09-28 13:27:59,662 - INFO - Progress: 11 successful, 5 failed
2025-09-28 13:28:00,668 - INFO - 
--- Processing Listing 17/384: 1117239543489265345 in Kisumu County
_
_
Guest favorite
Guest favorite
Apartment in Kisumu
KSh 3 ---
2025-09-28 13:28:00,669 - INFO - ====== WebDriver manager ======
2025-09-28 13:28:01,209 - INFO - Get LATEST chromedriver version for google-chrome
2025-09-28 13:28:01,500 - INFO - Get LATEST chromedriver version for google-chrome
2025-09-28 13:28:01,814 - INFO - Driver [/Users/brianrono/.wdm/drivers/chromedriver/mac64/140.0.7339.207/chromedriver-mac-arm64/chromedriver] found in cache
2025-09-28 13:28:29,841 - INFO - Collected 22 reviews for property 1117239543489265345
2025-09-28 13:28:29,962 - INFO - Progress: 12 successful, 5 failed
2025-09-28 13:28:30,968 - INFO - 
--- Processing Listing 18/384: 1088153806063474676 in Kisumu County
_
_
Guest favorite
Guest favorite
Apartment in Kisumu
KSh 3 ---
2025-09-28 13:28:30,968 - INFO - ====== WebDriver manager ======
2025-09-28 13:28:31,479 - INFO - Get LATEST chromedriver version for google-chrome
2025-09-28 13:28:31,762 - INFO - Get LATEST chromedriver version for google-chrome
2025-09-28 13:28:32,076 - INFO - Driver [/Users/brianrono/.wdm/drivers/chromedriver/mac64/140.0.7339.207/chromedriver-mac-arm64/chromedriver] found in cache
2025-09-28 13:29:42,189 - INFO - Collected 20 reviews for property 1088153806063474676
2025-09-28 13:29:42,309 - INFO - Progress: 13 successful, 5 failed
2025-09-28 13:29:43,315 - INFO - 
--- Processing Listing 19/384: 1484241669488822090 in Kisumu County
_
_
Guest favorite
Guest favorite
Apartment in Kisumu
KSh 3 ---
2025-09-28 13:29:43,316 - INFO - ====== WebDriver manager ======
2025-09-28 13:29:43,827 - INFO - Get LATEST chromedriver version for google-chrome
2025-09-28 13:29:44,112 - INFO - Get LATEST chromedriver version for google-chrome
2025-09-28 13:29:44,427 - INFO - Driver [/Users/brianrono/.wdm/drivers/chromedriver/mac64/140.0.7339.207/chromedriver-mac-arm64/chromedriver] found in cache
2025-09-28 13:30:27,539 - WARNING - No reviews found for property 1484241669488822090
2025-09-28 13:30:27,662 - INFO - Progress: 13 successful, 6 failed
2025-09-28 13:30:28,669 - INFO - 
--- Processing Listing 20/384: 1325844890258016382 in Kisumu County
_
_
Guest favorite
Guest favorite
Apartment in Kisumu
KSh 3 ---
2025-09-28 13:30:28,671 - INFO - ====== WebDriver manager ======
2025-09-28 13:30:29,163 - INFO - Get LATEST chromedriver version for google-chrome
2025-09-28 13:30:29,443 - INFO - Get LATEST chromedriver version for google-chrome
2025-09-28 13:30:29,757 - INFO - Driver [/Users/brianrono/.wdm/drivers/chromedriver/mac64/140.0.7339.207/chromedriver-mac-arm64/chromedriver] found in cache
2025-09-28 13:31:14,331 - WARNING - No reviews found for property 1325844890258016382
2025-09-28 13:31:14,473 - INFO - Progress: 13 successful, 7 failed
2025-09-28 13:31:15,480 - INFO - 
--- Processing Listing 21/384: 1088153806063474676 in Kisumu County
_
_
Guest favorite
Guest favorite
Apartment in Kisumu
KSh 3 ---
2025-09-28 13:31:15,481 - INFO - ====== WebDriver manager ======
2025-09-28 13:31:15,939 - INFO - Get LATEST chromedriver version for google-chrome
2025-09-28 13:31:16,258 - INFO - Get LATEST chromedriver version for google-chrome
2025-09-28 13:31:16,554 - INFO - Driver [/Users/brianrono/.wdm/drivers/chromedriver/mac64/140.0.7339.207/chromedriver-mac-arm64/chromedriver] found in cache
2025-09-28 13:32:03,263 - INFO - Collected 20 reviews for property 1088153806063474676
2025-09-28 13:32:03,401 - INFO - Progress: 14 successful, 7 failed
2025-09-28 13:32:04,407 - INFO - 
--- Processing Listing 22/384: 579460083784653409 in Kisumu County
_
_
Guest favorite
Guest favorite
Apartment in Kisumu
KSh 3 ---
2025-09-28 13:32:04,408 - INFO - ====== WebDriver manager ======
2025-09-28 13:32:04,918 - INFO - Get LATEST chromedriver version for google-chrome
2025-09-28 13:32:05,203 - INFO - Get LATEST chromedriver version for google-chrome
2025-09-28 13:32:05,520 - INFO - Driver [/Users/brianrono/.wdm/drivers/chromedriver/mac64/140.0.7339.207/chromedriver-mac-arm64/chromedriver] found in cache
2025-09-28 13:32:57,715 - INFO - Collected 78 reviews for property 579460083784653409
2025-09-28 13:32:57,858 - INFO - Progress: 15 successful, 7 failed
2025-09-28 13:32:58,877 - INFO - 
--- Processing Listing 23/384: 1091501130307229971 in Kisumu County
_
_
Guest favorite
Guest favorite
Apartment in Kisumu
KSh 3 ---
2025-09-28 13:32:58,878 - INFO - ====== WebDriver manager ======
2025-09-28 13:32:59,331 - INFO - Get LATEST chromedriver version for google-chrome
2025-09-28 13:32:59,621 - INFO - Get LATEST chromedriver version for google-chrome
2025-09-28 13:32:59,930 - INFO - Driver [/Users/brianrono/.wdm/drivers/chromedriver/mac64/140.0.7339.207/chromedriver-mac-arm64/chromedriver] found in cache
2025-09-28 13:33:33,410 - INFO - Collected 26 reviews for property 1091501130307229971
2025-09-28 13:33:33,546 - INFO - Progress: 16 successful, 7 failed
2025-09-28 13:33:34,552 - INFO - 
--- Processing Listing 24/384: 1232582567770044496 in Kisumu County
_
_
Guest favorite
Guest favorite
Apartment in Kisumu
KSh 3 ---
2025-09-28 13:33:34,553 - INFO - ====== WebDriver manager ======
2025-09-28 13:33:35,078 - INFO - Get LATEST chromedriver version for google-chrome
2025-09-28 13:33:35,367 - INFO - Get LATEST chromedriver version for google-chrome
2025-09-28 13:33:35,682 - INFO - Driver [/Users/brianrono/.wdm/drivers/chromedriver/mac64/140.0.7339.207/chromedriver-mac-arm64/chromedriver] found in cache
2025-09-28 13:33:59,702 - WARNING - No reviews found for property 1232582567770044496
2025-09-28 13:33:59,828 - INFO - Progress: 16 successful, 8 failed
2025-09-28 13:34:00,834 - INFO - 
--- Processing Listing 25/384: 1154024913123015635 in Kisumu County
_
_
Guest favorite
Guest favorite
Apartment in Kisumu
KSh 3 ---
2025-09-28 13:34:00,835 - INFO - ====== WebDriver manager ======
2025-09-28 13:34:01,350 - INFO - Get LATEST chromedriver version for google-chrome
2025-09-28 13:34:01,643 - INFO - Get LATEST chromedriver version for google-chrome
2025-09-28 13:34:01,960 - INFO - Driver [/Users/brianrono/.wdm/drivers/chromedriver/mac64/140.0.7339.207/chromedriver-mac-arm64/chromedriver] found in cache
2025-09-28 13:34:47,188 - INFO - Collected 18 reviews for property 1154024913123015635
2025-09-28 13:34:47,309 - INFO - Progress: 17 successful, 8 failed
2025-09-28 13:34:48,315 - INFO - 
--- Processing Listing 26/384: 969277753389489511 in Kisumu County
_
_
Guest favorite
Guest favorite
Apartment in Kisumu
KSh 3 ---
2025-09-28 13:34:48,316 - INFO - ====== WebDriver manager ======
2025-09-28 13:34:48,842 - INFO - Get LATEST chromedriver version for google-chrome
2025-09-28 13:34:49,129 - INFO - Get LATEST chromedriver version for google-chrome
2025-09-28 13:34:49,449 - INFO - Driver [/Users/brianrono/.wdm/drivers/chromedriver/mac64/140.0.7339.207/chromedriver-mac-arm64/chromedriver] found in cache
2025-09-28 13:35:14,833 - WARNING - No reviews found for property 969277753389489511
2025-09-28 13:35:14,966 - INFO - Progress: 17 successful, 9 failed
2025-09-28 13:35:15,972 - INFO - 
--- Processing Listing 27/384: 1473938106724902700 in Kisumu County
_
_
Guest favorite
Guest favorite
Apartment in Kisumu
KSh 3 ---
2025-09-28 13:35:15,973 - INFO - ====== WebDriver manager ======
2025-09-28 13:35:16,506 - INFO - Get LATEST chromedriver version for google-chrome
2025-09-28 13:35:16,800 - INFO - Get LATEST chromedriver version for google-chrome
2025-09-28 13:35:17,113 - INFO - Driver [/Users/brianrono/.wdm/drivers/chromedriver/mac64/140.0.7339.207/chromedriver-mac-arm64/chromedriver] found in cache
2025-09-28 13:36:00,359 - WARNING - No reviews found for property 1473938106724902700
2025-09-28 13:36:00,482 - INFO - Progress: 17 successful, 10 failed
2025-09-28 13:36:01,494 - INFO - 
--- Processing Listing 28/384: 53388675 in Kisumu County
_
_
Guest favorite
Guest favorite
Apartment in Kisumu
KSh 3 ---
2025-09-28 13:36:01,495 - INFO - ====== WebDriver manager ======
2025-09-28 13:36:02,016 - INFO - Get LATEST chromedriver version for google-chrome
2025-09-28 13:36:02,318 - INFO - Get LATEST chromedriver version for google-chrome
2025-09-28 13:36:02,633 - INFO - Driver [/Users/brianrono/.wdm/drivers/chromedriver/mac64/140.0.7339.207/chromedriver-mac-arm64/chromedriver] found in cache
2025-09-28 13:36:34,943 - INFO - Collected 29 reviews for property 53388675
2025-09-28 13:36:35,065 - INFO - Progress: 18 successful, 10 failed
2025-09-28 13:36:36,076 - INFO - 
--- Processing Listing 29/384: 1360325532733260874 in Kisumu County
_
_
Guest favorite
Guest favorite
Apartment in Kisumu
KSh 3 ---
2025-09-28 13:36:36,077 - INFO - ====== WebDriver manager ======
2025-09-28 13:36:36,619 - INFO - Get LATEST chromedriver version for google-chrome
2025-09-28 13:36:36,907 - INFO - Get LATEST chromedriver version for google-chrome
2025-09-28 13:36:37,219 - INFO - Driver [/Users/brianrono/.wdm/drivers/chromedriver/mac64/140.0.7339.207/chromedriver-mac-arm64/chromedriver] found in cache
2025-09-28 13:37:21,198 - INFO - Collected 8 reviews for property 1360325532733260874
2025-09-28 13:37:21,333 - INFO - Progress: 19 successful, 10 failed
2025-09-28 13:37:22,344 - INFO - 
--- Processing Listing 30/384: 1315119445225516293 in Kisumu County
_
_
Guest favorite
Guest favorite
Apartment in Kisumu
KSh 3 ---
2025-09-28 13:37:22,345 - INFO - ====== WebDriver manager ======
2025-09-28 13:37:22,833 - INFO - Get LATEST chromedriver version for google-chrome
2025-09-28 13:37:23,128 - INFO - Get LATEST chromedriver version for google-chrome
2025-09-28 13:37:23,439 - INFO - Driver [/Users/brianrono/.wdm/drivers/chromedriver/mac64/140.0.7339.207/chromedriver-mac-arm64/chromedriver] found in cache
2025-09-28 13:38:09,981 - INFO - Collected 23 reviews for property 1315119445225516293
2025-09-28 13:38:10,113 - INFO - Progress: 20 successful, 10 failed
2025-09-28 13:38:11,124 - INFO - 
--- Processing Listing 31/384: 848637261044262724 in Kisumu County
_
_
Guest favorite
Guest favorite
Apartment in Kisumu
KSh 3 ---
2025-09-28 13:38:11,125 - INFO - ====== WebDriver manager ======
2025-09-28 13:38:11,687 - INFO - Get LATEST chromedriver version for google-chrome
2025-09-28 13:38:11,988 - INFO - Get LATEST chromedriver version for google-chrome
2025-09-28 13:38:12,302 - INFO - Driver [/Users/brianrono/.wdm/drivers/chromedriver/mac64/140.0.7339.207/chromedriver-mac-arm64/chromedriver] found in cache
2025-09-28 13:38:39,660 - INFO - Collected 18 reviews for property 848637261044262724
2025-09-28 13:38:39,779 - INFO - Progress: 21 successful, 10 failed
2025-09-28 13:38:40,790 - INFO - 
--- Processing Listing 32/384: 54388276 in Kisumu County
_
_
Guest favorite
Guest favorite
Apartment in Kisumu
KSh 3 ---
2025-09-28 13:38:40,791 - INFO - ====== WebDriver manager ======
2025-09-28 13:38:41,345 - INFO - Get LATEST chromedriver version for google-chrome
2025-09-28 13:38:41,634 - INFO - Get LATEST chromedriver version for google-chrome
2025-09-28 13:38:41,948 - INFO - Driver [/Users/brianrono/.wdm/drivers/chromedriver/mac64/140.0.7339.207/chromedriver-mac-arm64/chromedriver] found in cache
2025-09-28 13:39:27,193 - WARNING - No reviews found for property 54388276
2025-09-28 13:39:27,319 - INFO - Progress: 21 successful, 11 failed
2025-09-28 13:39:28,330 - INFO - 
--- Processing Listing 33/384: 1098392556113751987 in Kisumu County
_
_
Guest favorite
Guest favorite
Apartment in Kisumu
KSh 3 ---
2025-09-28 13:39:28,331 - INFO - ====== WebDriver manager ======
2025-09-28 13:39:28,859 - INFO - Get LATEST chromedriver version for google-chrome
2025-09-28 13:39:29,146 - INFO - Get LATEST chromedriver version for google-chrome
2025-09-28 13:39:29,464 - INFO - Driver [/Users/brianrono/.wdm/drivers/chromedriver/mac64/140.0.7339.207/chromedriver-mac-arm64/chromedriver] found in cache
2025-09-28 13:40:14,166 - INFO - Collected 8 reviews for property 1098392556113751987
2025-09-28 13:40:14,303 - INFO - Progress: 22 successful, 11 failed
2025-09-28 13:40:15,314 - INFO - 
--- Processing Listing 34/384: 1518163468198532818 in Kisumu County
_
_
Guest favorite
Guest favorite
Apartment in Kisumu
KSh 3 ---
2025-09-28 13:40:15,315 - INFO - ====== WebDriver manager ======
2025-09-28 13:40:15,843 - INFO - Get LATEST chromedriver version for google-chrome
2025-09-28 13:40:16,137 - INFO - Get LATEST chromedriver version for google-chrome
2025-09-28 13:40:16,464 - INFO - Driver [/Users/brianrono/.wdm/drivers/chromedriver/mac64/140.0.7339.207/chromedriver-mac-arm64/chromedriver] found in cache
2025-09-28 13:41:02,123 - WARNING - No reviews found for property 1518163468198532818
2025-09-28 13:41:02,259 - INFO - Progress: 22 successful, 12 failed
2025-09-28 13:41:03,271 - INFO - 
--- Processing Listing 35/384: 1426680603136564683 in Kisumu County
_
_
Guest favorite
Guest favorite
Apartment in Kisumu
KSh 3 ---
2025-09-28 13:41:03,272 - INFO - ====== WebDriver manager ======
2025-09-28 13:41:03,825 - INFO - Get LATEST chromedriver version for google-chrome
2025-09-28 13:41:04,116 - INFO - Get LATEST chromedriver version for google-chrome
2025-09-28 13:41:04,433 - INFO - Driver [/Users/brianrono/.wdm/drivers/chromedriver/mac64/140.0.7339.207/chromedriver-mac-arm64/chromedriver] found in cache
2025-09-28 13:42:45,694 - INFO - Collected 7 reviews for property 1426680603136564683
2025-09-28 13:42:45,835 - INFO - Progress: 23 successful, 12 failed
2025-09-28 13:42:46,842 - INFO - 
--- Processing Listing 36/384: 1192532960044086120 in Kisumu County
_
_
Guest favorite
Guest favorite
Apartment in Kisumu
KSh 3 ---
2025-09-28 13:42:46,843 - INFO - ====== WebDriver manager ======
2025-09-28 13:42:47,299 - INFO - Get LATEST chromedriver version for google-chrome
2025-09-28 13:42:47,579 - INFO - Get LATEST chromedriver version for google-chrome
2025-09-28 13:42:47,876 - INFO - Driver [/Users/brianrono/.wdm/drivers/chromedriver/mac64/140.0.7339.207/chromedriver-mac-arm64/chromedriver] found in cache
2025-09-28 13:43:32,023 - WARNING - No reviews found for property 1192532960044086120
2025-09-28 13:43:32,168 - INFO - Progress: 23 successful, 13 failed
2025-09-28 13:43:33,175 - INFO - 
--- Processing Listing 37/384: 1426680603136564683 in Kisumu County
_
_
Guest favorite
Guest favorite
Apartment in Kisumu
KSh 3 ---
2025-09-28 13:43:33,176 - INFO - ====== WebDriver manager ======
2025-09-28 13:43:33,679 - INFO - Get LATEST chromedriver version for google-chrome
2025-09-28 13:43:33,958 - INFO - Get LATEST chromedriver version for google-chrome
2025-09-28 13:43:34,258 - INFO - Driver [/Users/brianrono/.wdm/drivers/chromedriver/mac64/140.0.7339.207/chromedriver-mac-arm64/chromedriver] found in cache
2025-09-28 13:44:19,301 - INFO - Collected 7 reviews for property 1426680603136564683
2025-09-28 13:44:19,446 - INFO - Progress: 24 successful, 13 failed
2025-09-28 13:44:20,452 - INFO - 
--- Processing Listing 38/384: 1108653400175760999 in Kisumu County
_
_
Guest favorite
Guest favorite
Apartment in Kisumu
KSh 3 ---
2025-09-28 13:44:20,453 - INFO - ====== WebDriver manager ======
2025-09-28 13:44:20,972 - INFO - Get LATEST chromedriver version for google-chrome
2025-09-28 13:44:21,257 - INFO - Get LATEST chromedriver version for google-chrome
2025-09-28 13:44:21,573 - INFO - Driver [/Users/brianrono/.wdm/drivers/chromedriver/mac64/140.0.7339.207/chromedriver-mac-arm64/chromedriver] found in cache
2025-09-28 13:46:50,603 - INFO - Collected 8 reviews for property 1108653400175760999
2025-09-28 13:46:50,730 - INFO - Progress: 25 successful, 13 failed
2025-09-28 13:46:51,737 - INFO - 
--- Processing Listing 39/384: 1495521813650688821 in Kisumu County
_
_
Guest favorite
Guest favorite
Apartment in Kisumu
KSh 3 ---
2025-09-28 13:46:51,738 - INFO - ====== WebDriver manager ======
2025-09-28 13:46:52,229 - INFO - Get LATEST chromedriver version for google-chrome
2025-09-28 13:46:52,516 - INFO - Get LATEST chromedriver version for google-chrome
2025-09-28 13:46:52,824 - INFO - Driver [/Users/brianrono/.wdm/drivers/chromedriver/mac64/140.0.7339.207/chromedriver-mac-arm64/chromedriver] found in cache
2025-09-28 13:47:37,338 - WARNING - No reviews found for property 1495521813650688821
2025-09-28 13:47:37,473 - INFO - Progress: 25 successful, 14 failed
2025-09-28 13:47:38,480 - INFO - 
--- Processing Listing 40/384: 1485439261527835982 in Kisumu County
_
_
Guest favorite
Guest favorite
Apartment in Kisumu
KSh 3 ---
2025-09-28 13:47:38,480 - INFO - ====== WebDriver manager ======
2025-09-28 13:47:39,024 - INFO - Get LATEST chromedriver version for google-chrome
2025-09-28 13:47:39,309 - INFO - Get LATEST chromedriver version for google-chrome
2025-09-28 13:47:39,618 - INFO - Driver [/Users/brianrono/.wdm/drivers/chromedriver/mac64/140.0.7339.207/chromedriver-mac-arm64/chromedriver] found in cache
2025-09-28 13:48:24,548 - WARNING - No reviews found for property 1485439261527835982
2025-09-28 13:48:24,680 - INFO - Progress: 25 successful, 15 failed
2025-09-28 13:48:25,687 - INFO - 
--- Processing Listing 41/384: 872880386310489815 in Kisumu County
_
_
Guest favorite
Guest favorite
Apartment in Kisumu
KSh 3 ---
2025-09-28 13:48:25,687 - INFO - ====== WebDriver manager ======
2025-09-28 13:48:26,207 - INFO - Get LATEST chromedriver version for google-chrome
2025-09-28 13:48:26,492 - INFO - Get LATEST chromedriver version for google-chrome
2025-09-28 13:48:26,802 - INFO - Driver [/Users/brianrono/.wdm/drivers/chromedriver/mac64/140.0.7339.207/chromedriver-mac-arm64/chromedriver] found in cache
2025-09-28 13:49:09,927 - WARNING - No reviews found for property 872880386310489815
2025-09-28 13:49:10,060 - INFO - Progress: 25 successful, 16 failed
2025-09-28 13:49:11,067 - INFO - 
--- Processing Listing 42/384: 1243622832062289448 in Kisumu County
_
_
Guest favorite
Guest favorite
Apartment in Kisumu
KSh 3 ---
2025-09-28 13:49:11,068 - INFO - ====== WebDriver manager ======
2025-09-28 13:49:11,557 - INFO - Get LATEST chromedriver version for google-chrome
2025-09-28 13:49:11,828 - INFO - Get LATEST chromedriver version for google-chrome
2025-09-28 13:49:12,146 - INFO - Driver [/Users/brianrono/.wdm/drivers/chromedriver/mac64/140.0.7339.207/chromedriver-mac-arm64/chromedriver] found in cache
2025-09-28 13:49:59,368 - INFO - Collected 20 reviews for property 1243622832062289448
2025-09-28 13:49:59,490 - INFO - Progress: 26 successful, 16 failed
2025-09-28 13:50:00,496 - INFO - 
--- Processing Listing 43/384: 28838314 in Kisumu County
_
_
Guest favorite
Guest favorite
Apartment in Kisumu
KSh 3 ---
2025-09-28 13:50:00,496 - INFO - ====== WebDriver manager ======
2025-09-28 13:50:01,034 - INFO - Get LATEST chromedriver version for google-chrome
2025-09-28 13:50:01,326 - INFO - Get LATEST chromedriver version for google-chrome
2025-09-28 13:50:01,644 - INFO - Driver [/Users/brianrono/.wdm/drivers/chromedriver/mac64/140.0.7339.207/chromedriver-mac-arm64/chromedriver] found in cache
2025-09-28 13:50:35,849 - INFO - Collected 41 reviews for property 28838314
2025-09-28 13:50:35,976 - INFO - Progress: 27 successful, 16 failed
2025-09-28 13:50:36,982 - INFO - 
--- Processing Listing 44/384: 51090163 in Kisumu County
_
_
Guest favorite
Guest favorite
Apartment in Kisumu
KSh 3 ---
2025-09-28 13:50:36,983 - INFO - ====== WebDriver manager ======
2025-09-28 13:50:37,510 - INFO - Get LATEST chromedriver version for google-chrome
2025-09-28 13:50:37,799 - INFO - Get LATEST chromedriver version for google-chrome
2025-09-28 13:50:38,115 - INFO - Driver [/Users/brianrono/.wdm/drivers/chromedriver/mac64/140.0.7339.207/chromedriver-mac-arm64/chromedriver] found in cache
2025-09-28 13:51:11,775 - INFO - Collected 61 reviews for property 51090163
2025-09-28 13:51:11,897 - INFO - Progress: 28 successful, 16 failed
2025-09-28 13:51:12,903 - INFO - 
--- Processing Listing 45/384: 949838829963582935 in Kisumu County
_
_
Guest favorite
Guest favorite
Apartment in Kisumu
KSh 3 ---
2025-09-28 13:51:12,904 - INFO - ====== WebDriver manager ======
2025-09-28 13:51:13,423 - INFO - Get LATEST chromedriver version for google-chrome
2025-09-28 13:51:13,703 - INFO - Get LATEST chromedriver version for google-chrome
2025-09-28 13:51:14,020 - INFO - Driver [/Users/brianrono/.wdm/drivers/chromedriver/mac64/140.0.7339.207/chromedriver-mac-arm64/chromedriver] found in cache
2025-09-28 13:52:04,488 - INFO - Collected 37 reviews for property 949838829963582935
2025-09-28 13:52:04,635 - INFO - Progress: 29 successful, 16 failed
2025-09-28 13:52:05,641 - INFO - 
--- Processing Listing 46/384: 1403005783410262912 in Kisumu County
_
_
Guest favorite
Guest favorite
Apartment in Kisumu
KSh 3 ---
2025-09-28 13:52:05,642 - INFO - ====== WebDriver manager ======
2025-09-28 13:52:06,170 - INFO - Get LATEST chromedriver version for google-chrome
2025-09-28 13:52:06,458 - INFO - Get LATEST chromedriver version for google-chrome
2025-09-28 13:52:06,776 - INFO - Driver [/Users/brianrono/.wdm/drivers/chromedriver/mac64/140.0.7339.207/chromedriver-mac-arm64/chromedriver] found in cache
2025-09-28 13:52:49,928 - WARNING - No reviews found for property 1403005783410262912
2025-09-28 13:52:50,061 - INFO - Progress: 29 successful, 17 failed
2025-09-28 13:52:51,067 - INFO - 
--- Processing Listing 47/384: 1504986489815468268 in Kisumu County
_
_
Guest favorite
Guest favorite
Apartment in Kisumu
KSh 3 ---
2025-09-28 13:52:51,068 - INFO - ====== WebDriver manager ======
2025-09-28 13:52:51,591 - INFO - Get LATEST chromedriver version for google-chrome
2025-09-28 13:52:51,881 - INFO - Get LATEST chromedriver version for google-chrome
2025-09-28 13:52:52,192 - INFO - Driver [/Users/brianrono/.wdm/drivers/chromedriver/mac64/140.0.7339.207/chromedriver-mac-arm64/chromedriver] found in cache
2025-09-28 13:53:34,898 - WARNING - No reviews found for property 1504986489815468268
2025-09-28 13:53:35,038 - INFO - Progress: 29 successful, 18 failed
2025-09-28 13:53:36,049 - INFO - 
--- Processing Listing 48/384: 1510599650875596560 in Kisumu County
_
_
Guest favorite
Guest favorite
Apartment in Kisumu
KSh 3 ---
2025-09-28 13:53:36,049 - INFO - ====== WebDriver manager ======
2025-09-28 13:53:36,523 - INFO - Get LATEST chromedriver version for google-chrome
2025-09-28 13:53:36,812 - INFO - Get LATEST chromedriver version for google-chrome
2025-09-28 13:53:37,135 - INFO - Driver [/Users/brianrono/.wdm/drivers/chromedriver/mac64/140.0.7339.207/chromedriver-mac-arm64/chromedriver] found in cache
2025-09-28 13:54:02,743 - WARNING - No reviews found for property 1510599650875596560
2025-09-28 13:54:02,895 - INFO - Progress: 29 successful, 19 failed
2025-09-28 13:54:03,906 - INFO - 
--- Processing Listing 49/384: 1513765746062830499 in Kisumu County
_
_
Guest favorite
Guest favorite
Apartment in Kisumu
KSh 3 ---
2025-09-28 13:54:03,907 - INFO - ====== WebDriver manager ======
2025-09-28 13:54:04,429 - INFO - Get LATEST chromedriver version for google-chrome
2025-09-28 13:54:04,719 - INFO - Get LATEST chromedriver version for google-chrome
2025-09-28 13:54:05,052 - INFO - Driver [/Users/brianrono/.wdm/drivers/chromedriver/mac64/140.0.7339.207/chromedriver-mac-arm64/chromedriver] found in cache
2025-09-28 13:54:49,423 - WARNING - No reviews found for property 1513765746062830499
2025-09-28 13:54:49,570 - INFO - Progress: 29 successful, 20 failed
2025-09-28 13:54:50,577 - INFO - 
--- Processing Listing 50/384: 1386067372751946503 in Kisumu County
_
_
Guest favorite
Guest favorite
Apartment in Kisumu
KSh 3 ---
2025-09-28 13:54:50,578 - INFO - ====== WebDriver manager ======
2025-09-28 13:54:51,026 - INFO - Get LATEST chromedriver version for google-chrome
2025-09-28 13:54:51,302 - INFO - Get LATEST chromedriver version for google-chrome
2025-09-28 13:54:51,596 - INFO - Driver [/Users/brianrono/.wdm/drivers/chromedriver/mac64/140.0.7339.207/chromedriver-mac-arm64/chromedriver] found in cache
2025-09-28 13:55:36,388 - INFO - Collected 13 reviews for property 1386067372751946503
2025-09-28 13:55:36,534 - INFO - Progress: 30 successful, 20 failed
2025-09-28 13:55:37,540 - INFO - 
--- Processing Listing 51/384: 1455050884629272834 in Kisumu County
_
_
Guest favorite
Guest favorite
Apartment in Kisumu
KSh 3 ---
2025-09-28 13:55:37,541 - INFO - ====== WebDriver manager ======
2025-09-28 13:55:38,041 - INFO - Get LATEST chromedriver version for google-chrome
2025-09-28 13:55:38,325 - INFO - Get LATEST chromedriver version for google-chrome
2025-09-28 13:55:38,644 - INFO - Driver [/Users/brianrono/.wdm/drivers/chromedriver/mac64/140.0.7339.207/chromedriver-mac-arm64/chromedriver] found in cache
2025-09-28 13:56:21,776 - WARNING - No reviews found for property 1455050884629272834
2025-09-28 13:56:21,911 - INFO - Progress: 30 successful, 21 failed
2025-09-28 13:56:22,918 - INFO - 
--- Processing Listing 52/384: 47399621 in Kisumu County
_
_
Guest favorite
Guest favorite
Apartment in Kisumu
KSh 3 ---
2025-09-28 13:56:22,919 - INFO - ====== WebDriver manager ======
2025-09-28 13:56:23,451 - INFO - Get LATEST chromedriver version for google-chrome
2025-09-28 13:56:23,747 - INFO - Get LATEST chromedriver version for google-chrome
2025-09-28 13:56:24,057 - INFO - Driver [/Users/brianrono/.wdm/drivers/chromedriver/mac64/140.0.7339.207/chromedriver-mac-arm64/chromedriver] found in cache
2025-09-28 13:58:56,509 - INFO - Collected 24 reviews for property 47399621
2025-09-28 13:58:56,632 - INFO - Progress: 31 successful, 21 failed
2025-09-28 13:58:57,639 - INFO - 
--- Processing Listing 53/384: 1505704620117026372 in Kisumu County
_
_
Guest favorite
Guest favorite
Apartment in Kisumu
KSh 3 ---
2025-09-28 13:58:57,640 - INFO - ====== WebDriver manager ======
2025-09-28 13:58:58,164 - INFO - Get LATEST chromedriver version for google-chrome
2025-09-28 13:58:58,449 - INFO - Get LATEST chromedriver version for google-chrome
2025-09-28 13:58:58,765 - INFO - Driver [/Users/brianrono/.wdm/drivers/chromedriver/mac64/140.0.7339.207/chromedriver-mac-arm64/chromedriver] found in cache
2025-09-28 13:59:43,633 - WARNING - No reviews found for property 1505704620117026372
2025-09-28 13:59:43,772 - INFO - Progress: 31 successful, 22 failed
2025-09-28 13:59:44,779 - INFO - 
--- Processing Listing 54/384: 1326578114558969379 in Kisumu County
_
_
Guest favorite
Guest favorite
Apartment in Kisumu
KSh 3 ---
2025-09-28 13:59:44,780 - INFO - ====== WebDriver manager ======
2025-09-28 13:59:45,315 - INFO - Get LATEST chromedriver version for google-chrome
2025-09-28 13:59:45,607 - INFO - Get LATEST chromedriver version for google-chrome
2025-09-28 13:59:45,925 - INFO - Driver [/Users/brianrono/.wdm/drivers/chromedriver/mac64/140.0.7339.207/chromedriver-mac-arm64/chromedriver] found in cache
2025-09-28 14:00:29,609 - WARNING - No reviews found for property 1326578114558969379
2025-09-28 14:00:29,733 - INFO - Progress: 31 successful, 23 failed
2025-09-28 14:00:30,740 - INFO - 
--- Processing Listing 55/384: 1505704620117026372 in Kisumu County
_
_
Guest favorite
Guest favorite
Apartment in Kisumu
KSh 3 ---
2025-09-28 14:00:30,741 - INFO - ====== WebDriver manager ======
2025-09-28 14:00:31,250 - INFO - Get LATEST chromedriver version for google-chrome
2025-09-28 14:00:31,534 - INFO - Get LATEST chromedriver version for google-chrome
2025-09-28 14:00:31,847 - INFO - Driver [/Users/brianrono/.wdm/drivers/chromedriver/mac64/140.0.7339.207/chromedriver-mac-arm64/chromedriver] found in cache
2025-09-28 14:01:15,191 - WARNING - No reviews found for property 1505704620117026372
2025-09-28 14:01:15,333 - INFO - Progress: 31 successful, 24 failed
2025-09-28 14:01:16,340 - INFO - 
--- Processing Listing 56/384: 1326578114558969379 in Kisumu County
_
_
Guest favorite
Guest favorite
Apartment in Kisumu
KSh 3 ---
2025-09-28 14:01:16,341 - INFO - ====== WebDriver manager ======
2025-09-28 14:01:16,867 - INFO - Get LATEST chromedriver version for google-chrome
2025-09-28 14:01:17,165 - INFO - Get LATEST chromedriver version for google-chrome
2025-09-28 14:01:17,481 - INFO - Driver [/Users/brianrono/.wdm/drivers/chromedriver/mac64/140.0.7339.207/chromedriver-mac-arm64/chromedriver] found in cache
2025-09-28 14:02:02,156 - WARNING - No reviews found for property 1326578114558969379
2025-09-28 14:02:02,297 - INFO - Progress: 31 successful, 25 failed
2025-09-28 14:02:03,304 - INFO - 
--- Processing Listing 57/384: 40105528 in Kisumu County
_
_
Guest favorite
Guest favorite
Apartment in Kisumu
KSh 3 ---
2025-09-28 14:02:03,305 - INFO - ====== WebDriver manager ======
2025-09-28 14:02:03,796 - INFO - Get LATEST chromedriver version for google-chrome
2025-09-28 14:02:04,099 - INFO - Get LATEST chromedriver version for google-chrome
2025-09-28 14:02:04,412 - INFO - Driver [/Users/brianrono/.wdm/drivers/chromedriver/mac64/140.0.7339.207/chromedriver-mac-arm64/chromedriver] found in cache
2025-09-28 14:03:41,972 - INFO - Collected 24 reviews for property 40105528
2025-09-28 14:03:42,118 - INFO - Progress: 32 successful, 25 failed
2025-09-28 14:03:43,124 - INFO - 
--- Processing Listing 58/384: 1489805377470990946 in Kisumu County
_
_
Guest favorite
Guest favorite
Apartment in Kisumu
KSh 3 ---
2025-09-28 14:03:43,125 - INFO - ====== WebDriver manager ======
2025-09-28 14:03:43,624 - INFO - Get LATEST chromedriver version for google-chrome
2025-09-28 14:03:43,909 - INFO - Get LATEST chromedriver version for google-chrome
2025-09-28 14:03:44,228 - INFO - Driver [/Users/brianrono/.wdm/drivers/chromedriver/mac64/140.0.7339.207/chromedriver-mac-arm64/chromedriver] found in cache
2025-09-28 14:04:27,066 - WARNING - No reviews found for property 1489805377470990946
2025-09-28 14:04:27,210 - INFO - Progress: 32 successful, 26 failed
2025-09-28 14:04:28,216 - INFO - 
--- Processing Listing 59/384: 1430273393827446924 in Kisumu County
_
_
Guest favorite
Guest favorite
Apartment in Kisumu
KSh 3 ---
2025-09-28 14:04:28,217 - INFO - ====== WebDriver manager ======
2025-09-28 14:04:28,740 - INFO - Get LATEST chromedriver version for google-chrome
2025-09-28 14:04:29,030 - INFO - Get LATEST chromedriver version for google-chrome
2025-09-28 14:04:29,345 - INFO - Driver [/Users/brianrono/.wdm/drivers/chromedriver/mac64/140.0.7339.207/chromedriver-mac-arm64/chromedriver] found in cache
2025-09-28 14:05:12,510 - WARNING - No reviews found for property 1430273393827446924
2025-09-28 14:05:12,651 - INFO - Progress: 32 successful, 27 failed
2025-09-28 14:05:13,657 - INFO - 
--- Processing Listing 60/384: 52063781 in Kisumu County
_
_
Guest favorite
Guest favorite
Apartment in Kisumu
KSh 3 ---
2025-09-28 14:05:13,658 - INFO - ====== WebDriver manager ======
2025-09-28 14:05:14,148 - INFO - Get LATEST chromedriver version for google-chrome
2025-09-28 14:05:14,684 - INFO - Get LATEST chromedriver version for google-chrome
2025-09-28 14:05:14,995 - INFO - Driver [/Users/brianrono/.wdm/drivers/chromedriver/mac64/140.0.7339.207/chromedriver-mac-arm64/chromedriver] found in cache
2025-09-28 14:05:40,920 - WARNING - No reviews found for property 52063781
2025-09-28 14:05:41,045 - INFO - Progress: 32 successful, 28 failed
2025-09-28 14:05:42,051 - INFO - 
--- Processing Listing 61/384: 40985009 in Kisumu County
_
_
Guest favorite
Guest favorite
Apartment in Kisumu
KSh 3 ---
2025-09-28 14:05:42,052 - INFO - ====== WebDriver manager ======
2025-09-28 14:05:42,557 - INFO - Get LATEST chromedriver version for google-chrome
2025-09-28 14:05:42,847 - INFO - Get LATEST chromedriver version for google-chrome
2025-09-28 14:05:43,160 - INFO - Driver [/Users/brianrono/.wdm/drivers/chromedriver/mac64/140.0.7339.207/chromedriver-mac-arm64/chromedriver] found in cache
2025-09-28 14:07:50,786 - INFO - Collected 24 reviews for property 40985009
2025-09-28 14:07:50,924 - INFO - Progress: 33 successful, 28 failed
2025-09-28 14:07:51,930 - INFO - 
--- Processing Listing 62/384: 649195427747137942 in Kisumu County
_
_
Guest favorite
Guest favorite
Apartment in Kisumu
KSh 3 ---
2025-09-28 14:07:51,931 - INFO - ====== WebDriver manager ======
2025-09-28 14:07:52,462 - INFO - Get LATEST chromedriver version for google-chrome
2025-09-28 14:07:52,767 - INFO - Get LATEST chromedriver version for google-chrome
2025-09-28 14:07:53,090 - INFO - Driver [/Users/brianrono/.wdm/drivers/chromedriver/mac64/140.0.7339.207/chromedriver-mac-arm64/chromedriver] found in cache
2025-09-28 14:08:37,095 - WARNING - No reviews found for property 649195427747137942
2025-09-28 14:08:37,220 - INFO - Progress: 33 successful, 29 failed
2025-09-28 14:08:38,226 - INFO - 
--- Processing Listing 63/384: 1001420609337613533 in Kisumu County
_
_
Guest favorite
Guest favorite
Apartment in Kisumu
KSh 3 ---
2025-09-28 14:08:38,227 - INFO - ====== WebDriver manager ======
2025-09-28 14:08:38,655 - INFO - Get LATEST chromedriver version for google-chrome
2025-09-28 14:08:38,948 - INFO - Get LATEST chromedriver version for google-chrome
2025-09-28 14:08:39,249 - INFO - Driver [/Users/brianrono/.wdm/drivers/chromedriver/mac64/140.0.7339.207/chromedriver-mac-arm64/chromedriver] found in cache
2025-09-28 14:09:06,943 - WARNING - No reviews found for property 1001420609337613533
2025-09-28 14:09:08,073 - INFO - Progress: 33 successful, 30 failed
2025-09-28 14:09:09,083 - INFO - 
--- Processing Listing 64/384: 21659799 in Kisumu County
_
_
Guest favorite
Guest favorite
Apartment in Kisumu
KSh 3 ---
2025-09-28 14:09:09,084 - INFO - ====== WebDriver manager ======
2025-09-28 14:09:09,903 - INFO - Get LATEST chromedriver version for google-chrome
2025-09-28 14:09:10,188 - INFO - Get LATEST chromedriver version for google-chrome
2025-09-28 14:09:10,503 - INFO - Driver [/Users/brianrono/.wdm/drivers/chromedriver/mac64/140.0.7339.207/chromedriver-mac-arm64/chromedriver] found in cache
2025-09-28 14:11:45,369 - INFO - Collected 44 reviews for property 21659799
2025-09-28 14:11:45,512 - INFO - Progress: 34 successful, 30 failed
2025-09-28 14:11:46,514 - INFO - 
--- Processing Listing 65/384: 1102835387269764666 in Kisumu County
_
_
Guest favorite
Guest favorite
Apartment in Kisumu
KSh 3 ---
2025-09-28 14:11:46,515 - INFO - ====== WebDriver manager ======
2025-09-28 14:11:47,023 - INFO - Get LATEST chromedriver version for google-chrome
2025-09-28 14:11:47,315 - INFO - Get LATEST chromedriver version for google-chrome
2025-09-28 14:11:47,626 - INFO - Driver [/Users/brianrono/.wdm/drivers/chromedriver/mac64/140.0.7339.207/chromedriver-mac-arm64/chromedriver] found in cache
2025-09-28 14:14:19,592 - INFO - Collected 21 reviews for property 1102835387269764666
2025-09-28 14:14:19,740 - INFO - Progress: 35 successful, 30 failed
2025-09-28 14:14:20,746 - INFO - 
--- Processing Listing 66/384: 602167728028115485 in Kisumu County
_
_
Guest favorite
Guest favorite
Apartment in Kisumu
KSh 3 ---
2025-09-28 14:14:20,747 - INFO - ====== WebDriver manager ======
2025-09-28 14:14:21,455 - INFO - Get LATEST chromedriver version for google-chrome
2025-09-28 14:14:21,742 - INFO - Get LATEST chromedriver version for google-chrome
2025-09-28 14:14:22,062 - INFO - Driver [/Users/brianrono/.wdm/drivers/chromedriver/mac64/140.0.7339.207/chromedriver-mac-arm64/chromedriver] found in cache
2025-09-28 14:15:05,893 - WARNING - No reviews found for property 602167728028115485
2025-09-28 14:15:06,028 - INFO - Progress: 35 successful, 31 failed
2025-09-28 14:15:07,035 - INFO - 
--- Processing Listing 67/384: 1236367670923222267 in Kisumu County
_
_
Guest favorite
Guest favorite
Apartment in Kisumu
KSh 3 ---
2025-09-28 14:15:07,036 - INFO - ====== WebDriver manager ======
2025-09-28 14:15:07,546 - INFO - Get LATEST chromedriver version for google-chrome
2025-09-28 14:15:07,840 - INFO - Get LATEST chromedriver version for google-chrome
2025-09-28 14:15:08,150 - INFO - Driver [/Users/brianrono/.wdm/drivers/chromedriver/mac64/140.0.7339.207/chromedriver-mac-arm64/chromedriver] found in cache
2025-09-28 14:17:37,655 - INFO - Collected 8 reviews for property 1236367670923222267
2025-09-28 14:17:37,776 - INFO - Progress: 36 successful, 31 failed
2025-09-28 14:17:38,782 - INFO - 
--- Processing Listing 68/384: 1170319210518719613 in Kisumu County
_
_
Guest favorite
Guest favorite
Apartment in Kisumu
KSh 3 ---
2025-09-28 14:17:38,783 - INFO - ====== WebDriver manager ======
2025-09-28 14:17:39,266 - INFO - Get LATEST chromedriver version for google-chrome
2025-09-28 14:17:39,538 - INFO - Get LATEST chromedriver version for google-chrome
2025-09-28 14:17:39,854 - INFO - Driver [/Users/brianrono/.wdm/drivers/chromedriver/mac64/140.0.7339.207/chromedriver-mac-arm64/chromedriver] found in cache
2025-09-28 14:18:22,573 - WARNING - No reviews found for property 1170319210518719613
2025-09-28 14:18:22,702 - INFO - Progress: 36 successful, 32 failed
2025-09-28 14:18:23,709 - INFO - 
--- Processing Listing 69/384: 846694271094959201 in Kisumu County
_
_
Guest favorite
Guest favorite
Apartment in Kisumu
KSh 3 ---
2025-09-28 14:18:23,710 - INFO - ====== WebDriver manager ======
2025-09-28 14:18:24,219 - INFO - Get LATEST chromedriver version for google-chrome
2025-09-28 14:18:24,509 - INFO - Get LATEST chromedriver version for google-chrome
2025-09-28 14:18:24,821 - INFO - Driver [/Users/brianrono/.wdm/drivers/chromedriver/mac64/140.0.7339.207/chromedriver-mac-arm64/chromedriver] found in cache
2025-09-28 14:19:08,021 - WARNING - No reviews found for property 846694271094959201
2025-09-28 14:19:08,154 - INFO - Progress: 36 successful, 33 failed
2025-09-28 14:19:09,157 - INFO - 
--- Processing Listing 70/384: 620982107539339744 in Kisumu County
_
_
Guest favorite
Guest favorite
Apartment in Kisumu
KSh 3 ---
2025-09-28 14:19:09,158 - INFO - ====== WebDriver manager ======
2025-09-28 14:19:09,687 - INFO - Get LATEST chromedriver version for google-chrome
2025-09-28 14:19:09,979 - INFO - Get LATEST chromedriver version for google-chrome
2025-09-28 14:19:10,287 - INFO - Driver [/Users/brianrono/.wdm/drivers/chromedriver/mac64/140.0.7339.207/chromedriver-mac-arm64/chromedriver] found in cache
2025-09-28 14:21:42,049 - INFO - Collected 7 reviews for property 620982107539339744
2025-09-28 14:21:42,173 - INFO - Progress: 37 successful, 33 failed
2025-09-28 14:21:43,180 - INFO - 
--- Processing Listing 71/384: 1422301402416376662 in Kisumu County
_
_
Guest favorite
Guest favorite
Apartment in Kisumu
KSh 3 ---
2025-09-28 14:21:43,182 - INFO - ====== WebDriver manager ======
2025-09-28 14:21:43,627 - INFO - Get LATEST chromedriver version for google-chrome
2025-09-28 14:21:43,918 - INFO - Get LATEST chromedriver version for google-chrome
2025-09-28 14:21:44,226 - INFO - Driver [/Users/brianrono/.wdm/drivers/chromedriver/mac64/140.0.7339.207/chromedriver-mac-arm64/chromedriver] found in cache
2025-09-28 14:22:10,545 - INFO - Collected 9 reviews for property 1422301402416376662
2025-09-28 14:22:10,690 - INFO - Progress: 38 successful, 33 failed
2025-09-28 14:22:11,696 - INFO - 
--- Processing Listing 72/384: 709247902722617451 in Kisumu County
_
_
Guest favorite
Guest favorite
Apartment in Kisumu
KSh 3 ---
2025-09-28 14:22:11,697 - INFO - ====== WebDriver manager ======
2025-09-28 14:22:12,233 - INFO - Get LATEST chromedriver version for google-chrome
2025-09-28 14:22:12,524 - INFO - Get LATEST chromedriver version for google-chrome
2025-09-28 14:22:12,838 - INFO - Driver [/Users/brianrono/.wdm/drivers/chromedriver/mac64/140.0.7339.207/chromedriver-mac-arm64/chromedriver] found in cache
2025-09-28 14:22:41,073 - INFO - Collected 19 reviews for property 709247902722617451
2025-09-28 14:22:41,196 - INFO - Progress: 39 successful, 33 failed
2025-09-28 14:22:42,202 - INFO - 
--- Processing Listing 73/384: 1405017457602961607 in Kisumu County
_
_
Guest favorite
Guest favorite
Apartment in Kisumu
KSh 3 ---
2025-09-28 14:22:42,202 - INFO - ====== WebDriver manager ======
2025-09-28 14:22:42,717 - INFO - Get LATEST chromedriver version for google-chrome
2025-09-28 14:22:43,001 - INFO - Get LATEST chromedriver version for google-chrome
2025-09-28 14:22:43,313 - INFO - Driver [/Users/brianrono/.wdm/drivers/chromedriver/mac64/140.0.7339.207/chromedriver-mac-arm64/chromedriver] found in cache
2025-09-28 14:23:26,109 - WARNING - No reviews found for property 1405017457602961607
2025-09-28 14:23:26,239 - INFO - Progress: 39 successful, 34 failed
2025-09-28 14:23:27,245 - INFO - 
--- Processing Listing 74/384: 709247902722617451 in Kisumu County
_
_
Guest favorite
Guest favorite
Apartment in Kisumu
KSh 3 ---
2025-09-28 14:23:27,245 - INFO - ====== WebDriver manager ======
2025-09-28 14:23:27,772 - INFO - Get LATEST chromedriver version for google-chrome
2025-09-28 14:23:28,061 - INFO - Get LATEST chromedriver version for google-chrome
2025-09-28 14:23:28,378 - INFO - Driver [/Users/brianrono/.wdm/drivers/chromedriver/mac64/140.0.7339.207/chromedriver-mac-arm64/chromedriver] found in cache
2025-09-28 14:23:54,573 - INFO - Collected 19 reviews for property 709247902722617451
2025-09-28 14:23:54,698 - INFO - Progress: 40 successful, 34 failed
2025-09-28 14:23:55,704 - INFO - 
--- Processing Listing 75/384: 1514532118015448174 in Kisumu County
_
_
Guest favorite
Guest favorite
Apartment in Kisumu
KSh 3 ---
2025-09-28 14:23:55,705 - INFO - ====== WebDriver manager ======
2025-09-28 14:23:56,210 - INFO - Get LATEST chromedriver version for google-chrome
2025-09-28 14:23:56,498 - INFO - Get LATEST chromedriver version for google-chrome
2025-09-28 14:23:56,813 - INFO - Driver [/Users/brianrono/.wdm/drivers/chromedriver/mac64/140.0.7339.207/chromedriver-mac-arm64/chromedriver] found in cache
2025-09-28 14:24:40,021 - WARNING - No reviews found for property 1514532118015448174
2025-09-28 14:24:40,167 - INFO - Progress: 40 successful, 35 failed
2025-09-28 14:24:41,179 - INFO - 
--- Processing Listing 76/384: 1486788460210050205 in Kisumu County
_
_
Guest favorite
Guest favorite
Apartment in Kisumu
KSh 3 ---
2025-09-28 14:24:41,179 - INFO - ====== WebDriver manager ======
2025-09-28 14:24:41,718 - INFO - Get LATEST chromedriver version for google-chrome
2025-09-28 14:24:42,002 - INFO - Get LATEST chromedriver version for google-chrome
2025-09-28 14:24:42,318 - INFO - Driver [/Users/brianrono/.wdm/drivers/chromedriver/mac64/140.0.7339.207/chromedriver-mac-arm64/chromedriver] found in cache
2025-09-28 14:25:25,558 - WARNING - No reviews found for property 1486788460210050205
2025-09-28 14:25:25,701 - INFO - Progress: 40 successful, 36 failed
2025-09-28 14:25:26,713 - INFO - 
--- Processing Listing 77/384: 53158866 in Kisumu County
_
_
Guest favorite
Guest favorite
Apartment in Kisumu
KSh 3 ---
2025-09-28 14:25:26,714 - INFO - ====== WebDriver manager ======
2025-09-28 14:25:27,221 - INFO - Get LATEST chromedriver version for google-chrome
2025-09-28 14:25:27,507 - INFO - Get LATEST chromedriver version for google-chrome
2025-09-28 14:25:27,826 - INFO - Driver [/Users/brianrono/.wdm/drivers/chromedriver/mac64/140.0.7339.207/chromedriver-mac-arm64/chromedriver] found in cache
2025-09-28 14:26:20,649 - INFO - Collected 46 reviews for property 53158866
2025-09-28 14:26:20,793 - INFO - Progress: 41 successful, 36 failed
2025-09-28 14:26:21,804 - INFO - 
--- Processing Listing 78/384: 51008996 in Kisumu County
_
_
Guest favorite
Guest favorite
Apartment in Kisumu
KSh 3 ---
2025-09-28 14:26:21,805 - INFO - ====== WebDriver manager ======
2025-09-28 14:26:22,316 - INFO - Get LATEST chromedriver version for google-chrome
2025-09-28 14:26:22,632 - INFO - Get LATEST chromedriver version for google-chrome
2025-09-28 14:26:22,946 - INFO - Driver [/Users/brianrono/.wdm/drivers/chromedriver/mac64/140.0.7339.207/chromedriver-mac-arm64/chromedriver] found in cache
2025-09-28 14:28:40,948 - INFO - Collected 24 reviews for property 51008996
2025-09-28 14:28:41,091 - INFO - Progress: 42 successful, 36 failed
2025-09-28 14:28:42,097 - INFO - 
--- Processing Listing 79/384: 1373087028901812472 in Kisumu County
_
_
Guest favorite
Guest favorite
Apartment in Kisumu
KSh 3 ---
2025-09-28 14:28:42,098 - INFO - ====== WebDriver manager ======
2025-09-28 14:28:42,629 - INFO - Get LATEST chromedriver version for google-chrome
2025-09-28 14:28:43,016 - INFO - Get LATEST chromedriver version for google-chrome
2025-09-28 14:28:43,333 - INFO - Driver [/Users/brianrono/.wdm/drivers/chromedriver/mac64/140.0.7339.207/chromedriver-mac-arm64/chromedriver] found in cache
2025-09-28 14:29:29,464 - INFO - Collected 13 reviews for property 1373087028901812472
2025-09-28 14:29:29,619 - INFO - Progress: 43 successful, 36 failed
2025-09-28 14:29:30,621 - INFO - 
--- Processing Listing 80/384: 1430394482660655737 in Kisumu County
_
_
Guest favorite
Guest favorite
Apartment in Kisumu
KSh 3 ---
2025-09-28 14:29:30,622 - INFO - ====== WebDriver manager ======
2025-09-28 14:29:31,127 - INFO - Get LATEST chromedriver version for google-chrome
2025-09-28 14:29:31,418 - INFO - Get LATEST chromedriver version for google-chrome
2025-09-28 14:29:31,730 - INFO - Driver [/Users/brianrono/.wdm/drivers/chromedriver/mac64/140.0.7339.207/chromedriver-mac-arm64/chromedriver] found in cache
2025-09-28 14:30:13,995 - WARNING - No reviews found for property 1430394482660655737
2025-09-28 14:30:14,138 - INFO - Progress: 43 successful, 37 failed
2025-09-28 14:30:15,144 - INFO - 
--- Processing Listing 81/384: 1391794145762498966 in Kisumu County
_
_
Guest favorite
Guest favorite
Apartment in Kisumu
KSh 3 ---
2025-09-28 14:30:15,144 - INFO - ====== WebDriver manager ======
2025-09-28 14:30:15,675 - INFO - Get LATEST chromedriver version for google-chrome
2025-09-28 14:30:15,960 - INFO - Get LATEST chromedriver version for google-chrome
2025-09-28 14:30:16,273 - INFO - Driver [/Users/brianrono/.wdm/drivers/chromedriver/mac64/140.0.7339.207/chromedriver-mac-arm64/chromedriver] found in cache
2025-09-28 14:31:02,505 - INFO - Collected 10 reviews for property 1391794145762498966
2025-09-28 14:31:02,634 - INFO - Progress: 44 successful, 37 failed
2025-09-28 14:31:03,641 - INFO - 
--- Processing Listing 82/384: 675325513153891058 in Kisumu County
_
_
Guest favorite
Guest favorite
Apartment in Kisumu
KSh 3 ---
2025-09-28 14:31:03,642 - INFO - ====== WebDriver manager ======
2025-09-28 14:31:04,159 - INFO - Get LATEST chromedriver version for google-chrome
2025-09-28 14:31:04,452 - INFO - Get LATEST chromedriver version for google-chrome
2025-09-28 14:31:04,768 - INFO - Driver [/Users/brianrono/.wdm/drivers/chromedriver/mac64/140.0.7339.207/chromedriver-mac-arm64/chromedriver] found in cache
2025-09-28 14:31:50,131 - INFO - Collected 10 reviews for property 675325513153891058
2025-09-28 14:31:50,277 - INFO - Progress: 45 successful, 37 failed
2025-09-28 14:31:51,283 - INFO - 
--- Processing Listing 83/384: 1117167036186955365 in Kisumu County
_
_
Guest favorite
Guest favorite
Apartment in Kisumu
KSh 3 ---
2025-09-28 14:31:51,284 - INFO - ====== WebDriver manager ======
2025-09-28 14:31:51,803 - INFO - Get LATEST chromedriver version for google-chrome
2025-09-28 14:31:52,095 - INFO - Get LATEST chromedriver version for google-chrome
2025-09-28 14:31:52,409 - INFO - Driver [/Users/brianrono/.wdm/drivers/chromedriver/mac64/140.0.7339.207/chromedriver-mac-arm64/chromedriver] found in cache
2025-09-28 14:32:38,899 - INFO - Collected 17 reviews for property 1117167036186955365
2025-09-28 14:32:39,023 - INFO - Progress: 46 successful, 37 failed
2025-09-28 14:32:40,029 - INFO - 
--- Processing Listing 84/384: 1502946558664800804 in Kisumu County
_
_
Guest favorite
Guest favorite
Apartment in Kisumu
KSh 3 ---
2025-09-28 14:32:40,030 - INFO - ====== WebDriver manager ======
2025-09-28 14:32:40,568 - INFO - Get LATEST chromedriver version for google-chrome
2025-09-28 14:32:40,858 - INFO - Get LATEST chromedriver version for google-chrome
2025-09-28 14:32:41,167 - INFO - Driver [/Users/brianrono/.wdm/drivers/chromedriver/mac64/140.0.7339.207/chromedriver-mac-arm64/chromedriver] found in cache
2025-09-28 14:33:04,884 - WARNING - No reviews found for property 1502946558664800804
2025-09-28 14:33:05,014 - INFO - Progress: 46 successful, 38 failed
2025-09-28 14:33:06,020 - INFO - 
--- Processing Listing 85/384: 1090525367872499386 in Kisumu County
_
_
Guest favorite
Guest favorite
Apartment in Kisumu
KSh 3 ---
2025-09-28 14:33:06,021 - INFO - ====== WebDriver manager ======
2025-09-28 14:33:06,538 - INFO - Get LATEST chromedriver version for google-chrome
2025-09-28 14:33:06,824 - INFO - Get LATEST chromedriver version for google-chrome
2025-09-28 14:33:07,139 - INFO - Driver [/Users/brianrono/.wdm/drivers/chromedriver/mac64/140.0.7339.207/chromedriver-mac-arm64/chromedriver] found in cache
2025-09-28 14:33:52,540 - INFO - Collected 7 reviews for property 1090525367872499386
2025-09-28 14:33:52,685 - INFO - Progress: 47 successful, 38 failed
2025-09-28 14:33:53,696 - INFO - 
--- Processing Listing 86/384: 1494340472325131509 in Kisumu County
_
_
Guest favorite
Guest favorite
Apartment in Kisumu
KSh 3 ---
2025-09-28 14:33:53,697 - INFO - ====== WebDriver manager ======
2025-09-28 14:33:54,244 - INFO - Get LATEST chromedriver version for google-chrome
2025-09-28 14:33:54,531 - INFO - Get LATEST chromedriver version for google-chrome
2025-09-28 14:33:54,847 - INFO - Driver [/Users/brianrono/.wdm/drivers/chromedriver/mac64/140.0.7339.207/chromedriver-mac-arm64/chromedriver] found in cache
2025-09-28 14:34:37,935 - WARNING - No reviews found for property 1494340472325131509
2025-09-28 14:34:38,076 - INFO - Progress: 47 successful, 39 failed
2025-09-28 14:34:39,087 - INFO - 
--- Processing Listing 87/384: 1487704675258849352 in Kisumu County
_
_
Guest favorite
Guest favorite
Apartment in Kisumu
KSh 3 ---
2025-09-28 14:34:39,088 - INFO - ====== WebDriver manager ======
2025-09-28 14:34:39,620 - INFO - Get LATEST chromedriver version for google-chrome
2025-09-28 14:34:39,905 - INFO - Get LATEST chromedriver version for google-chrome
2025-09-28 14:34:40,220 - INFO - Driver [/Users/brianrono/.wdm/drivers/chromedriver/mac64/140.0.7339.207/chromedriver-mac-arm64/chromedriver] found in cache
2025-09-28 14:35:23,450 - WARNING - No reviews found for property 1487704675258849352
2025-09-28 14:35:23,604 - INFO - Progress: 47 successful, 40 failed
2025-09-28 14:35:24,616 - INFO - 
--- Processing Listing 88/384: 39147633 in Kisumu County
_
_
Guest favorite
Guest favorite
Apartment in Kisumu
KSh 3 ---
2025-09-28 14:35:24,616 - INFO - ====== WebDriver manager ======
2025-09-28 14:35:25,136 - INFO - Get LATEST chromedriver version for google-chrome
2025-09-28 14:35:25,431 - INFO - Get LATEST chromedriver version for google-chrome
2025-09-28 14:35:25,742 - INFO - Driver [/Users/brianrono/.wdm/drivers/chromedriver/mac64/140.0.7339.207/chromedriver-mac-arm64/chromedriver] found in cache
2025-09-28 14:36:17,053 - INFO - Collected 26 reviews for property 39147633
2025-09-28 14:36:17,200 - INFO - Progress: 48 successful, 40 failed
2025-09-28 14:36:18,211 - INFO - 
--- Processing Listing 89/384: 1479734894225502263 in Kisumu County
_
_
Guest favorite
Guest favorite
Apartment in Kisumu
KSh 3 ---
2025-09-28 14:36:18,212 - INFO - ====== WebDriver manager ======
2025-09-28 14:36:18,752 - INFO - Get LATEST chromedriver version for google-chrome
2025-09-28 14:36:19,046 - INFO - Get LATEST chromedriver version for google-chrome
2025-09-28 14:36:19,368 - INFO - Driver [/Users/brianrono/.wdm/drivers/chromedriver/mac64/140.0.7339.207/chromedriver-mac-arm64/chromedriver] found in cache
2025-09-28 14:37:02,752 - WARNING - No reviews found for property 1479734894225502263
2025-09-28 14:37:02,888 - INFO - Progress: 48 successful, 41 failed
2025-09-28 14:37:03,900 - INFO - 
--- Processing Listing 90/384: 52972364 in Kisumu County
_
_
Guest favorite
Guest favorite
Apartment in Kisumu
KSh 3 ---
2025-09-28 14:37:03,901 - INFO - ====== WebDriver manager ======
2025-09-28 14:37:04,415 - INFO - Get LATEST chromedriver version for google-chrome
2025-09-28 14:37:04,704 - INFO - Get LATEST chromedriver version for google-chrome
2025-09-28 14:37:05,018 - INFO - Driver [/Users/brianrono/.wdm/drivers/chromedriver/mac64/140.0.7339.207/chromedriver-mac-arm64/chromedriver] found in cache
2025-09-28 14:37:52,235 - INFO - Collected 16 reviews for property 52972364
2025-09-28 14:37:52,381 - INFO - Progress: 49 successful, 41 failed
2025-09-28 14:37:53,392 - INFO - 
--- Processing Listing 91/384: 1202174603719891473 in Kisumu County
_
_
Guest favorite
Guest favorite
Apartment in Kisumu
KSh 3 ---
2025-09-28 14:37:53,393 - INFO - ====== WebDriver manager ======
2025-09-28 14:37:53,924 - INFO - Get LATEST chromedriver version for google-chrome
2025-09-28 14:37:54,204 - INFO - Get LATEST chromedriver version for google-chrome
2025-09-28 14:37:54,522 - INFO - Driver [/Users/brianrono/.wdm/drivers/chromedriver/mac64/140.0.7339.207/chromedriver-mac-arm64/chromedriver] found in cache
2025-09-28 14:38:37,789 - WARNING - No reviews found for property 1202174603719891473
2025-09-28 14:38:37,919 - INFO - Progress: 49 successful, 42 failed
2025-09-28 14:38:38,930 - INFO - 
--- Processing Listing 92/384: 54097898 in Kisumu County
_
_
Guest favorite
Guest favorite
Apartment in Kisumu
KSh 3 ---
2025-09-28 14:38:38,931 - INFO - ====== WebDriver manager ======
2025-09-28 14:38:39,480 - INFO - Get LATEST chromedriver version for google-chrome
2025-09-28 14:38:39,771 - INFO - Get LATEST chromedriver version for google-chrome
2025-09-28 14:38:40,089 - INFO - Driver [/Users/brianrono/.wdm/drivers/chromedriver/mac64/140.0.7339.207/chromedriver-mac-arm64/chromedriver] found in cache
2025-09-28 14:39:33,520 - INFO - Collected 34 reviews for property 54097898
2025-09-28 14:39:33,664 - INFO - Progress: 50 successful, 42 failed
2025-09-28 14:39:34,675 - INFO - 
--- Processing Listing 93/384: 1459574846973763484 in Kisumu County
_
_
Guest favorite
Guest favorite
Apartment in Kisumu
KSh 3 ---
2025-09-28 14:39:34,675 - INFO - ====== WebDriver manager ======
2025-09-28 14:39:35,213 - INFO - Get LATEST chromedriver version for google-chrome
2025-09-28 14:39:35,503 - INFO - Get LATEST chromedriver version for google-chrome
2025-09-28 14:39:35,820 - INFO - Driver [/Users/brianrono/.wdm/drivers/chromedriver/mac64/140.0.7339.207/chromedriver-mac-arm64/chromedriver] found in cache
2025-09-28 14:40:18,777 - WARNING - No reviews found for property 1459574846973763484
2025-09-28 14:40:18,921 - INFO - Progress: 50 successful, 43 failed
2025-09-28 14:40:19,928 - INFO - 
--- Processing Listing 94/384: 1493685405784328987 in Kisumu County
_
_
Guest favorite
Guest favorite
Apartment in Kisumu
KSh 3 ---
2025-09-28 14:40:19,928 - INFO - ====== WebDriver manager ======
2025-09-28 14:40:20,467 - INFO - Get LATEST chromedriver version for google-chrome
2025-09-28 14:40:20,756 - INFO - Get LATEST chromedriver version for google-chrome
2025-09-28 14:40:21,071 - INFO - Driver [/Users/brianrono/.wdm/drivers/chromedriver/mac64/140.0.7339.207/chromedriver-mac-arm64/chromedriver] found in cache
2025-09-28 14:41:05,115 - WARNING - No reviews found for property 1493685405784328987
2025-09-28 14:41:05,257 - INFO - Progress: 50 successful, 44 failed
2025-09-28 14:41:06,263 - INFO - 
--- Processing Listing 95/384: 1379834995481127007 in Kisumu County
_
_
Guest favorite
Guest favorite
Apartment in Kisumu
KSh 3 ---
2025-09-28 14:41:06,263 - INFO - ====== WebDriver manager ======
2025-09-28 14:41:06,793 - INFO - Get LATEST chromedriver version for google-chrome
2025-09-28 14:41:07,079 - INFO - Get LATEST chromedriver version for google-chrome
2025-09-28 14:41:07,392 - INFO - Driver [/Users/brianrono/.wdm/drivers/chromedriver/mac64/140.0.7339.207/chromedriver-mac-arm64/chromedriver] found in cache
2025-09-28 14:41:52,615 - INFO - Collected 8 reviews for property 1379834995481127007
2025-09-28 14:41:52,750 - INFO - Progress: 51 successful, 44 failed
2025-09-28 14:41:53,756 - INFO - 
--- Processing Listing 96/384: 1474646122938603040 in Kisumu County
_
_
Guest favorite
Guest favorite
Apartment in Kisumu
KSh 3 ---
2025-09-28 14:41:53,757 - INFO - ====== WebDriver manager ======
2025-09-28 14:41:54,292 - INFO - Get LATEST chromedriver version for google-chrome
2025-09-28 14:41:54,576 - INFO - Get LATEST chromedriver version for google-chrome
2025-09-28 14:41:54,897 - INFO - Driver [/Users/brianrono/.wdm/drivers/chromedriver/mac64/140.0.7339.207/chromedriver-mac-arm64/chromedriver] found in cache
2025-09-28 14:42:38,060 - WARNING - No reviews found for property 1474646122938603040
2025-09-28 14:42:38,197 - INFO - Progress: 51 successful, 45 failed
2025-09-28 14:42:39,203 - INFO - 
--- Processing Listing 97/384: 905782288530363881 in Kisumu County
_
_
Guest favorite
Guest favorite
Apartment in Kisumu
KSh 3 ---
2025-09-28 14:42:39,203 - INFO - ====== WebDriver manager ======
2025-09-28 14:42:39,723 - INFO - Get LATEST chromedriver version for google-chrome
2025-09-28 14:42:40,007 - INFO - Get LATEST chromedriver version for google-chrome
2025-09-28 14:42:40,323 - INFO - Driver [/Users/brianrono/.wdm/drivers/chromedriver/mac64/140.0.7339.207/chromedriver-mac-arm64/chromedriver] found in cache
2025-09-28 14:43:25,221 - INFO - Collected 14 reviews for property 905782288530363881
2025-09-28 14:43:25,342 - INFO - Progress: 52 successful, 45 failed
2025-09-28 14:43:26,348 - INFO - 
--- Processing Listing 98/384: 824619345188955470 in Kisumu County
_
_
Guest favorite
Guest favorite
Apartment in Kisumu
KSh 3 ---
2025-09-28 14:43:26,349 - INFO - ====== WebDriver manager ======
2025-09-28 14:43:26,882 - INFO - Get LATEST chromedriver version for google-chrome
2025-09-28 14:43:27,173 - INFO - Get LATEST chromedriver version for google-chrome
2025-09-28 14:43:27,491 - INFO - Driver [/Users/brianrono/.wdm/drivers/chromedriver/mac64/140.0.7339.207/chromedriver-mac-arm64/chromedriver] found in cache
2025-09-28 14:44:12,776 - INFO - Collected 22 reviews for property 824619345188955470
2025-09-28 14:44:12,899 - INFO - Progress: 53 successful, 45 failed
2025-09-28 14:44:13,905 - INFO - 
--- Processing Listing 99/384: 1160146304656401913 in Kisumu County
_
_
Guest favorite
Guest favorite
Apartment in Kisumu
KSh 3 ---
2025-09-28 14:44:13,906 - INFO - ====== WebDriver manager ======
2025-09-28 14:44:14,435 - INFO - Get LATEST chromedriver version for google-chrome
2025-09-28 14:44:14,734 - INFO - Get LATEST chromedriver version for google-chrome
2025-09-28 14:44:15,048 - INFO - Driver [/Users/brianrono/.wdm/drivers/chromedriver/mac64/140.0.7339.207/chromedriver-mac-arm64/chromedriver] found in cache
2025-09-28 14:45:00,381 - INFO - Collected 17 reviews for property 1160146304656401913
2025-09-28 14:45:00,521 - INFO - Progress: 54 successful, 45 failed
2025-09-28 14:45:01,532 - INFO - 
--- Processing Listing 100/384: 862227633344454653 in Kisumu County
_
_
Guest favorite
Guest favorite
Apartment in Kisumu
KSh 3 ---
2025-09-28 14:45:01,533 - INFO - ====== WebDriver manager ======
2025-09-28 14:45:02,069 - INFO - Get LATEST chromedriver version for google-chrome
2025-09-28 14:45:02,387 - INFO - Get LATEST chromedriver version for google-chrome
2025-09-28 14:45:02,710 - INFO - Driver [/Users/brianrono/.wdm/drivers/chromedriver/mac64/140.0.7339.207/chromedriver-mac-arm64/chromedriver] found in cache
2025-09-28 14:45:36,950 - INFO - Collected 37 reviews for property 862227633344454653
2025-09-28 14:45:37,075 - INFO - Progress: 55 successful, 45 failed
2025-09-28 14:45:38,086 - INFO - 
--- Processing Listing 101/384: 1247090541374962399 in Kisumu County
_
_
Guest favorite
Guest favorite
Apartment in Kisumu
KSh 3 ---
2025-09-28 14:45:38,087 - INFO - ====== WebDriver manager ======
2025-09-28 14:45:38,606 - INFO - Get LATEST chromedriver version for google-chrome
2025-09-28 14:45:38,980 - INFO - Get LATEST chromedriver version for google-chrome
2025-09-28 14:45:39,329 - INFO - Driver [/Users/brianrono/.wdm/drivers/chromedriver/mac64/140.0.7339.207/chromedriver-mac-arm64/chromedriver] found in cache
2025-09-28 14:46:22,628 - WARNING - No reviews found for property 1247090541374962399
2025-09-28 14:46:22,773 - INFO - Progress: 55 successful, 46 failed
2025-09-28 14:46:23,785 - INFO - 
--- Processing Listing 102/384: 1343381049898562423 in Kisumu County
_
_
Guest favorite
Guest favorite
Apartment in Kisumu
KSh 3 ---
2025-09-28 14:46:23,785 - INFO - ====== WebDriver manager ======
2025-09-28 14:46:24,246 - INFO - Get LATEST chromedriver version for google-chrome
2025-09-28 14:46:24,538 - INFO - Get LATEST chromedriver version for google-chrome
2025-09-28 14:46:24,900 - INFO - Driver [/Users/brianrono/.wdm/drivers/chromedriver/mac64/140.0.7339.207/chromedriver-mac-arm64/chromedriver] found in cache
2025-09-28 14:47:08,952 - WARNING - No reviews found for property 1343381049898562423
2025-09-28 14:47:09,101 - INFO - Progress: 55 successful, 47 failed
2025-09-28 14:47:10,113 - INFO - 
--- Processing Listing 103/384: 1150629009068149115 in Kisumu County
_
_
Guest favorite
Guest favorite
Apartment in Kisumu
KSh 3 ---
2025-09-28 14:47:10,114 - INFO - ====== WebDriver manager ======
2025-09-28 14:47:10,658 - INFO - Get LATEST chromedriver version for google-chrome
2025-09-28 14:47:10,966 - INFO - Get LATEST chromedriver version for google-chrome
2025-09-28 14:47:11,293 - INFO - Driver [/Users/brianrono/.wdm/drivers/chromedriver/mac64/140.0.7339.207/chromedriver-mac-arm64/chromedriver] found in cache
2025-09-28 14:47:54,664 - WARNING - No reviews found for property 1150629009068149115
2025-09-28 14:47:54,810 - INFO - Progress: 55 successful, 48 failed
2025-09-28 14:47:55,821 - INFO - 
--- Processing Listing 104/384: 828744449209097283 in Kisumu County
_
_
Guest favorite
Guest favorite
Apartment in Kisumu
KSh 3 ---
2025-09-28 14:47:55,822 - INFO - ====== WebDriver manager ======
2025-09-28 14:47:56,390 - INFO - Get LATEST chromedriver version for google-chrome
2025-09-28 14:47:56,678 - INFO - Get LATEST chromedriver version for google-chrome
2025-09-28 14:47:57,022 - INFO - Driver [/Users/brianrono/.wdm/drivers/chromedriver/mac64/140.0.7339.207/chromedriver-mac-arm64/chromedriver] found in cache
2025-09-28 14:48:43,357 - INFO - Collected 20 reviews for property 828744449209097283
2025-09-28 14:48:43,504 - INFO - Progress: 56 successful, 48 failed
2025-09-28 14:48:44,516 - INFO - 
--- Processing Listing 105/384: 1257008670757612394 in Kisumu County
_
_
Guest favorite
Guest favorite
Apartment in Kisumu
KSh 3 ---
2025-09-28 14:48:44,517 - INFO - ====== WebDriver manager ======
2025-09-28 14:48:45,048 - INFO - Get LATEST chromedriver version for google-chrome
2025-09-28 14:48:45,423 - INFO - Get LATEST chromedriver version for google-chrome
2025-09-28 14:48:45,740 - INFO - Driver [/Users/brianrono/.wdm/drivers/chromedriver/mac64/140.0.7339.207/chromedriver-mac-arm64/chromedriver] found in cache
2025-09-28 14:49:29,440 - WARNING - No reviews found for property 1257008670757612394
2025-09-28 14:49:29,584 - INFO - Progress: 56 successful, 49 failed
2025-09-28 14:49:30,595 - INFO - 
--- Processing Listing 106/384: 42695237 in Kisumu County
_
_
Guest favorite
Guest favorite
Apartment in Kisumu
KSh 3 ---
2025-09-28 14:49:30,595 - INFO - ====== WebDriver manager ======
2025-09-28 14:49:31,136 - INFO - Get LATEST chromedriver version for google-chrome
2025-09-28 14:49:31,425 - INFO - Get LATEST chromedriver version for google-chrome
2025-09-28 14:49:31,739 - INFO - Driver [/Users/brianrono/.wdm/drivers/chromedriver/mac64/140.0.7339.207/chromedriver-mac-arm64/chromedriver] found in cache
2025-09-28 14:50:06,652 - INFO - Collected 36 reviews for property 42695237
2025-09-28 14:50:06,776 - INFO - Progress: 57 successful, 49 failed
2025-09-28 14:50:07,788 - INFO - 
--- Processing Listing 107/384: 1387117026506192562 in Kisumu County
_
_
Guest favorite
Guest favorite
Apartment in Kisumu
KSh 3 ---
2025-09-28 14:50:07,789 - INFO - ====== WebDriver manager ======
2025-09-28 14:50:08,311 - INFO - Get LATEST chromedriver version for google-chrome
2025-09-28 14:50:08,603 - INFO - Get LATEST chromedriver version for google-chrome
2025-09-28 14:50:08,922 - INFO - Driver [/Users/brianrono/.wdm/drivers/chromedriver/mac64/140.0.7339.207/chromedriver-mac-arm64/chromedriver] found in cache
2025-09-28 14:50:53,736 - WARNING - No reviews found for property 1387117026506192562
2025-09-28 14:50:53,888 - INFO - Progress: 57 successful, 50 failed
2025-09-28 14:50:54,900 - INFO - 
--- Processing Listing 108/384: 1012411924695902882 in Kisumu County
_
_
Guest favorite
Guest favorite
Apartment in Kisumu
KSh 3 ---
2025-09-28 14:50:54,900 - INFO - ====== WebDriver manager ======
2025-09-28 14:50:55,450 - INFO - Get LATEST chromedriver version for google-chrome
2025-09-28 14:50:55,736 - INFO - Get LATEST chromedriver version for google-chrome
2025-09-28 14:50:56,046 - INFO - Driver [/Users/brianrono/.wdm/drivers/chromedriver/mac64/140.0.7339.207/chromedriver-mac-arm64/chromedriver] found in cache
2025-09-28 14:53:25,993 - INFO - Collected 24 reviews for property 1012411924695902882
2025-09-28 14:53:26,154 - INFO - Progress: 58 successful, 50 failed
2025-09-28 14:53:27,161 - INFO - 
--- Processing Listing 109/384: 1344204565871874009 in Kisumu County
_
_
Guest favorite
Guest favorite
Apartment in Kisumu
KSh 3 ---
2025-09-28 14:53:27,162 - INFO - ====== WebDriver manager ======
2025-09-28 14:53:27,573 - INFO - Get LATEST chromedriver version for google-chrome
2025-09-28 14:53:27,859 - INFO - Get LATEST chromedriver version for google-chrome
2025-09-28 14:53:28,240 - INFO - Driver [/Users/brianrono/.wdm/drivers/chromedriver/mac64/140.0.7339.207/chromedriver-mac-arm64/chromedriver] found in cache
2025-09-28 14:53:52,504 - WARNING - No reviews found for property 1344204565871874009
2025-09-28 14:53:52,632 - INFO - Progress: 58 successful, 51 failed
2025-09-28 14:53:53,638 - INFO - 
--- Processing Listing 110/384: 1012411924695902882 in Kisumu County
_
_
Guest favorite
Guest favorite
Apartment in Kisumu
KSh 3 ---
2025-09-28 14:53:53,639 - INFO - ====== WebDriver manager ======
2025-09-28 14:53:54,152 - INFO - Get LATEST chromedriver version for google-chrome
2025-09-28 14:53:54,460 - INFO - Get LATEST chromedriver version for google-chrome
2025-09-28 14:53:54,799 - INFO - Driver [/Users/brianrono/.wdm/drivers/chromedriver/mac64/140.0.7339.207/chromedriver-mac-arm64/chromedriver] found in cache
2025-09-28 14:54:45,007 - INFO - Collected 27 reviews for property 1012411924695902882
2025-09-28 14:54:45,150 - INFO - Progress: 59 successful, 51 failed
2025-09-28 14:54:46,157 - INFO - 
--- Processing Listing 111/384: 1423228382657566586 in Kisumu County
_
_
Guest favorite
Guest favorite
Apartment in Kisumu
KSh 3 ---
2025-09-28 14:54:46,158 - INFO - ====== WebDriver manager ======
2025-09-28 14:54:46,681 - INFO - Get LATEST chromedriver version for google-chrome
2025-09-28 14:54:46,972 - INFO - Get LATEST chromedriver version for google-chrome
2025-09-28 14:54:47,299 - INFO - Driver [/Users/brianrono/.wdm/drivers/chromedriver/mac64/140.0.7339.207/chromedriver-mac-arm64/chromedriver] found in cache
2025-09-28 14:55:32,240 - WARNING - No reviews found for property 1423228382657566586
2025-09-28 14:55:32,384 - INFO - Progress: 59 successful, 52 failed
2025-09-28 14:55:33,390 - INFO - 
--- Processing Listing 112/384: 1296779419776933952 in Kisumu County
_
_
Guest favorite
Guest favorite
Apartment in Kisumu
KSh 3 ---
2025-09-28 14:55:33,391 - INFO - ====== WebDriver manager ======
2025-09-28 14:55:33,922 - INFO - Get LATEST chromedriver version for google-chrome
2025-09-28 14:55:34,212 - INFO - Get LATEST chromedriver version for google-chrome
2025-09-28 14:55:34,529 - INFO - Driver [/Users/brianrono/.wdm/drivers/chromedriver/mac64/140.0.7339.207/chromedriver-mac-arm64/chromedriver] found in cache
2025-09-28 14:56:02,127 - INFO - Collected 11 reviews for property 1296779419776933952
2025-09-28 14:56:02,248 - INFO - Progress: 60 successful, 52 failed
2025-09-28 14:56:03,253 - INFO - 
--- Processing Listing 113/384: 50895364 in Kisumu County
_
_
Guest favorite
Guest favorite
Apartment in Kisumu
KSh 3 ---
2025-09-28 14:56:03,254 - INFO - ====== WebDriver manager ======
2025-09-28 14:56:03,730 - INFO - Get LATEST chromedriver version for google-chrome
2025-09-28 14:56:04,020 - INFO - Get LATEST chromedriver version for google-chrome
2025-09-28 14:56:04,340 - INFO - Driver [/Users/brianrono/.wdm/drivers/chromedriver/mac64/140.0.7339.207/chromedriver-mac-arm64/chromedriver] found in cache
2025-09-28 14:56:37,703 - INFO - Collected 25 reviews for property 50895364
2025-09-28 14:56:37,823 - INFO - Progress: 61 successful, 52 failed
2025-09-28 14:56:38,834 - INFO - 
--- Processing Listing 114/384: 1334129360663600627 in Kisumu County
_
_
Guest favorite
Guest favorite
Apartment in Kisumu
KSh 3 ---
2025-09-28 14:56:38,835 - INFO - ====== WebDriver manager ======
2025-09-28 14:56:39,367 - INFO - Get LATEST chromedriver version for google-chrome
2025-09-28 14:56:39,655 - INFO - Get LATEST chromedriver version for google-chrome
2025-09-28 14:56:39,970 - INFO - Driver [/Users/brianrono/.wdm/drivers/chromedriver/mac64/140.0.7339.207/chromedriver-mac-arm64/chromedriver] found in cache
2025-09-28 14:57:23,047 - WARNING - No reviews found for property 1334129360663600627
2025-09-28 14:57:23,191 - INFO - Progress: 61 successful, 53 failed
2025-09-28 14:57:24,203 - INFO - 
--- Processing Listing 115/384: 1359435952060002630 in Kisumu County
_
_
Guest favorite
Guest favorite
Apartment in Kisumu
KSh 3 ---
2025-09-28 14:57:24,203 - INFO - ====== WebDriver manager ======
2025-09-28 14:57:24,758 - INFO - Get LATEST chromedriver version for google-chrome
2025-09-28 14:57:25,050 - INFO - Get LATEST chromedriver version for google-chrome
2025-09-28 14:57:25,367 - INFO - Driver [/Users/brianrono/.wdm/drivers/chromedriver/mac64/140.0.7339.207/chromedriver-mac-arm64/chromedriver] found in cache
2025-09-28 14:58:10,406 - WARNING - No reviews found for property 1359435952060002630
2025-09-28 14:58:10,564 - INFO - Progress: 61 successful, 54 failed
2025-09-28 14:58:11,576 - INFO - 
--- Processing Listing 116/384: 1386378142836884217 in Kisumu County
_
_
Guest favorite
Guest favorite
Apartment in Kisumu
KSh 3 ---
2025-09-28 14:58:11,577 - INFO - ====== WebDriver manager ======
2025-09-28 14:58:12,107 - INFO - Get LATEST chromedriver version for google-chrome
2025-09-28 14:58:12,504 - INFO - Get LATEST chromedriver version for google-chrome
2025-09-28 14:58:12,863 - INFO - Driver [/Users/brianrono/.wdm/drivers/chromedriver/mac64/140.0.7339.207/chromedriver-mac-arm64/chromedriver] found in cache
2025-09-28 14:58:56,560 - WARNING - No reviews found for property 1386378142836884217
2025-09-28 14:58:56,709 - INFO - Progress: 61 successful, 55 failed
2025-09-28 14:58:57,720 - INFO - 
--- Processing Listing 117/384: 1443955359573227437 in Kisumu County
_
_
Guest favorite
Guest favorite
Apartment in Kisumu
KSh 3 ---
2025-09-28 14:58:57,721 - INFO - ====== WebDriver manager ======
2025-09-28 14:58:58,279 - INFO - Get LATEST chromedriver version for google-chrome
2025-09-28 14:58:58,567 - INFO - Get LATEST chromedriver version for google-chrome
2025-09-28 14:58:58,885 - INFO - Driver [/Users/brianrono/.wdm/drivers/chromedriver/mac64/140.0.7339.207/chromedriver-mac-arm64/chromedriver] found in cache
2025-09-28 14:59:42,773 - WARNING - No reviews found for property 1443955359573227437
2025-09-28 14:59:42,922 - INFO - Progress: 61 successful, 56 failed
2025-09-28 14:59:43,933 - INFO - 
--- Processing Listing 118/384: 17272210 in Kisumu County
_
_
Guest favorite
Guest favorite
Apartment in Kisumu
KSh 3 ---
2025-09-28 14:59:43,934 - INFO - ====== WebDriver manager ======
2025-09-28 14:59:44,472 - INFO - Get LATEST chromedriver version for google-chrome
2025-09-28 14:59:44,764 - INFO - Get LATEST chromedriver version for google-chrome
2025-09-28 14:59:45,081 - INFO - Driver [/Users/brianrono/.wdm/drivers/chromedriver/mac64/140.0.7339.207/chromedriver-mac-arm64/chromedriver] found in cache
2025-09-28 15:00:20,239 - INFO - Collected 57 reviews for property 17272210
2025-09-28 15:00:20,370 - INFO - Progress: 62 successful, 56 failed
2025-09-28 15:00:21,381 - INFO - 
--- Processing Listing 119/384: 710426934135648246 in Kisumu County
_
_
Guest favorite
Guest favorite
Apartment in Kisumu
KSh 3 ---
2025-09-28 15:00:21,382 - INFO - ====== WebDriver manager ======
2025-09-28 15:00:21,884 - INFO - Get LATEST chromedriver version for google-chrome
2025-09-28 15:00:22,172 - INFO - Get LATEST chromedriver version for google-chrome
2025-09-28 15:00:22,515 - INFO - Driver [/Users/brianrono/.wdm/drivers/chromedriver/mac64/140.0.7339.207/chromedriver-mac-arm64/chromedriver] found in cache
2025-09-28 15:01:13,363 - INFO - Collected 31 reviews for property 710426934135648246
2025-09-28 15:01:13,513 - INFO - Progress: 63 successful, 56 failed
2025-09-28 15:01:14,524 - INFO - 
--- Processing Listing 120/384: 683198784409768400 in Kisumu County
_
_
Guest favorite
Guest favorite
Apartment in Kisumu
KSh 3 ---
2025-09-28 15:01:14,525 - INFO - ====== WebDriver manager ======
2025-09-28 15:01:15,069 - INFO - Get LATEST chromedriver version for google-chrome
2025-09-28 15:01:15,355 - INFO - Get LATEST chromedriver version for google-chrome
2025-09-28 15:01:15,670 - INFO - Driver [/Users/brianrono/.wdm/drivers/chromedriver/mac64/140.0.7339.207/chromedriver-mac-arm64/chromedriver] found in cache
2025-09-28 15:01:42,813 - INFO - Collected 15 reviews for property 683198784409768400
2025-09-28 15:01:42,938 - INFO - Progress: 64 successful, 56 failed
2025-09-28 15:01:43,950 - INFO - 
--- Processing Listing 121/384: 951572768215612154 in Kisumu County
_
_
Guest favorite
Guest favorite
Apartment in Kisumu
KSh 3 ---
2025-09-28 15:01:43,951 - INFO - ====== WebDriver manager ======
2025-09-28 15:01:44,495 - INFO - Get LATEST chromedriver version for google-chrome
2025-09-28 15:01:44,787 - INFO - Get LATEST chromedriver version for google-chrome
2025-09-28 15:01:45,108 - INFO - Driver [/Users/brianrono/.wdm/drivers/chromedriver/mac64/140.0.7339.207/chromedriver-mac-arm64/chromedriver] found in cache
2025-09-28 15:02:31,284 - INFO - Collected 21 reviews for property 951572768215612154
2025-09-28 15:02:31,426 - INFO - Progress: 65 successful, 56 failed
2025-09-28 15:02:32,437 - INFO - 
--- Processing Listing 122/384: 598537293841363191 in Kisumu County
_
_
Guest favorite
Guest favorite
Apartment in Kisumu
KSh 3 ---
2025-09-28 15:02:32,438 - INFO - ====== WebDriver manager ======
2025-09-28 15:02:32,971 - INFO - Get LATEST chromedriver version for google-chrome
2025-09-28 15:02:33,264 - INFO - Get LATEST chromedriver version for google-chrome
2025-09-28 15:02:33,578 - INFO - Driver [/Users/brianrono/.wdm/drivers/chromedriver/mac64/140.0.7339.207/chromedriver-mac-arm64/chromedriver] found in cache
2025-09-28 15:03:06,174 - INFO - Collected 42 reviews for property 598537293841363191
2025-09-28 15:03:06,333 - INFO - Progress: 66 successful, 56 failed
2025-09-28 15:03:07,340 - INFO - 
--- Processing Listing 123/384: 52560653 in Kisumu County
_
_
Guest favorite
Guest favorite
Apartment in Kisumu
KSh 3 ---
2025-09-28 15:03:07,341 - INFO - ====== WebDriver manager ======
2025-09-28 15:03:07,781 - INFO - Get LATEST chromedriver version for google-chrome
2025-09-28 15:03:08,053 - INFO - Get LATEST chromedriver version for google-chrome
2025-09-28 15:03:08,351 - INFO - Driver [/Users/brianrono/.wdm/drivers/chromedriver/mac64/140.0.7339.207/chromedriver-mac-arm64/chromedriver] found in cache
2025-09-28 15:03:42,496 - INFO - Collected 33 reviews for property 52560653
2025-09-28 15:03:42,622 - INFO - Progress: 67 successful, 56 failed
2025-09-28 15:03:43,629 - INFO - 
--- Processing Listing 124/384: 50554270 in Kisumu County
_
_
Guest favorite
Guest favorite
Apartment in Kisumu
KSh 3 ---
2025-09-28 15:03:43,630 - INFO - ====== WebDriver manager ======
2025-09-28 15:03:44,141 - INFO - Get LATEST chromedriver version for google-chrome
2025-09-28 15:03:44,426 - INFO - Get LATEST chromedriver version for google-chrome
2025-09-28 15:03:44,738 - INFO - Driver [/Users/brianrono/.wdm/drivers/chromedriver/mac64/140.0.7339.207/chromedriver-mac-arm64/chromedriver] found in cache
2025-09-28 15:04:05,551 - WARNING - Retrying (Retry(total=2, connect=None, read=None, redirect=None, status=None)) after connection broken by 'ConnectionResetError(54, 'Connection reset by peer')': /session/4b940be44b686cb08f071acca2ba4c9c
2025-09-28 15:04:05,554 - WARNING - Retrying (Retry(total=1, connect=None, read=None, redirect=None, status=None)) after connection broken by 'NewConnectionError('<urllib3.connection.HTTPConnection object at 0x10836d890>: Failed to establish a new connection: [Errno 61] Connection refused')': /session/4b940be44b686cb08f071acca2ba4c9c
2025-09-28 15:04:05,557 - WARNING - Retrying (Retry(total=0, connect=None, read=None, redirect=None, status=None)) after connection broken by 'NewConnectionError('<urllib3.connection.HTTPConnection object at 0x10836e910>: Failed to establish a new connection: [Errno 61] Connection refused')': /session/4b940be44b686cb08f071acca2ba4c9c
