listing_id,property_type,property_name,property_url,property_id,bed_info,dates,price,original_price,duration,rating,review_count,badges,page_number,scrape_timestamp,source_location,source_location_link,location_index
card-container,Apartment in Kisumu,1 bedroomTuffoam mall0711273331,https://www.airbnb.com/rooms/1471196943830109415?search_mode=regular_search&adults=1&check_in=2026-07-10&check_out=2026-07-12&children=0&infants=0&pets=0&source_impression_id=p3_1759054436_P3tFqMVSPFsSs5AS&previous_page_section_name=1000&federated_search_id=6c69b930-57bf-48d3-b1c5-fd85bcf88241,1471196943830109415,"1 bedroomTuffoam mall0711273331 | 1 bedroom
1 bedroom
1 bed
,
 · 1 bed",N/A,"KSh 8,538",N/A,2 nights,N/A,N/A,N/A,1,2025-09-28 13:14:18,"Kisumu County
_
_
Guest favorite
Guest favorite
Apartment in Kisumu
KSh 3",https://www.airbnb.com/s/Kisumu-County/homes?place_id=ChIJ3_PD7Z-lKhgR71EwTssPkhY&refinement_paths%5B%5D=%2Fhomes&flexible_trip_lengths%5B%5D=weekend_trip&date_picker_type=FLEXIBLE_DATES&search_type=HOMEPAGE_CAROUSEL_CLICK,0
card-container,Apartment in Kisumu,Kisumu Purple Haven,https://www.airbnb.com/rooms/1188235911014047903?search_mode=regular_search&adults=1&check_in=2026-07-17&check_out=2026-07-19&children=0&infants=0&pets=0&source_impression_id=p3_1759054436_P3oTIkrW6EJ6lxsI&previous_page_section_name=1000&federated_search_id=6c69b930-57bf-48d3-b1c5-fd85bcf88241,1188235911014047903,"1 bedroom
1 bedroom
2 queen beds
,
 · 2 queen beds",N/A,"KSh 4,417",N/A,2 nights,N/A,N/A,N/A,1,2025-09-28 13:14:18,"Kisumu County
_
_
Guest favorite
Guest favorite
Apartment in Kisumu
KSh 3",https://www.airbnb.com/s/Kisumu-County/homes?place_id=ChIJ3_PD7Z-lKhgR71EwTssPkhY&refinement_paths%5B%5D=%2Fhomes&flexible_trip_lengths%5B%5D=weekend_trip&date_picker_type=FLEXIBLE_DATES&search_type=HOMEPAGE_CAROUSEL_CLICK,0
card-container,Apartment in Kisumu,Ensuite spacious Studio w/ queen bed in Milimani,https://www.airbnb.com/rooms/602851192342831352?search_mode=regular_search&adults=1&check_in=2026-09-18&check_out=2026-09-20&children=0&infants=0&pets=0&source_impression_id=p3_1759054436_P3GuKP_EHM42z96h&previous_page_section_name=1000&federated_search_id=6c69b930-57bf-48d3-b1c5-fd85bcf88241,602851192342831352,"Ensuite spacious Studio w/ queen bed in Milimani | 1 bedroom
1 bedroom
1 queen bed
,
 · 1 queen bed",N/A,"KSh 7,224",N/A,2 nights,N/A,N/A,N/A,1,2025-09-28 13:14:18,"Kisumu County
_
_
Guest favorite
Guest favorite
Apartment in Kisumu
KSh 3",https://www.airbnb.com/s/Kisumu-County/homes?place_id=ChIJ3_PD7Z-lKhgR71EwTssPkhY&refinement_paths%5B%5D=%2Fhomes&flexible_trip_lengths%5B%5D=weekend_trip&date_picker_type=FLEXIBLE_DATES&search_type=HOMEPAGE_CAROUSEL_CLICK,0
card-container,Home in Kisumu,"Modern Loft overlooking the lake, horizon&Sunset",https://www.airbnb.com/rooms/753337240571344470?search_mode=regular_search&adults=1&check_in=2026-02-27&check_out=2026-03-01&children=0&infants=0&pets=0&source_impression_id=p3_1759054436_P3RTatD3qBNGA0Vf&previous_page_section_name=1000&federated_search_id=6c69b930-57bf-48d3-b1c5-fd85bcf88241,753337240571344470,"1 bedroom
1 bedroom
1 bed
,
 · 1 bed","Feb 27 – Mar 1
Feb 27 – Mar 1","KSh 8,576",N/A,2 nights,N/A,N/A,N/A,1,2025-09-28 13:14:18,"Kisumu County
_
_
Guest favorite
Guest favorite
Apartment in Kisumu
KSh 3",https://www.airbnb.com/s/Kisumu-County/homes?place_id=ChIJ3_PD7Z-lKhgR71EwTssPkhY&refinement_paths%5B%5D=%2Fhomes&flexible_trip_lengths%5B%5D=weekend_trip&date_picker_type=FLEXIBLE_DATES&search_type=HOMEPAGE_CAROUSEL_CLICK,0
card-container,Boutique hotel in Kisumu,"Cozy Studio-Garden Pool Restaurant, 5 mins to CBD",https://www.airbnb.com/rooms/1507916426590161473?search_mode=regular_search&adults=1&check_in=2026-02-27&check_out=2026-03-01&children=0&infants=0&pets=0&source_impression_id=p3_1759054436_P3GH96kcbjGzOmxA&previous_page_section_name=1000&federated_search_id=6c69b930-57bf-48d3-b1c5-fd85bcf88241,1507916426590161473,"1 bedroom
1 bedroom
1 single bed
,
 · 1 single bed","Feb 27 – Mar 1
Feb 27 – Mar 1","KSh 6,317","KSh 6,317",2 nights,N/A,N/A,N/A,1,2025-09-28 13:14:18,"Kisumu County
_
_
Guest favorite
Guest favorite
Apartment in Kisumu
KSh 3",https://www.airbnb.com/s/Kisumu-County/homes?place_id=ChIJ3_PD7Z-lKhgR71EwTssPkhY&refinement_paths%5B%5D=%2Fhomes&flexible_trip_lengths%5B%5D=weekend_trip&date_picker_type=FLEXIBLE_DATES&search_type=HOMEPAGE_CAROUSEL_CLICK,0
card-container,Apartment in Kisumu,Pacific Luxury 1B Kisumu,https://www.airbnb.com/rooms/1313233850714402624?search_mode=regular_search&adults=1&check_in=2026-05-01&check_out=2026-05-03&children=0&infants=0&pets=0&source_impression_id=p3_1759054436_P3o09UWz-m_v2s6Q&previous_page_section_name=1000&federated_search_id=6c69b930-57bf-48d3-b1c5-fd85bcf88241,1313233850714402624,"1 bedroom
1 bedroom
1 bed
,
 · 1 bed",N/A,"KSh 6,183",N/A,2 nights,N/A,N/A,N/A,1,2025-09-28 13:14:18,"Kisumu County
_
_
Guest favorite
Guest favorite
Apartment in Kisumu
KSh 3",https://www.airbnb.com/s/Kisumu-County/homes?place_id=ChIJ3_PD7Z-lKhgR71EwTssPkhY&refinement_paths%5B%5D=%2Fhomes&flexible_trip_lengths%5B%5D=weekend_trip&date_picker_type=FLEXIBLE_DATES&search_type=HOMEPAGE_CAROUSEL_CLICK,0
card-container,Apartment in Kisumu,Makasembo Furnished Apartment one bedroom kisumu,https://www.airbnb.com/rooms/1467228695532436470?search_mode=regular_search&adults=1&check_in=2026-01-09&check_out=2026-01-11&children=0&infants=0&pets=0&source_impression_id=p3_1759054436_P3BqxZuxlKdVvH8s&previous_page_section_name=1000&federated_search_id=6c69b930-57bf-48d3-b1c5-fd85bcf88241,1467228695532436470,"Makasembo Furnished Apartment one bedroom kisumu | 1 bedroom
1 bedroom
1 bed
,
 · 1 bed","Jan 9 – 11
Jan 9 – 11","KSh 5,829",N/A,2 nights,N/A,N/A,N/A,1,2025-09-28 13:14:18,"Kisumu County
_
_
Guest favorite
Guest favorite
Apartment in Kisumu
KSh 3",https://www.airbnb.com/s/Kisumu-County/homes?place_id=ChIJ3_PD7Z-lKhgR71EwTssPkhY&refinement_paths%5B%5D=%2Fhomes&flexible_trip_lengths%5B%5D=weekend_trip&date_picker_type=FLEXIBLE_DATES&search_type=HOMEPAGE_CAROUSEL_CLICK,0
card-container,Apartment in Kisumu,"Lakebreeze 2 Bedroom, All ensuite, Milimani ksm0722732628",https://www.airbnb.com/rooms/1219398139452851258?search_mode=regular_search&adults=1&check_in=2025-10-24&check_out=2025-10-26&children=0&infants=0&pets=0&source_impression_id=p3_1759054436_P3iZ69mEyQq_4ZEg&previous_page_section_name=1000&federated_search_id=6c69b930-57bf-48d3-b1c5-fd85bcf88241,1219398139452851258,"Lakebreeze 2 Bedroom, All ensuite, Milimani ksm0722732628 | 2 bedrooms
2 bedrooms
2 queen beds
,
 · 2 queen beds","Oct 24 – 26
Oct 24 – 26","KSh 15,310",N/A,2 nights,N/A,N/A,N/A,1,2025-09-28 13:14:18,"Kisumu County
_
_
Guest favorite
Guest favorite
Apartment in Kisumu
KSh 3",https://www.airbnb.com/s/Kisumu-County/homes?place_id=ChIJ3_PD7Z-lKhgR71EwTssPkhY&refinement_paths%5B%5D=%2Fhomes&flexible_trip_lengths%5B%5D=weekend_trip&date_picker_type=FLEXIBLE_DATES&search_type=HOMEPAGE_CAROUSEL_CLICK,0
card-container,Condo in Kisumu,LakeView 1 bed CBD KSM/backupGen/Lift722732628,https://www.airbnb.com/rooms/1097142472444766631?search_mode=regular_search&adults=1&check_in=2025-11-14&check_out=2025-11-16&children=0&infants=0&pets=0&source_impression_id=p3_1759054436_P3GnpKCxy6fIyFG_&previous_page_section_name=1000&federated_search_id=6c69b930-57bf-48d3-b1c5-fd85bcf88241,1097142472444766631,"LakeView 1 bed CBD KSM/backupGen/Lift722732628 | 1 bedroom
1 bedroom
1 double bed
,
 · 1 double bed","Nov 14 – 16
Nov 14 – 16","KSh 9,716",N/A,2 nights,N/A,N/A,N/A,1,2025-09-28 13:14:18,"Kisumu County
_
_
Guest favorite
Guest favorite
Apartment in Kisumu
KSh 3",https://www.airbnb.com/s/Kisumu-County/homes?place_id=ChIJ3_PD7Z-lKhgR71EwTssPkhY&refinement_paths%5B%5D=%2Fhomes&flexible_trip_lengths%5B%5D=weekend_trip&date_picker_type=FLEXIBLE_DATES&search_type=HOMEPAGE_CAROUSEL_CLICK,0
card-container,Home in Kisumu,"luxury apartment Amboseli pride ,7,0,8,7,1,7,4,5,8",https://www.airbnb.com/rooms/1294622134999747650?search_mode=regular_search&adults=1&check_in=2026-03-06&check_out=2026-03-08&children=0&infants=0&pets=0&source_impression_id=p3_1759054436_P3bzDPJLHasiho4w&previous_page_section_name=1000&federated_search_id=6c69b930-57bf-48d3-b1c5-fd85bcf88241,1294622134999747650,"4 bedrooms
4 bedrooms
4 beds
,
 · 4 beds","Mar 6 – 8
Mar 6 – 8","KSh 23,407",N/A,2 nights,N/A,N/A,N/A,1,2025-09-28 13:14:19,"Kisumu County
_
_
Guest favorite
Guest favorite
Apartment in Kisumu
KSh 3",https://www.airbnb.com/s/Kisumu-County/homes?place_id=ChIJ3_PD7Z-lKhgR71EwTssPkhY&refinement_paths%5B%5D=%2Fhomes&flexible_trip_lengths%5B%5D=weekend_trip&date_picker_type=FLEXIBLE_DATES&search_type=HOMEPAGE_CAROUSEL_CLICK,0
card-container,Cottage in Kisumu,Del Sol (Villa 3) - Queen bed. Lake Front,https://www.airbnb.com/rooms/45589321?search_mode=regular_search&adults=1&check_in=2026-07-24&check_out=2026-07-26&children=0&infants=0&pets=0&source_impression_id=p3_1759054436_P3JGdY6PBZ3BVrN4&previous_page_section_name=1000&federated_search_id=6c69b930-57bf-48d3-b1c5-fd85bcf88241,45589321,"Del Sol (Villa 3) - Queen bed. Lake Front | 1 bedroom
1 bedroom
1 queen bed
,
 · 1 queen bed",N/A,"KSh 8,244",N/A,2 nights,N/A,N/A,N/A,1,2025-09-28 13:14:19,"Kisumu County
_
_
Guest favorite
Guest favorite
Apartment in Kisumu
KSh 3",https://www.airbnb.com/s/Kisumu-County/homes?place_id=ChIJ3_PD7Z-lKhgR71EwTssPkhY&refinement_paths%5B%5D=%2Fhomes&flexible_trip_lengths%5B%5D=weekend_trip&date_picker_type=FLEXIBLE_DATES&search_type=HOMEPAGE_CAROUSEL_CLICK,0
card-container,Room in Kisumu,Sandra’s home away0722912163,https://www.airbnb.com/rooms/43988178?search_mode=regular_search&adults=1&category_tag=Tag%3A8678&check_in=2026-01-09&check_out=2026-01-11&children=0&infants=0&pets=0&photo_id=1313531972&source_impression_id=p3_1759054436_P3TjGxlDE-AVFc8R&previous_page_section_name=1000&federated_search_id=6c69b930-57bf-48d3-b1c5-fd85bcf88241,43988178,"1 queen bed
1 queen bed","Jan 9 – 11
Jan 9 – 11","KSh 5,299",N/A,2 nights,N/A,N/A,N/A,1,2025-09-28 13:14:19,"Kisumu County
_
_
Guest favorite
Guest favorite
Apartment in Kisumu
KSh 3",https://www.airbnb.com/s/Kisumu-County/homes?place_id=ChIJ3_PD7Z-lKhgR71EwTssPkhY&refinement_paths%5B%5D=%2Fhomes&flexible_trip_lengths%5B%5D=weekend_trip&date_picker_type=FLEXIBLE_DATES&search_type=HOMEPAGE_CAROUSEL_CLICK,0
card-container,Condo in Kisumu,Amani 1 bedroom apartment,https://www.airbnb.com/rooms/619379611297294985?search_mode=regular_search&adults=1&check_in=2026-07-03&check_out=2026-07-05&children=0&infants=0&pets=0&source_impression_id=p3_1759054436_P3dEjz3hiKXITk9i&previous_page_section_name=1000&federated_search_id=6c69b930-57bf-48d3-b1c5-fd85bcf88241,619379611297294985,"Amani 1 bedroom apartment | 1 bedroom
1 bedroom
1 bed
,
 · 1 bed",N/A,"KSh 5,889",N/A,2 nights,N/A,N/A,N/A,1,2025-09-28 13:14:19,"Kisumu County
_
_
Guest favorite
Guest favorite
Apartment in Kisumu
KSh 3",https://www.airbnb.com/s/Kisumu-County/homes?place_id=ChIJ3_PD7Z-lKhgR71EwTssPkhY&refinement_paths%5B%5D=%2Fhomes&flexible_trip_lengths%5B%5D=weekend_trip&date_picker_type=FLEXIBLE_DATES&search_type=HOMEPAGE_CAROUSEL_CLICK,0
card-container,Apartment in Kisumu,3 bedrooms CBD0725913803,https://www.airbnb.com/rooms/1095291126169579847?search_mode=regular_search&adults=1&check_in=2026-05-08&check_out=2026-05-10&children=0&infants=0&pets=0&source_impression_id=p3_1759054436_P3xpqRniXj4PjpTo&previous_page_section_name=1000&federated_search_id=6c69b930-57bf-48d3-b1c5-fd85bcf88241,1095291126169579847,"3 bedrooms CBD0725913803 | 3 bedrooms
3 bedrooms
3 beds
,
 · 3 beds",N/A,"KSh 16,193",N/A,2 nights,N/A,N/A,N/A,1,2025-09-28 13:14:19,"Kisumu County
_
_
Guest favorite
Guest favorite
Apartment in Kisumu
KSh 3",https://www.airbnb.com/s/Kisumu-County/homes?place_id=ChIJ3_PD7Z-lKhgR71EwTssPkhY&refinement_paths%5B%5D=%2Fhomes&flexible_trip_lengths%5B%5D=weekend_trip&date_picker_type=FLEXIBLE_DATES&search_type=HOMEPAGE_CAROUSEL_CLICK,0
card-container,Apartment in Kisumu,2bedroom tuffoam mall0711273331,https://www.airbnb.com/rooms/1471219351799657816?search_mode=regular_search&adults=1&check_in=2026-06-12&check_out=2026-06-14&children=0&infants=0&pets=0&source_impression_id=p3_1759054436_P30TXPNbP2iZgd2C&previous_page_section_name=1000&federated_search_id=6c69b930-57bf-48d3-b1c5-fd85bcf88241,1471219351799657816,"2bedroom tuffoam mall0711273331 | 1 bedroom
1 bedroom
2 beds
,
 · 2 beds",N/A,"KSh 12,072",N/A,2 nights,N/A,N/A,N/A,1,2025-09-28 13:14:19,"Kisumu County
_
_
Guest favorite
Guest favorite
Apartment in Kisumu
KSh 3",https://www.airbnb.com/s/Kisumu-County/homes?place_id=ChIJ3_PD7Z-lKhgR71EwTssPkhY&refinement_paths%5B%5D=%2Fhomes&flexible_trip_lengths%5B%5D=weekend_trip&date_picker_type=FLEXIBLE_DATES&search_type=HOMEPAGE_CAROUSEL_CLICK,0
card-container,Villa in Kisumu,Villa Vista Lake Front0722743633,https://www.airbnb.com/rooms/1221202806591012043?search_mode=regular_search&adults=1&check_in=2026-07-10&check_out=2026-07-12&children=0&infants=0&pets=0&source_impression_id=p3_1759054436_P3KSKssxB0yGqOFS&previous_page_section_name=1000&federated_search_id=6c69b930-57bf-48d3-b1c5-fd85bcf88241,1221202806591012043,"6 bedrooms
6 bedrooms
6 beds
,
 · 6 beds",N/A,"KSh 53,732",N/A,2 nights,N/A,N/A,N/A,1,2025-09-28 13:14:19,"Kisumu County
_
_
Guest favorite
Guest favorite
Apartment in Kisumu
KSh 3",https://www.airbnb.com/s/Kisumu-County/homes?place_id=ChIJ3_PD7Z-lKhgR71EwTssPkhY&refinement_paths%5B%5D=%2Fhomes&flexible_trip_lengths%5B%5D=weekend_trip&date_picker_type=FLEXIBLE_DATES&search_type=HOMEPAGE_CAROUSEL_CLICK,0
card-container,Apartment in Kisumu,Kisumu Lakeview bnb apartment0734683328,https://www.airbnb.com/rooms/1117239543489265345?search_mode=regular_search&adults=1&check_in=2026-03-13&check_out=2026-03-15&children=0&infants=0&pets=0&source_impression_id=p3_1759054436_P3fNZqpwVT5Dh_YX&previous_page_section_name=1000&federated_search_id=6c69b930-57bf-48d3-b1c5-fd85bcf88241,1117239543489265345,"3 bedrooms
3 bedrooms","Mar 13 – 15
Mar 13 – 15","KSh 22,082",N/A,2 nights,N/A,N/A,N/A,1,2025-09-28 13:14:19,"Kisumu County
_
_
Guest favorite
Guest favorite
Apartment in Kisumu
KSh 3",https://www.airbnb.com/s/Kisumu-County/homes?place_id=ChIJ3_PD7Z-lKhgR71EwTssPkhY&refinement_paths%5B%5D=%2Fhomes&flexible_trip_lengths%5B%5D=weekend_trip&date_picker_type=FLEXIBLE_DATES&search_type=HOMEPAGE_CAROUSEL_CLICK,0
card-container,Apartment in Kisumu,"Executive 3bedroom in kisumu CBD,0704734109",https://www.airbnb.com/rooms/1088153806063474676?search_mode=regular_search&adults=1&check_in=2025-12-12&check_out=2025-12-14&children=0&infants=0&pets=0&source_impression_id=p3_1759054436_P3LP9V6dQ4RR9Vrx&previous_page_section_name=1000&federated_search_id=6c69b930-57bf-48d3-b1c5-fd85bcf88241,1088153806063474676,"Executive 3bedroom in kisumu CBD,0704734109 | 3 bedrooms
3 bedrooms
3 beds
,
 · 3 beds","Dec 12 – 14
Dec 12 – 14","KSh 15,016",N/A,2 nights,N/A,N/A,N/A,1,2025-09-28 13:14:19,"Kisumu County
_
_
Guest favorite
Guest favorite
Apartment in Kisumu
KSh 3",https://www.airbnb.com/s/Kisumu-County/homes?place_id=ChIJ3_PD7Z-lKhgR71EwTssPkhY&refinement_paths%5B%5D=%2Fhomes&flexible_trip_lengths%5B%5D=weekend_trip&date_picker_type=FLEXIBLE_DATES&search_type=HOMEPAGE_CAROUSEL_CLICK,0
card-container,Apartment in Kisumu,Furnished Apartment in Kisumu,https://www.airbnb.com/rooms/1484241669488822090?search_mode=regular_search&adults=1&check_in=2025-11-07&check_out=2025-11-09&children=0&infants=0&pets=0&source_impression_id=p3_1759054460_P37p3bTbWiq1B_q3&previous_page_section_name=1000&federated_search_id=098a36bd-6618-46e0-ac9c-acbd0758769b,1484241669488822090,"1 bedroom
1 bedroom","Nov 7 – 9
Nov 7 – 9","KSh 10,836",N/A,2 nights,N/A,N/A,N/A,1,2025-09-28 13:14:22,"Kisumu County
_
_
Guest favorite
Guest favorite
Apartment in Kisumu
KSh 3",https://www.airbnb.com/s/Kisumu-County/homes?place_id=ChIJ3_PD7Z-lKhgR71EwTssPkhY&refinement_paths%5B%5D=%2Fhomes&flexible_trip_lengths%5B%5D=weekend_trip&date_picker_type=FLEXIBLE_DATES&search_type=HOMEPAGE_CAROUSEL_CLICK,0
card-container,Apartment in Kisumu,"Solaminus: Elegant 1BR, AC, balcony, amazing view",https://www.airbnb.com/rooms/1325844890258016382?search_mode=regular_search&adults=1&check_in=2026-09-04&check_out=2026-09-06&children=0&infants=0&pets=0&source_impression_id=p3_1759054460_P3X1PxZh9pPHmUIL&previous_page_section_name=1000&federated_search_id=098a36bd-6618-46e0-ac9c-acbd0758769b,1325844890258016382,"1 bedroom
1 bedroom
1 queen bed
,
 · 1 queen bed",N/A,"KSh 8,833",N/A,2 nights,N/A,N/A,N/A,1,2025-09-28 13:14:22,"Kisumu County
_
_
Guest favorite
Guest favorite
Apartment in Kisumu
KSh 3",https://www.airbnb.com/s/Kisumu-County/homes?place_id=ChIJ3_PD7Z-lKhgR71EwTssPkhY&refinement_paths%5B%5D=%2Fhomes&flexible_trip_lengths%5B%5D=weekend_trip&date_picker_type=FLEXIBLE_DATES&search_type=HOMEPAGE_CAROUSEL_CLICK,0
card-container,Apartment in Kisumu,"Executive 3bedroom in kisumu CBD,0704734109",https://www.airbnb.com/rooms/1088153806063474676?search_mode=regular_search&adults=1&check_in=2025-12-12&check_out=2025-12-14&children=0&infants=0&pets=0&source_impression_id=p3_1759054460_P3TtC2F3NFgdDtba&previous_page_section_name=1000&federated_search_id=098a36bd-6618-46e0-ac9c-acbd0758769b,1088153806063474676,"Executive 3bedroom in kisumu CBD,0704734109 | 3 bedrooms
3 bedrooms
3 beds
,
 · 3 beds","Dec 12 – 14
Dec 12 – 14","KSh 15,016",N/A,2 nights,N/A,N/A,N/A,1,2025-09-28 13:14:23,"Kisumu County
_
_
Guest favorite
Guest favorite
Apartment in Kisumu
KSh 3",https://www.airbnb.com/s/Kisumu-County/homes?place_id=ChIJ3_PD7Z-lKhgR71EwTssPkhY&refinement_paths%5B%5D=%2Fhomes&flexible_trip_lengths%5B%5D=weekend_trip&date_picker_type=FLEXIBLE_DATES&search_type=HOMEPAGE_CAROUSEL_CLICK,0
card-container,,,https://www.airbnb.com/rooms/579460083784653409?search_mode=regular_search&adults=1&check_in=2025-11-21&check_out=2025-11-23&children=0&infants=0&pets=0&source_impression_id=p3_1759054460_P3XpHLJgyABzKEXI&previous_page_section_name=1000&federated_search_id=098a36bd-6618-46e0-ac9c-acbd0758769b,579460083784653409,N/A,N/A,N/A,N/A,N/A,N/A,N/A,N/A,1,2025-09-28 13:14:23,"Kisumu County
_
_
Guest favorite
Guest favorite
Apartment in Kisumu
KSh 3",https://www.airbnb.com/s/Kisumu-County/homes?place_id=ChIJ3_PD7Z-lKhgR71EwTssPkhY&refinement_paths%5B%5D=%2Fhomes&flexible_trip_lengths%5B%5D=weekend_trip&date_picker_type=FLEXIBLE_DATES&search_type=HOMEPAGE_CAROUSEL_CLICK,0
card-container,,,https://www.airbnb.com/rooms/1091501130307229971?search_mode=regular_search&adults=1&check_in=2025-11-21&check_out=2025-11-23&children=0&infants=0&pets=0&source_impression_id=p3_1759054460_P3afvz1y2ik3fXwY&previous_page_section_name=1000&federated_search_id=098a36bd-6618-46e0-ac9c-acbd0758769b,1091501130307229971,N/A,N/A,N/A,N/A,N/A,N/A,N/A,N/A,1,2025-09-28 13:14:23,"Kisumu County
_
_
Guest favorite
Guest favorite
Apartment in Kisumu
KSh 3",https://www.airbnb.com/s/Kisumu-County/homes?place_id=ChIJ3_PD7Z-lKhgR71EwTssPkhY&refinement_paths%5B%5D=%2Fhomes&flexible_trip_lengths%5B%5D=weekend_trip&date_picker_type=FLEXIBLE_DATES&search_type=HOMEPAGE_CAROUSEL_CLICK,0
card-container,,,https://www.airbnb.com/rooms/1232582567770044496?search_mode=regular_search&adults=1&check_in=2025-12-26&check_out=2025-12-28&children=0&infants=0&pets=0&source_impression_id=p3_1759054460_P3Ta3evNSToPEfJm&previous_page_section_name=1000&federated_search_id=098a36bd-6618-46e0-ac9c-acbd0758769b,1232582567770044496,N/A,N/A,N/A,N/A,N/A,N/A,N/A,N/A,1,2025-09-28 13:14:23,"Kisumu County
_
_
Guest favorite
Guest favorite
Apartment in Kisumu
KSh 3",https://www.airbnb.com/s/Kisumu-County/homes?place_id=ChIJ3_PD7Z-lKhgR71EwTssPkhY&refinement_paths%5B%5D=%2Fhomes&flexible_trip_lengths%5B%5D=weekend_trip&date_picker_type=FLEXIBLE_DATES&search_type=HOMEPAGE_CAROUSEL_CLICK,0
card-container,,,https://www.airbnb.com/rooms/1154024913123015635?search_mode=regular_search&adults=1&check_in=2026-01-30&check_out=2026-02-01&children=0&infants=0&pets=0&source_impression_id=p3_1759054460_P3yNKpiZwpowuzb_&previous_page_section_name=1000&federated_search_id=098a36bd-6618-46e0-ac9c-acbd0758769b,1154024913123015635,N/A,N/A,N/A,N/A,N/A,N/A,N/A,N/A,1,2025-09-28 13:14:23,"Kisumu County
_
_
Guest favorite
Guest favorite
Apartment in Kisumu
KSh 3",https://www.airbnb.com/s/Kisumu-County/homes?place_id=ChIJ3_PD7Z-lKhgR71EwTssPkhY&refinement_paths%5B%5D=%2Fhomes&flexible_trip_lengths%5B%5D=weekend_trip&date_picker_type=FLEXIBLE_DATES&search_type=HOMEPAGE_CAROUSEL_CLICK,0
card-container,,,https://www.airbnb.com/rooms/969277753389489511?search_mode=regular_search&adults=1&check_in=2026-03-06&check_out=2026-03-08&children=0&infants=0&pets=0&source_impression_id=p3_1759054460_P3nD3CIwUCZQU-Dv&previous_page_section_name=1000&federated_search_id=098a36bd-6618-46e0-ac9c-acbd0758769b,969277753389489511,N/A,N/A,N/A,N/A,N/A,N/A,N/A,N/A,1,2025-09-28 13:14:23,"Kisumu County
_
_
Guest favorite
Guest favorite
Apartment in Kisumu
KSh 3",https://www.airbnb.com/s/Kisumu-County/homes?place_id=ChIJ3_PD7Z-lKhgR71EwTssPkhY&refinement_paths%5B%5D=%2Fhomes&flexible_trip_lengths%5B%5D=weekend_trip&date_picker_type=FLEXIBLE_DATES&search_type=HOMEPAGE_CAROUSEL_CLICK,0
card-container,,,https://www.airbnb.com/rooms/1473938106724902700?search_mode=regular_search&adults=1&check_in=2025-12-05&check_out=2025-12-07&children=0&infants=0&pets=0&source_impression_id=p3_1759054460_P37QO9LnUZnalKOL&previous_page_section_name=1000&federated_search_id=098a36bd-6618-46e0-ac9c-acbd0758769b,1473938106724902700,N/A,N/A,N/A,N/A,N/A,N/A,N/A,N/A,1,2025-09-28 13:14:23,"Kisumu County
_
_
Guest favorite
Guest favorite
Apartment in Kisumu
KSh 3",https://www.airbnb.com/s/Kisumu-County/homes?place_id=ChIJ3_PD7Z-lKhgR71EwTssPkhY&refinement_paths%5B%5D=%2Fhomes&flexible_trip_lengths%5B%5D=weekend_trip&date_picker_type=FLEXIBLE_DATES&search_type=HOMEPAGE_CAROUSEL_CLICK,0
card-container,,,https://www.airbnb.com/rooms/53388675?search_mode=regular_search&adults=1&check_in=2026-03-27&check_out=2026-03-29&children=0&infants=0&pets=0&source_impression_id=p3_1759054460_P31B716Ir2qQMXuA&previous_page_section_name=1000&federated_search_id=098a36bd-6618-46e0-ac9c-acbd0758769b,53388675,N/A,N/A,N/A,N/A,N/A,N/A,N/A,N/A,1,2025-09-28 13:14:23,"Kisumu County
_
_
Guest favorite
Guest favorite
Apartment in Kisumu
KSh 3",https://www.airbnb.com/s/Kisumu-County/homes?place_id=ChIJ3_PD7Z-lKhgR71EwTssPkhY&refinement_paths%5B%5D=%2Fhomes&flexible_trip_lengths%5B%5D=weekend_trip&date_picker_type=FLEXIBLE_DATES&search_type=HOMEPAGE_CAROUSEL_CLICK,0
card-container,,,https://www.airbnb.com/rooms/1360325532733260874?search_mode=regular_search&adults=1&check_in=2026-09-11&check_out=2026-09-13&children=0&infants=0&pets=0&source_impression_id=p3_1759054460_P3axhVAisx_GjBEL&previous_page_section_name=1000&federated_search_id=098a36bd-6618-46e0-ac9c-acbd0758769b,1360325532733260874,N/A,N/A,N/A,N/A,N/A,N/A,N/A,N/A,1,2025-09-28 13:14:23,"Kisumu County
_
_
Guest favorite
Guest favorite
Apartment in Kisumu
KSh 3",https://www.airbnb.com/s/Kisumu-County/homes?place_id=ChIJ3_PD7Z-lKhgR71EwTssPkhY&refinement_paths%5B%5D=%2Fhomes&flexible_trip_lengths%5B%5D=weekend_trip&date_picker_type=FLEXIBLE_DATES&search_type=HOMEPAGE_CAROUSEL_CLICK,0
card-container,,,https://www.airbnb.com/rooms/1315119445225516293?search_mode=regular_search&adults=1&check_in=2025-12-05&check_out=2025-12-07&children=0&infants=0&pets=0&source_impression_id=p3_1759054460_P3AI2arbH3WEAfXH&previous_page_section_name=1000&federated_search_id=098a36bd-6618-46e0-ac9c-acbd0758769b,1315119445225516293,N/A,N/A,N/A,N/A,N/A,N/A,N/A,N/A,1,2025-09-28 13:14:23,"Kisumu County
_
_
Guest favorite
Guest favorite
Apartment in Kisumu
KSh 3",https://www.airbnb.com/s/Kisumu-County/homes?place_id=ChIJ3_PD7Z-lKhgR71EwTssPkhY&refinement_paths%5B%5D=%2Fhomes&flexible_trip_lengths%5B%5D=weekend_trip&date_picker_type=FLEXIBLE_DATES&search_type=HOMEPAGE_CAROUSEL_CLICK,0
card-container,,,https://www.airbnb.com/rooms/848637261044262724?search_mode=regular_search&adults=1&check_in=2025-10-03&check_out=2025-10-05&children=0&infants=0&pets=0&source_impression_id=p3_1759054460_P33vg6DYt1PmlKh3&previous_page_section_name=1000&federated_search_id=098a36bd-6618-46e0-ac9c-acbd0758769b,848637261044262724,N/A,N/A,N/A,N/A,N/A,N/A,N/A,N/A,1,2025-09-28 13:14:24,"Kisumu County
_
_
Guest favorite
Guest favorite
Apartment in Kisumu
KSh 3",https://www.airbnb.com/s/Kisumu-County/homes?place_id=ChIJ3_PD7Z-lKhgR71EwTssPkhY&refinement_paths%5B%5D=%2Fhomes&flexible_trip_lengths%5B%5D=weekend_trip&date_picker_type=FLEXIBLE_DATES&search_type=HOMEPAGE_CAROUSEL_CLICK,0
card-container,,,https://www.airbnb.com/rooms/54388276?search_mode=regular_search&adults=1&check_in=2026-02-27&check_out=2026-03-01&children=0&infants=0&pets=0&source_impression_id=p3_1759054460_P3FjG2mny-qoHJDg&previous_page_section_name=1000&federated_search_id=098a36bd-6618-46e0-ac9c-acbd0758769b,54388276,N/A,N/A,N/A,N/A,N/A,N/A,N/A,N/A,1,2025-09-28 13:14:24,"Kisumu County
_
_
Guest favorite
Guest favorite
Apartment in Kisumu
KSh 3",https://www.airbnb.com/s/Kisumu-County/homes?place_id=ChIJ3_PD7Z-lKhgR71EwTssPkhY&refinement_paths%5B%5D=%2Fhomes&flexible_trip_lengths%5B%5D=weekend_trip&date_picker_type=FLEXIBLE_DATES&search_type=HOMEPAGE_CAROUSEL_CLICK,0
card-container,,,https://www.airbnb.com/rooms/1098392556113751987?search_mode=regular_search&adults=1&check_in=2026-03-20&check_out=2026-03-22&children=0&infants=0&pets=0&source_impression_id=p3_1759054460_P3P_tJ3m1EpLzb39&previous_page_section_name=1000&federated_search_id=098a36bd-6618-46e0-ac9c-acbd0758769b,1098392556113751987,N/A,N/A,N/A,N/A,N/A,N/A,N/A,N/A,1,2025-09-28 13:14:24,"Kisumu County
_
_
Guest favorite
Guest favorite
Apartment in Kisumu
KSh 3",https://www.airbnb.com/s/Kisumu-County/homes?place_id=ChIJ3_PD7Z-lKhgR71EwTssPkhY&refinement_paths%5B%5D=%2Fhomes&flexible_trip_lengths%5B%5D=weekend_trip&date_picker_type=FLEXIBLE_DATES&search_type=HOMEPAGE_CAROUSEL_CLICK,0
card-container,,,https://www.airbnb.com/rooms/1518163468198532818?search_mode=regular_search&adults=1&check_in=2026-06-12&check_out=2026-06-14&children=0&infants=0&pets=0&source_impression_id=p3_1759054460_P3fSZbuKbQvDQ-Ym&previous_page_section_name=1000&federated_search_id=098a36bd-6618-46e0-ac9c-acbd0758769b,1518163468198532818,N/A,N/A,N/A,N/A,N/A,N/A,N/A,N/A,1,2025-09-28 13:14:24,"Kisumu County
_
_
Guest favorite
Guest favorite
Apartment in Kisumu
KSh 3",https://www.airbnb.com/s/Kisumu-County/homes?place_id=ChIJ3_PD7Z-lKhgR71EwTssPkhY&refinement_paths%5B%5D=%2Fhomes&flexible_trip_lengths%5B%5D=weekend_trip&date_picker_type=FLEXIBLE_DATES&search_type=HOMEPAGE_CAROUSEL_CLICK,0
card-container,,,https://www.airbnb.com/rooms/1426680603136564683?search_mode=regular_search&adults=1&check_in=2026-01-16&check_out=2026-01-18&children=0&infants=0&pets=0&source_impression_id=p3_1759054460_P3vCfRY3LgM2qZQF&previous_page_section_name=1000&federated_search_id=098a36bd-6618-46e0-ac9c-acbd0758769b,1426680603136564683,N/A,N/A,N/A,N/A,N/A,N/A,N/A,N/A,1,2025-09-28 13:14:24,"Kisumu County
_
_
Guest favorite
Guest favorite
Apartment in Kisumu
KSh 3",https://www.airbnb.com/s/Kisumu-County/homes?place_id=ChIJ3_PD7Z-lKhgR71EwTssPkhY&refinement_paths%5B%5D=%2Fhomes&flexible_trip_lengths%5B%5D=weekend_trip&date_picker_type=FLEXIBLE_DATES&search_type=HOMEPAGE_CAROUSEL_CLICK,0
card-container,,,https://www.airbnb.com/rooms/1192532960044086120?search_mode=regular_search&adults=1&check_in=2026-05-29&check_out=2026-05-31&children=0&infants=0&pets=0&source_impression_id=p3_1759054460_P3l14ieceZp9U71N&previous_page_section_name=1000&federated_search_id=098a36bd-6618-46e0-ac9c-acbd0758769b,1192532960044086120,N/A,N/A,N/A,N/A,N/A,N/A,N/A,N/A,1,2025-09-28 13:14:24,"Kisumu County
_
_
Guest favorite
Guest favorite
Apartment in Kisumu
KSh 3",https://www.airbnb.com/s/Kisumu-County/homes?place_id=ChIJ3_PD7Z-lKhgR71EwTssPkhY&refinement_paths%5B%5D=%2Fhomes&flexible_trip_lengths%5B%5D=weekend_trip&date_picker_type=FLEXIBLE_DATES&search_type=HOMEPAGE_CAROUSEL_CLICK,0
card-container,Home in Kisumu,La Nueva Victoria,https://www.airbnb.com/rooms/1426680603136564683?search_mode=regular_search&adults=1&check_in=2026-01-16&check_out=2026-01-18&children=0&infants=0&pets=0&source_impression_id=p3_1759054465_P3chRjpS4-CHDMik&previous_page_section_name=1000&federated_search_id=22b1ae29-fe4e-40ea-8c83-c1971f4d4688,1426680603136564683,"3 bedrooms
3 bedrooms
3 beds
,
 · 3 beds","Jan 16 – 18
Jan 16 – 18","KSh 9,825","KSh 9,825",2 nights,N/A,N/A,N/A,3,2025-09-28 13:14:27,"Kisumu County
_
_
Guest favorite
Guest favorite
Apartment in Kisumu
KSh 3",https://www.airbnb.com/s/Kisumu-County/homes?place_id=ChIJ3_PD7Z-lKhgR71EwTssPkhY&refinement_paths%5B%5D=%2Fhomes&flexible_trip_lengths%5B%5D=weekend_trip&date_picker_type=FLEXIBLE_DATES&search_type=HOMEPAGE_CAROUSEL_CLICK,0
card-container,Apartment in Kisumu,Rahani Furnished Apartment 3-Milimani0716908233,https://www.airbnb.com/rooms/1108653400175760999?search_mode=regular_search&adults=1&check_in=2026-06-12&check_out=2026-06-14&children=0&infants=0&pets=0&source_impression_id=p3_1759054465_P3CcSiii8kcjrZcz&previous_page_section_name=1000&federated_search_id=22b1ae29-fe4e-40ea-8c83-c1971f4d4688,1108653400175760999,"3 bedrooms
3 bedrooms",N/A,"KSh 13,250",N/A,2 nights,N/A,N/A,N/A,3,2025-09-28 13:14:27,"Kisumu County
_
_
Guest favorite
Guest favorite
Apartment in Kisumu
KSh 3",https://www.airbnb.com/s/Kisumu-County/homes?place_id=ChIJ3_PD7Z-lKhgR71EwTssPkhY&refinement_paths%5B%5D=%2Fhomes&flexible_trip_lengths%5B%5D=weekend_trip&date_picker_type=FLEXIBLE_DATES&search_type=HOMEPAGE_CAROUSEL_CLICK,0
card-container,Apartment in Kisumu,"Tuffoam 2Bed,2 baths,lift&BackupGen722732628",https://www.airbnb.com/rooms/1495521813650688821?search_mode=regular_search&adults=1&check_in=2026-06-19&check_out=2026-06-21&children=0&infants=0&pets=0&source_impression_id=p3_1759054465_P3_WRZ_x9Uhva9ZI&previous_page_section_name=1000&federated_search_id=22b1ae29-fe4e-40ea-8c83-c1971f4d4688,1495521813650688821,"Tuffoam 2Bed,2 baths,lift&BackupGen722732628 | 2 bedrooms
2 bedrooms
2 beds
,
 · 2 beds",N/A,"KSh 15,016",N/A,2 nights,N/A,N/A,N/A,3,2025-09-28 13:14:27,"Kisumu County
_
_
Guest favorite
Guest favorite
Apartment in Kisumu
KSh 3",https://www.airbnb.com/s/Kisumu-County/homes?place_id=ChIJ3_PD7Z-lKhgR71EwTssPkhY&refinement_paths%5B%5D=%2Fhomes&flexible_trip_lengths%5B%5D=weekend_trip&date_picker_type=FLEXIBLE_DATES&search_type=HOMEPAGE_CAROUSEL_CLICK,0
card-container,Apartment in Kisumu,Vaiyonce Airbnb Ksm,https://www.airbnb.com/rooms/1485439261527835982?search_mode=regular_search&adults=1&check_in=2026-03-27&check_out=2026-03-29&children=0&infants=0&pets=0&source_impression_id=p3_1759054465_P3_FMm3q9Uxksu9o&previous_page_section_name=1000&federated_search_id=22b1ae29-fe4e-40ea-8c83-c1971f4d4688,1485439261527835982,"3 bedrooms
3 bedrooms
3 beds
,
 · 3 beds","Mar 27 – 29
Mar 27 – 29","KSh 15,016",N/A,2 nights,N/A,N/A,N/A,3,2025-09-28 13:14:28,"Kisumu County
_
_
Guest favorite
Guest favorite
Apartment in Kisumu
KSh 3",https://www.airbnb.com/s/Kisumu-County/homes?place_id=ChIJ3_PD7Z-lKhgR71EwTssPkhY&refinement_paths%5B%5D=%2Fhomes&flexible_trip_lengths%5B%5D=weekend_trip&date_picker_type=FLEXIBLE_DATES&search_type=HOMEPAGE_CAROUSEL_CLICK,0
card-container,Home in Kisumu,3bedrooms with Garden,https://www.airbnb.com/rooms/872880386310489815?search_mode=regular_search&adults=1&check_in=2026-03-06&check_out=2026-03-08&children=0&infants=0&pets=0&source_impression_id=p3_1759054465_P3tE2mq4C7a7LF4t&previous_page_section_name=1000&federated_search_id=22b1ae29-fe4e-40ea-8c83-c1971f4d4688,872880386310489815,"3bedrooms with Garden | 3 bedrooms
3 bedrooms
1 bed
,
 · 1 bed","Mar 6 – 8
Mar 6 – 8","KSh 14,132",N/A,2 nights,N/A,N/A,N/A,3,2025-09-28 13:14:28,"Kisumu County
_
_
Guest favorite
Guest favorite
Apartment in Kisumu
KSh 3",https://www.airbnb.com/s/Kisumu-County/homes?place_id=ChIJ3_PD7Z-lKhgR71EwTssPkhY&refinement_paths%5B%5D=%2Fhomes&flexible_trip_lengths%5B%5D=weekend_trip&date_picker_type=FLEXIBLE_DATES&search_type=HOMEPAGE_CAROUSEL_CLICK,0
card-container,Apartment in Kisumu,One bedroom apt.close to lakebasin mall0711273 331,https://www.airbnb.com/rooms/1243622832062289448?search_mode=regular_search&adults=1&check_in=2026-05-29&check_out=2026-05-31&children=0&infants=0&pets=0&source_impression_id=p3_1759054465_P3ctrgORffFO11tZ&previous_page_section_name=1000&federated_search_id=22b1ae29-fe4e-40ea-8c83-c1971f4d4688,1243622832062289448,"One bedroom apt.close to lakebasin mall0711273 331 | 1 bedroom
1 bedroom
1 king bed
,
 · 1 king bed",N/A,"KSh 6,477",N/A,2 nights,N/A,N/A,N/A,3,2025-09-28 13:14:28,"Kisumu County
_
_
Guest favorite
Guest favorite
Apartment in Kisumu
KSh 3",https://www.airbnb.com/s/Kisumu-County/homes?place_id=ChIJ3_PD7Z-lKhgR71EwTssPkhY&refinement_paths%5B%5D=%2Fhomes&flexible_trip_lengths%5B%5D=weekend_trip&date_picker_type=FLEXIBLE_DATES&search_type=HOMEPAGE_CAROUSEL_CLICK,0
card-container,Cottage in Kisumu,Del Sol Villa (2): Queen bed,https://www.airbnb.com/rooms/28838314?search_mode=regular_search&adults=1&check_in=2026-03-27&check_out=2026-03-29&children=0&infants=0&pets=0&source_impression_id=p3_1759054465_P3NFG-HrV1c4GZ2P&previous_page_section_name=1000&federated_search_id=22b1ae29-fe4e-40ea-8c83-c1971f4d4688,28838314,"Del Sol Villa (2): Queen bed | 1 bedroom
1 bedroom
1 queen bed
,
 · 1 queen bed","Mar 27 – 29
Mar 27 – 29","KSh 11,188",N/A,2 nights,N/A,N/A,N/A,3,2025-09-28 13:14:28,"Kisumu County
_
_
Guest favorite
Guest favorite
Apartment in Kisumu
KSh 3",https://www.airbnb.com/s/Kisumu-County/homes?place_id=ChIJ3_PD7Z-lKhgR71EwTssPkhY&refinement_paths%5B%5D=%2Fhomes&flexible_trip_lengths%5B%5D=weekend_trip&date_picker_type=FLEXIBLE_DATES&search_type=HOMEPAGE_CAROUSEL_CLICK,0
card-container,Townhouse in Kisumu,"3bed all-ensuite massionette, Milimani722732628",https://www.airbnb.com/rooms/51090163?search_mode=regular_search&adults=1&check_in=2025-11-07&check_out=2025-11-09&children=0&infants=0&pets=0&source_impression_id=p3_1759054465_P3Wb9mo7gUlSqZ7h&previous_page_section_name=1000&federated_search_id=22b1ae29-fe4e-40ea-8c83-c1971f4d4688,51090163,"3bed all-ensuite massionette, Milimani722732628 | 3 bedrooms
3 bedrooms
3 queen beds
,
 · 3 queen beds","Nov 7 – 9
Nov 7 – 9","KSh 17,959",N/A,2 nights,N/A,N/A,N/A,3,2025-09-28 13:14:28,"Kisumu County
_
_
Guest favorite
Guest favorite
Apartment in Kisumu
KSh 3",https://www.airbnb.com/s/Kisumu-County/homes?place_id=ChIJ3_PD7Z-lKhgR71EwTssPkhY&refinement_paths%5B%5D=%2Fhomes&flexible_trip_lengths%5B%5D=weekend_trip&date_picker_type=FLEXIBLE_DATES&search_type=HOMEPAGE_CAROUSEL_CLICK,0
card-container,Townhouse in Kisumu,Luxurious 3BR Villa with AC in Milimani727741170,https://www.airbnb.com/rooms/949838829963582935?search_mode=regular_search&adults=1&check_in=2026-03-20&check_out=2026-03-22&children=0&infants=0&pets=0&source_impression_id=p3_1759054465_P3V9k-4AgCRjl_ag&previous_page_section_name=1000&federated_search_id=22b1ae29-fe4e-40ea-8c83-c1971f4d4688,949838829963582935,"3 bedrooms
3 bedrooms
3 beds
,
 · 3 beds","Mar 20 – 22
Mar 20 – 22","KSh 28,559",N/A,2 nights,N/A,N/A,N/A,3,2025-09-28 13:14:28,"Kisumu County
_
_
Guest favorite
Guest favorite
Apartment in Kisumu
KSh 3",https://www.airbnb.com/s/Kisumu-County/homes?place_id=ChIJ3_PD7Z-lKhgR71EwTssPkhY&refinement_paths%5B%5D=%2Fhomes&flexible_trip_lengths%5B%5D=weekend_trip&date_picker_type=FLEXIBLE_DATES&search_type=HOMEPAGE_CAROUSEL_CLICK,0
card-container,Apartment in Kisumu,Cozy 1 bedroom close to lake basin mall o714025851,https://www.airbnb.com/rooms/1403005783410262912?search_mode=regular_search&adults=1&check_in=2026-07-03&check_out=2026-07-05&children=0&infants=0&pets=0&source_impression_id=p3_1759054465_P3eJmThkYrDqsThe&previous_page_section_name=1000&federated_search_id=22b1ae29-fe4e-40ea-8c83-c1971f4d4688,1403005783410262912,"Cozy 1 bedroom close to lake basin mall o714025851 | 1 bedroom
1 bedroom
1 bed
,
 · 1 bed",N/A,"KSh 4,417",N/A,2 nights,N/A,N/A,N/A,3,2025-09-28 13:14:28,"Kisumu County
_
_
Guest favorite
Guest favorite
Apartment in Kisumu
KSh 3",https://www.airbnb.com/s/Kisumu-County/homes?place_id=ChIJ3_PD7Z-lKhgR71EwTssPkhY&refinement_paths%5B%5D=%2Fhomes&flexible_trip_lengths%5B%5D=weekend_trip&date_picker_type=FLEXIBLE_DATES&search_type=HOMEPAGE_CAROUSEL_CLICK,0
card-container,Boutique hotel in Kisumu,Milimani Kisumu studio with pool garden restaurant,https://www.airbnb.com/rooms/1504986489815468268?search_mode=regular_search&adults=1&check_in=2026-07-10&check_out=2026-07-12&children=0&infants=0&pets=0&source_impression_id=p3_1759054465_P3yy0BVyCvcArO1B&previous_page_section_name=1000&federated_search_id=22b1ae29-fe4e-40ea-8c83-c1971f4d4688,1504986489815468268,"1 bedroom
1 bedroom
1 bed
,
 · 1 bed",N/A,"KSh 6,183",N/A,2 nights,N/A,N/A,N/A,3,2025-09-28 13:14:28,"Kisumu County
_
_
Guest favorite
Guest favorite
Apartment in Kisumu
KSh 3",https://www.airbnb.com/s/Kisumu-County/homes?place_id=ChIJ3_PD7Z-lKhgR71EwTssPkhY&refinement_paths%5B%5D=%2Fhomes&flexible_trip_lengths%5B%5D=weekend_trip&date_picker_type=FLEXIBLE_DATES&search_type=HOMEPAGE_CAROUSEL_CLICK,0
card-container,Apartment in Kisumu,"Tuffoam 2bed/2baths, backupGen, lift722732628",https://www.airbnb.com/rooms/1510599650875596560?search_mode=regular_search&adults=1&check_in=2026-06-12&check_out=2026-06-14&children=0&infants=0&pets=0&source_impression_id=p3_1759054465_P3ywfYfP6aQ92UF2&previous_page_section_name=1000&federated_search_id=22b1ae29-fe4e-40ea-8c83-c1971f4d4688,1510599650875596560,"Tuffoam 2bed/2baths, backupGen, lift722732628 | 2 bedrooms
2 bedrooms
2 beds
,
 · 2 beds",N/A,"KSh 18,377","KSh 18,377",2 nights,N/A,N/A,N/A,3,2025-09-28 13:14:28,"Kisumu County
_
_
Guest favorite
Guest favorite
Apartment in Kisumu
KSh 3",https://www.airbnb.com/s/Kisumu-County/homes?place_id=ChIJ3_PD7Z-lKhgR71EwTssPkhY&refinement_paths%5B%5D=%2Fhomes&flexible_trip_lengths%5B%5D=weekend_trip&date_picker_type=FLEXIBLE_DATES&search_type=HOMEPAGE_CAROUSEL_CLICK,0
card-container,Apartment in Kisumu,"Idyll Studio Apartment In Carwash, Kisumu",https://www.airbnb.com/rooms/1513765746062830499?search_mode=regular_search&adults=1&check_in=2026-08-28&check_out=2026-08-30&children=0&infants=0&pets=0&source_impression_id=p3_1759054465_P3S6UQGNU_BEUuF2&previous_page_section_name=1000&federated_search_id=22b1ae29-fe4e-40ea-8c83-c1971f4d4688,1513765746062830499,"1 bedroom
1 bedroom
1 bed
,
 · 1 bed",N/A,"KSh 3,533",N/A,2 nights,N/A,N/A,N/A,3,2025-09-28 13:14:28,"Kisumu County
_
_
Guest favorite
Guest favorite
Apartment in Kisumu
KSh 3",https://www.airbnb.com/s/Kisumu-County/homes?place_id=ChIJ3_PD7Z-lKhgR71EwTssPkhY&refinement_paths%5B%5D=%2Fhomes&flexible_trip_lengths%5B%5D=weekend_trip&date_picker_type=FLEXIBLE_DATES&search_type=HOMEPAGE_CAROUSEL_CLICK,0
card-container,Apartment in Kisumu,Elite Homes Lakeside717000001,https://www.airbnb.com/rooms/1386067372751946503?search_mode=regular_search&adults=1&check_in=2025-12-12&check_out=2025-12-14&children=0&infants=0&pets=0&source_impression_id=p3_1759054465_P3L9IMTbWGqJE1iK&previous_page_section_name=1000&federated_search_id=22b1ae29-fe4e-40ea-8c83-c1971f4d4688,1386067372751946503,"2 bedrooms
2 bedrooms
2 beds
,
 · 2 beds","Dec 12 – 14
Dec 12 – 14","KSh 11,188",N/A,2 nights,N/A,N/A,N/A,3,2025-09-28 13:14:28,"Kisumu County
_
_
Guest favorite
Guest favorite
Apartment in Kisumu
KSh 3",https://www.airbnb.com/s/Kisumu-County/homes?place_id=ChIJ3_PD7Z-lKhgR71EwTssPkhY&refinement_paths%5B%5D=%2Fhomes&flexible_trip_lengths%5B%5D=weekend_trip&date_picker_type=FLEXIBLE_DATES&search_type=HOMEPAGE_CAROUSEL_CLICK,0
card-container,Room in Kisumu,Afri Homes,https://www.airbnb.com/rooms/1455050884629272834?search_mode=regular_search&adults=1&category_tag=Tag%3A8678&check_in=2025-12-12&check_out=2025-12-14&children=0&infants=0&pets=0&photo_id=2244227078&source_impression_id=p3_1759054465_P3ageg2SXpmTl15Y&previous_page_section_name=1000&federated_search_id=22b1ae29-fe4e-40ea-8c83-c1971f4d4688,1455050884629272834,"1 king bed
1 king bed","Dec 12 – 14
Dec 12 – 14","KSh 4,122",N/A,2 nights,N/A,N/A,N/A,3,2025-09-28 13:14:28,"Kisumu County
_
_
Guest favorite
Guest favorite
Apartment in Kisumu
KSh 3",https://www.airbnb.com/s/Kisumu-County/homes?place_id=ChIJ3_PD7Z-lKhgR71EwTssPkhY&refinement_paths%5B%5D=%2Fhomes&flexible_trip_lengths%5B%5D=weekend_trip&date_picker_type=FLEXIBLE_DATES&search_type=HOMEPAGE_CAROUSEL_CLICK,0
card-container,Apartment in Kisumu,Modern and Stylish One Bedroom in Milimani,https://www.airbnb.com/rooms/47399621?search_mode=regular_search&adults=1&check_in=2026-03-20&check_out=2026-03-22&children=0&infants=0&pets=0&source_impression_id=p3_1759054465_P3YYcpH9d2j3_LoC&previous_page_section_name=1000&federated_search_id=22b1ae29-fe4e-40ea-8c83-c1971f4d4688,47399621,"Modern and Stylish One Bedroom in Milimani | 1 bedroom
1 bedroom
1 queen bed
,
 · 1 queen bed","Mar 20 – 22
Mar 20 – 22","KSh 9,887","KSh 9,887",2 nights,N/A,N/A,N/A,3,2025-09-28 13:14:29,"Kisumu County
_
_
Guest favorite
Guest favorite
Apartment in Kisumu
KSh 3",https://www.airbnb.com/s/Kisumu-County/homes?place_id=ChIJ3_PD7Z-lKhgR71EwTssPkhY&refinement_paths%5B%5D=%2Fhomes&flexible_trip_lengths%5B%5D=weekend_trip&date_picker_type=FLEXIBLE_DATES&search_type=HOMEPAGE_CAROUSEL_CLICK,0
card-container,Apartment in Kisumu,Lavish Homely apt 2br with aircon0722912163,https://www.airbnb.com/rooms/1505704620117026372?search_mode=regular_search&adults=1&check_in=2026-01-16&check_out=2026-01-18&children=0&infants=0&pets=0&source_impression_id=p3_1759054465_P32spzicFA7bNcY8&previous_page_section_name=1000&federated_search_id=22b1ae29-fe4e-40ea-8c83-c1971f4d4688,1505704620117026372,"2 bedrooms
2 bedrooms
2 king beds
,
 · 2 king beds","Jan 16 – 18
Jan 16 – 18","KSh 17,228","KSh 17,228",2 nights,N/A,N/A,N/A,3,2025-09-28 13:14:29,"Kisumu County
_
_
Guest favorite
Guest favorite
Apartment in Kisumu
KSh 3",https://www.airbnb.com/s/Kisumu-County/homes?place_id=ChIJ3_PD7Z-lKhgR71EwTssPkhY&refinement_paths%5B%5D=%2Fhomes&flexible_trip_lengths%5B%5D=weekend_trip&date_picker_type=FLEXIBLE_DATES&search_type=HOMEPAGE_CAROUSEL_CLICK,0
card-container,Tiny home in Kisumu,"Beautiful, Affordable 1bdrm apt in Milimani,Kisumu",https://www.airbnb.com/rooms/1326578114558969379?search_mode=regular_search&adults=1&check_in=2026-07-03&check_out=2026-07-05&children=0&infants=0&pets=0&source_impression_id=p3_1759054465_P3Aln0jj1kkVlohq&previous_page_section_name=1000&federated_search_id=22b1ae29-fe4e-40ea-8c83-c1971f4d4688,1326578114558969379,"1 bedroom
1 bedroom
1 bed
,
 · 1 bed",N/A,"KSh 5,152",N/A,2 nights,N/A,N/A,N/A,3,2025-09-28 13:14:29,"Kisumu County
_
_
Guest favorite
Guest favorite
Apartment in Kisumu
KSh 3",https://www.airbnb.com/s/Kisumu-County/homes?place_id=ChIJ3_PD7Z-lKhgR71EwTssPkhY&refinement_paths%5B%5D=%2Fhomes&flexible_trip_lengths%5B%5D=weekend_trip&date_picker_type=FLEXIBLE_DATES&search_type=HOMEPAGE_CAROUSEL_CLICK,0
card-container,Apartment in Kisumu,Lavish Homely apt 2br with aircon0722912163,https://www.airbnb.com/rooms/1505704620117026372?search_mode=regular_search&adults=1&check_in=2026-01-16&check_out=2026-01-18&children=0&infants=0&pets=0&source_impression_id=p3_1759054469_P36boGdiLe6oLLFw&previous_page_section_name=1000&federated_search_id=f52584f8-0672-455f-a9f4-c48a3d53a1d9,1505704620117026372,"2 bedrooms
2 bedrooms
2 king beds
,
 · 2 king beds","Jan 16 – 18
Jan 16 – 18","KSh 17,228","KSh 17,228",2 nights,N/A,N/A,N/A,4,2025-09-28 13:14:32,"Kisumu County
_
_
Guest favorite
Guest favorite
Apartment in Kisumu
KSh 3",https://www.airbnb.com/s/Kisumu-County/homes?place_id=ChIJ3_PD7Z-lKhgR71EwTssPkhY&refinement_paths%5B%5D=%2Fhomes&flexible_trip_lengths%5B%5D=weekend_trip&date_picker_type=FLEXIBLE_DATES&search_type=HOMEPAGE_CAROUSEL_CLICK,0
card-container,Tiny home in Kisumu,"Beautiful, Affordable 1bdrm apt in Milimani,Kisumu",https://www.airbnb.com/rooms/1326578114558969379?search_mode=regular_search&adults=1&check_in=2026-07-03&check_out=2026-07-05&children=0&infants=0&pets=0&source_impression_id=p3_1759054470_P33htvrj-1hl8Kcm&previous_page_section_name=1000&federated_search_id=f52584f8-0672-455f-a9f4-c48a3d53a1d9,1326578114558969379,"1 bedroom
1 bedroom
1 bed
,
 · 1 bed",N/A,"KSh 5,152",N/A,2 nights,N/A,N/A,N/A,4,2025-09-28 13:14:32,"Kisumu County
_
_
Guest favorite
Guest favorite
Apartment in Kisumu
KSh 3",https://www.airbnb.com/s/Kisumu-County/homes?place_id=ChIJ3_PD7Z-lKhgR71EwTssPkhY&refinement_paths%5B%5D=%2Fhomes&flexible_trip_lengths%5B%5D=weekend_trip&date_picker_type=FLEXIBLE_DATES&search_type=HOMEPAGE_CAROUSEL_CLICK,0
card-container,Apartment in Kisumu,Del Sol Villa (4): 3 bed Luxury Villa.,https://www.airbnb.com/rooms/40105528?search_mode=regular_search&adults=1&check_in=2026-09-18&check_out=2026-09-20&children=0&infants=0&pets=0&source_impression_id=p3_1759054470_P389U91_dFBOb_aQ&previous_page_section_name=1000&federated_search_id=f52584f8-0672-455f-a9f4-c48a3d53a1d9,40105528,"Del Sol Villa (4): 3 bed Luxury Villa. | 2 bedrooms
2 bedrooms
3 beds
,
 · 3 beds",N/A,"KSh 27,529",N/A,2 nights,N/A,N/A,N/A,4,2025-09-28 13:14:32,"Kisumu County
_
_
Guest favorite
Guest favorite
Apartment in Kisumu
KSh 3",https://www.airbnb.com/s/Kisumu-County/homes?place_id=ChIJ3_PD7Z-lKhgR71EwTssPkhY&refinement_paths%5B%5D=%2Fhomes&flexible_trip_lengths%5B%5D=weekend_trip&date_picker_type=FLEXIBLE_DATES&search_type=HOMEPAGE_CAROUSEL_CLICK,0
card-container,Apartment in Kisumu,Serene 1 bedroom Milimani0722832367,https://www.airbnb.com/rooms/1489805377470990946?search_mode=regular_search&adults=1&check_in=2026-05-08&check_out=2026-05-10&children=0&infants=0&pets=0&source_impression_id=p3_1759054470_P3ATB7g6cBQcXzL_&previous_page_section_name=1000&federated_search_id=f52584f8-0672-455f-a9f4-c48a3d53a1d9,1489805377470990946,"Serene 1 bedroom Milimani0722832367 | 1 bedroom
1 bedroom
1 double bed
,
 · 1 double bed",N/A,"KSh 6,183",N/A,2 nights,N/A,N/A,N/A,4,2025-09-28 13:14:32,"Kisumu County
_
_
Guest favorite
Guest favorite
Apartment in Kisumu
KSh 3",https://www.airbnb.com/s/Kisumu-County/homes?place_id=ChIJ3_PD7Z-lKhgR71EwTssPkhY&refinement_paths%5B%5D=%2Fhomes&flexible_trip_lengths%5B%5D=weekend_trip&date_picker_type=FLEXIBLE_DATES&search_type=HOMEPAGE_CAROUSEL_CLICK,0
card-container,Apartment in Kisumu,Rustic 1br Milimani,https://www.airbnb.com/rooms/1430273393827446924?search_mode=regular_search&adults=1&check_in=2026-02-20&check_out=2026-02-22&children=0&infants=0&pets=0&source_impression_id=p3_1759054470_P38xdTZZ3Jh7bcwn&previous_page_section_name=1000&federated_search_id=f52584f8-0672-455f-a9f4-c48a3d53a1d9,1430273393827446924,"1 bedroom
1 bedroom
1 bed
,
 · 1 bed","Feb 20 – 22
Feb 20 – 22","KSh 6,183",N/A,2 nights,N/A,N/A,N/A,4,2025-09-28 13:14:32,"Kisumu County
_
_
Guest favorite
Guest favorite
Apartment in Kisumu
KSh 3",https://www.airbnb.com/s/Kisumu-County/homes?place_id=ChIJ3_PD7Z-lKhgR71EwTssPkhY&refinement_paths%5B%5D=%2Fhomes&flexible_trip_lengths%5B%5D=weekend_trip&date_picker_type=FLEXIBLE_DATES&search_type=HOMEPAGE_CAROUSEL_CLICK,0
card-container,Apartment in Kisumu,"Cozy quiet apt w/ free secure parking, fast Wi-Fi",https://www.airbnb.com/rooms/52063781?search_mode=regular_search&adults=1&check_in=2025-11-21&check_out=2025-11-23&children=0&infants=0&pets=0&source_impression_id=p3_1759054470_P3037J8w2CGtvKBv&previous_page_section_name=1000&federated_search_id=f52584f8-0672-455f-a9f4-c48a3d53a1d9,52063781,"2 bedrooms
2 bedrooms
3 beds
,
 · 3 beds","Nov 21 – 23
Nov 21 – 23","KSh 4,417",N/A,2 nights,N/A,N/A,N/A,4,2025-09-28 13:14:32,"Kisumu County
_
_
Guest favorite
Guest favorite
Apartment in Kisumu
KSh 3",https://www.airbnb.com/s/Kisumu-County/homes?place_id=ChIJ3_PD7Z-lKhgR71EwTssPkhY&refinement_paths%5B%5D=%2Fhomes&flexible_trip_lengths%5B%5D=weekend_trip&date_picker_type=FLEXIBLE_DATES&search_type=HOMEPAGE_CAROUSEL_CLICK,0
card-container,Bungalow in Kisumu,GTen's Gardens 3 Bedroom House with large compound,https://www.airbnb.com/rooms/40985009?search_mode=regular_search&adults=1&check_in=2025-10-10&check_out=2025-10-12&children=0&infants=0&pets=0&source_impression_id=p3_1759054470_P346kjrZjidO7gow&previous_page_section_name=1000&federated_search_id=f52584f8-0672-455f-a9f4-c48a3d53a1d9,40985009,"GTen's Gardens 3 Bedroom House with large compound | 3 bedrooms
3 bedrooms
3 beds
,
 · 3 beds","Oct 10 – 12
Oct 10 – 12","KSh 20,757",N/A,2 nights,N/A,N/A,N/A,4,2025-09-28 13:14:32,"Kisumu County
_
_
Guest favorite
Guest favorite
Apartment in Kisumu
KSh 3",https://www.airbnb.com/s/Kisumu-County/homes?place_id=ChIJ3_PD7Z-lKhgR71EwTssPkhY&refinement_paths%5B%5D=%2Fhomes&flexible_trip_lengths%5B%5D=weekend_trip&date_picker_type=FLEXIBLE_DATES&search_type=HOMEPAGE_CAROUSEL_CLICK,0
card-container,Home in Kisumu,Rahani furnished apartment 0716908233,https://www.airbnb.com/rooms/649195427747137942?search_mode=regular_search&adults=1&check_in=2026-08-21&check_out=2026-08-23&children=0&infants=0&pets=0&source_impression_id=p3_1759054470_P3CTCu2G4h8dY_le&previous_page_section_name=1000&federated_search_id=f52584f8-0672-455f-a9f4-c48a3d53a1d9,649195427747137942,"3 bedrooms
3 bedrooms
3 beds
,
 · 3 beds",N/A,"KSh 11,776",N/A,2 nights,N/A,N/A,N/A,4,2025-09-28 13:14:32,"Kisumu County
_
_
Guest favorite
Guest favorite
Apartment in Kisumu
KSh 3",https://www.airbnb.com/s/Kisumu-County/homes?place_id=ChIJ3_PD7Z-lKhgR71EwTssPkhY&refinement_paths%5B%5D=%2Fhomes&flexible_trip_lengths%5B%5D=weekend_trip&date_picker_type=FLEXIBLE_DATES&search_type=HOMEPAGE_CAROUSEL_CLICK,0
card-container,Apartment in Kisumu,Airport view 2br apartment/house,https://www.airbnb.com/rooms/1001420609337613533?search_mode=regular_search&adults=1&check_in=2025-11-28&check_out=2025-11-30&children=0&infants=0&pets=0&source_impression_id=p3_1759054470_P307BI-B1aDTNUYo&previous_page_section_name=1000&federated_search_id=f52584f8-0672-455f-a9f4-c48a3d53a1d9,1001420609337613533,"2 bedrooms
2 bedrooms
3 beds
,
 · 3 beds","Nov 28 – 30
Nov 28 – 30","KSh 8,833",N/A,2 nights,N/A,N/A,N/A,4,2025-09-28 13:14:32,"Kisumu County
_
_
Guest favorite
Guest favorite
Apartment in Kisumu
KSh 3",https://www.airbnb.com/s/Kisumu-County/homes?place_id=ChIJ3_PD7Z-lKhgR71EwTssPkhY&refinement_paths%5B%5D=%2Fhomes&flexible_trip_lengths%5B%5D=weekend_trip&date_picker_type=FLEXIBLE_DATES&search_type=HOMEPAGE_CAROUSEL_CLICK,0
card-container,Villa in Kisumu,Del Sol Villa (1): 2 beds,https://www.airbnb.com/rooms/21659799?search_mode=regular_search&adults=1&check_in=2026-08-14&check_out=2026-08-16&children=0&infants=0&pets=0&source_impression_id=p3_1759054470_P3VT2AYLoqD4eAfI&previous_page_section_name=1000&federated_search_id=f52584f8-0672-455f-a9f4-c48a3d53a1d9,21659799,"Del Sol Villa (1): 2 beds | 1 bedroom
1 bedroom
2 beds
,
 · 2 beds",N/A,"KSh 14,427",N/A,2 nights,N/A,N/A,N/A,4,2025-09-28 13:14:32,"Kisumu County
_
_
Guest favorite
Guest favorite
Apartment in Kisumu
KSh 3",https://www.airbnb.com/s/Kisumu-County/homes?place_id=ChIJ3_PD7Z-lKhgR71EwTssPkhY&refinement_paths%5B%5D=%2Fhomes&flexible_trip_lengths%5B%5D=weekend_trip&date_picker_type=FLEXIBLE_DATES&search_type=HOMEPAGE_CAROUSEL_CLICK,0
card-container,Apartment in Kisumu,"3Bed3bathsCBD Ksm.W/machine,Lift,bckupGen722732628",https://www.airbnb.com/rooms/1102835387269764666?search_mode=regular_search&adults=1&check_in=2025-10-31&check_out=2025-11-02&children=0&infants=0&pets=0&source_impression_id=p3_1759054470_P3FeIAVV_uaw49lU&previous_page_section_name=1000&federated_search_id=f52584f8-0672-455f-a9f4-c48a3d53a1d9,1102835387269764666,"3Bed3bathsCBD Ksm.W/machine,Lift,bckupGen722732628 | 3 bedrooms
3 bedrooms
3 queen beds
,
 · 3 queen beds","Oct 31 – Nov 2
Oct 31 – Nov 2","KSh 17,077",N/A,2 nights,N/A,N/A,N/A,4,2025-09-28 13:14:33,"Kisumu County
_
_
Guest favorite
Guest favorite
Apartment in Kisumu
KSh 3",https://www.airbnb.com/s/Kisumu-County/homes?place_id=ChIJ3_PD7Z-lKhgR71EwTssPkhY&refinement_paths%5B%5D=%2Fhomes&flexible_trip_lengths%5B%5D=weekend_trip&date_picker_type=FLEXIBLE_DATES&search_type=HOMEPAGE_CAROUSEL_CLICK,0
card-container,Nature lodge in Kisumu,Alpha Homes,https://www.airbnb.com/rooms/602167728028115485?search_mode=regular_search&adults=1&check_in=2026-08-07&check_out=2026-08-09&children=0&infants=0&pets=0&source_impression_id=p3_1759054470_P3REd2Ez54Fj-N7d&previous_page_section_name=1000&federated_search_id=f52584f8-0672-455f-a9f4-c48a3d53a1d9,602167728028115485,"4 bedrooms
4 bedrooms
4 beds
,
 · 4 beds",N/A,"KSh 3,827",N/A,2 nights,N/A,N/A,N/A,4,2025-09-28 13:14:33,"Kisumu County
_
_
Guest favorite
Guest favorite
Apartment in Kisumu
KSh 3",https://www.airbnb.com/s/Kisumu-County/homes?place_id=ChIJ3_PD7Z-lKhgR71EwTssPkhY&refinement_paths%5B%5D=%2Fhomes&flexible_trip_lengths%5B%5D=weekend_trip&date_picker_type=FLEXIBLE_DATES&search_type=HOMEPAGE_CAROUSEL_CLICK,0
card-container,Apartment in Kisumu,"UniQ Loft Milimani-AC, Parking",https://www.airbnb.com/rooms/1236367670923222267?search_mode=regular_search&adults=1&check_in=2026-08-21&check_out=2026-08-23&children=0&infants=0&pets=0&source_impression_id=p3_1759054470_P350YvjuRR2UBz-H&previous_page_section_name=1000&federated_search_id=f52584f8-0672-455f-a9f4-c48a3d53a1d9,1236367670923222267,"1 bedroom
1 bedroom
1 bed
,
 · 1 bed",N/A,"KSh 7,361",N/A,2 nights,N/A,N/A,N/A,4,2025-09-28 13:14:33,"Kisumu County
_
_
Guest favorite
Guest favorite
Apartment in Kisumu
KSh 3",https://www.airbnb.com/s/Kisumu-County/homes?place_id=ChIJ3_PD7Z-lKhgR71EwTssPkhY&refinement_paths%5B%5D=%2Fhomes&flexible_trip_lengths%5B%5D=weekend_trip&date_picker_type=FLEXIBLE_DATES&search_type=HOMEPAGE_CAROUSEL_CLICK,0
card-container,Apartment in Kisumu,Lavish Homely Apt 6 with Aircon0722912163,https://www.airbnb.com/rooms/1170319210518719613?search_mode=regular_search&adults=1&check_in=2026-01-02&check_out=2026-01-04&children=0&infants=0&pets=0&source_impression_id=p3_1759054470_P3HoqRmE2yoCaV9U&previous_page_section_name=1000&federated_search_id=f52584f8-0672-455f-a9f4-c48a3d53a1d9,1170319210518719613,"3 bedrooms
3 bedrooms
3 queen beds
,
 · 3 queen beds","Jan 2 – 4
Jan 2 – 4","KSh 13,250",N/A,2 nights,N/A,N/A,N/A,4,2025-09-28 13:14:33,"Kisumu County
_
_
Guest favorite
Guest favorite
Apartment in Kisumu
KSh 3",https://www.airbnb.com/s/Kisumu-County/homes?place_id=ChIJ3_PD7Z-lKhgR71EwTssPkhY&refinement_paths%5B%5D=%2Fhomes&flexible_trip_lengths%5B%5D=weekend_trip&date_picker_type=FLEXIBLE_DATES&search_type=HOMEPAGE_CAROUSEL_CLICK,0
card-container,Apartment in Kericho,Zoe Homes 1 bedroom 301 Greypoint Apartments,https://www.airbnb.com/rooms/846694271094959201?search_mode=regular_search&adults=1&check_in=2026-04-10&check_out=2026-04-12&children=0&infants=0&pets=0&source_impression_id=p3_1759054470_P3vzEPpqdazP4LCT&previous_page_section_name=1000&federated_search_id=f52584f8-0672-455f-a9f4-c48a3d53a1d9,846694271094959201,"Zoe Homes 1 bedroom 301 Greypoint Apartments | 1 bedroom
1 bedroom
1 bed
,
 · 1 bed",N/A,"KSh 5,593",N/A,2 nights,N/A,N/A,N/A,4,2025-09-28 13:14:33,"Kisumu County
_
_
Guest favorite
Guest favorite
Apartment in Kisumu
KSh 3",https://www.airbnb.com/s/Kisumu-County/homes?place_id=ChIJ3_PD7Z-lKhgR71EwTssPkhY&refinement_paths%5B%5D=%2Fhomes&flexible_trip_lengths%5B%5D=weekend_trip&date_picker_type=FLEXIBLE_DATES&search_type=HOMEPAGE_CAROUSEL_CLICK,0
card-container,Condo in Kisumu,AMANI 2 Bedroom Apartment.,https://www.airbnb.com/rooms/620982107539339744?search_mode=regular_search&adults=1&check_in=2026-05-29&check_out=2026-05-31&children=0&infants=0&pets=0&source_impression_id=p3_1759054470_P3vLqu_n79t98-jV&previous_page_section_name=1000&federated_search_id=f52584f8-0672-455f-a9f4-c48a3d53a1d9,620982107539339744,"AMANI 2 Bedroom Apartment. | 2 bedrooms
2 bedrooms
2 beds
,
 · 2 beds",N/A,"KSh 9,422",N/A,2 nights,N/A,N/A,N/A,4,2025-09-28 13:14:33,"Kisumu County
_
_
Guest favorite
Guest favorite
Apartment in Kisumu
KSh 3",https://www.airbnb.com/s/Kisumu-County/homes?place_id=ChIJ3_PD7Z-lKhgR71EwTssPkhY&refinement_paths%5B%5D=%2Fhomes&flexible_trip_lengths%5B%5D=weekend_trip&date_picker_type=FLEXIBLE_DATES&search_type=HOMEPAGE_CAROUSEL_CLICK,0
card-container,Apartment in Kisumu,Tina's cozy 2 Bedroom in Milimani,https://www.airbnb.com/rooms/1422301402416376662?search_mode=regular_search&adults=1&check_in=2026-05-15&check_out=2026-05-17&children=0&infants=0&pets=0&source_impression_id=p3_1759054470_P3p1esWNx2OXz9eO&previous_page_section_name=1000&federated_search_id=f52584f8-0672-455f-a9f4-c48a3d53a1d9,1422301402416376662,"Tina's cozy 2 Bedroom in Milimani | 2 bedrooms
2 bedrooms
2 beds
,
 · 2 beds",N/A,"KSh 10,010",N/A,2 nights,N/A,N/A,N/A,4,2025-09-28 13:14:33,"Kisumu County
_
_
Guest favorite
Guest favorite
Apartment in Kisumu
KSh 3",https://www.airbnb.com/s/Kisumu-County/homes?place_id=ChIJ3_PD7Z-lKhgR71EwTssPkhY&refinement_paths%5B%5D=%2Fhomes&flexible_trip_lengths%5B%5D=weekend_trip&date_picker_type=FLEXIBLE_DATES&search_type=HOMEPAGE_CAROUSEL_CLICK,0
card-container,Bungalow in Kisumu,"Lavish 2br w/ 3 beds, garden view &outdoor seating",https://www.airbnb.com/rooms/709247902722617451?search_mode=regular_search&adults=1&check_in=2026-04-24&check_out=2026-04-26&children=0&infants=0&pets=0&source_impression_id=p3_1759054470_P3KNQdHGgd5XZskL&previous_page_section_name=1000&federated_search_id=f52584f8-0672-455f-a9f4-c48a3d53a1d9,709247902722617451,"Lavish 2br w/ 3 beds, garden view &outdoor seating | 2 bedrooms
2 bedrooms
3 beds
,
 · 3 beds",N/A,"KSh 12,384",N/A,2 nights,N/A,N/A,N/A,4,2025-09-28 13:14:33,"Kisumu County
_
_
Guest favorite
Guest favorite
Apartment in Kisumu
KSh 3",https://www.airbnb.com/s/Kisumu-County/homes?place_id=ChIJ3_PD7Z-lKhgR71EwTssPkhY&refinement_paths%5B%5D=%2Fhomes&flexible_trip_lengths%5B%5D=weekend_trip&date_picker_type=FLEXIBLE_DATES&search_type=HOMEPAGE_CAROUSEL_CLICK,0
card-container,Room in Kisumu,Riat Hill Apartment,https://www.airbnb.com/rooms/1405017457602961607?search_mode=regular_search&adults=1&category_tag=Tag%3A8678&check_in=2026-02-20&check_out=2026-02-22&children=0&infants=0&pets=0&photo_id=2160824178&source_impression_id=p3_1759054474_P3-3y1yUHiUCw76J&previous_page_section_name=1000&federated_search_id=4a76df1a-58b5-44c9-806e-0b25dd44a286,1405017457602961607,"1 bed
1 bed","Feb 20 – 22
Feb 20 – 22","KSh 5,005",N/A,2 nights,N/A,N/A,N/A,5,2025-09-28 13:14:36,"Kisumu County
_
_
Guest favorite
Guest favorite
Apartment in Kisumu
KSh 3",https://www.airbnb.com/s/Kisumu-County/homes?place_id=ChIJ3_PD7Z-lKhgR71EwTssPkhY&refinement_paths%5B%5D=%2Fhomes&flexible_trip_lengths%5B%5D=weekend_trip&date_picker_type=FLEXIBLE_DATES&search_type=HOMEPAGE_CAROUSEL_CLICK,0
card-container,Bungalow in Kisumu,"Lavish 2br w/ 3 beds, garden view &outdoor seating",https://www.airbnb.com/rooms/709247902722617451?search_mode=regular_search&adults=1&check_in=2026-04-24&check_out=2026-04-26&children=0&infants=0&pets=0&source_impression_id=p3_1759054474_P3UQgXfRpUQNVsq8&previous_page_section_name=1000&federated_search_id=4a76df1a-58b5-44c9-806e-0b25dd44a286,709247902722617451,"Lavish 2br w/ 3 beds, garden view &outdoor seating | 2 bedrooms
2 bedrooms
3 beds
,
 · 3 beds",N/A,"KSh 12,384",N/A,2 nights,N/A,N/A,N/A,5,2025-09-28 13:14:37,"Kisumu County
_
_
Guest favorite
Guest favorite
Apartment in Kisumu
KSh 3",https://www.airbnb.com/s/Kisumu-County/homes?place_id=ChIJ3_PD7Z-lKhgR71EwTssPkhY&refinement_paths%5B%5D=%2Fhomes&flexible_trip_lengths%5B%5D=weekend_trip&date_picker_type=FLEXIBLE_DATES&search_type=HOMEPAGE_CAROUSEL_CLICK,0
card-container,Apartment in Milimani Shopping Centre,Exquisite 2 bedrooms apartment Milimani kisumu,https://www.airbnb.com/rooms/1514532118015448174?search_mode=regular_search&adults=1&check_in=2026-07-24&check_out=2026-07-26&children=0&infants=0&pets=0&source_impression_id=p3_1759054474_P3a1rKBXqKIjR8sB&previous_page_section_name=1000&federated_search_id=4a76df1a-58b5-44c9-806e-0b25dd44a286,1514532118015448174,"Exquisite 2 bedrooms apartment Milimani kisumu | 2 bedrooms
2 bedrooms
2 beds
,
 · 2 beds",N/A,"KSh 9,716",N/A,2 nights,N/A,N/A,N/A,5,2025-09-28 13:14:37,"Kisumu County
_
_
Guest favorite
Guest favorite
Apartment in Kisumu
KSh 3",https://www.airbnb.com/s/Kisumu-County/homes?place_id=ChIJ3_PD7Z-lKhgR71EwTssPkhY&refinement_paths%5B%5D=%2Fhomes&flexible_trip_lengths%5B%5D=weekend_trip&date_picker_type=FLEXIBLE_DATES&search_type=HOMEPAGE_CAROUSEL_CLICK,0
card-container,Apartment in Kisumu,Milimani height apartment.,https://www.airbnb.com/rooms/1486788460210050205?search_mode=regular_search&adults=1&check_in=2026-06-26&check_out=2026-06-28&children=0&infants=0&pets=0&source_impression_id=p3_1759054474_P3Tq5jsey2R__q_d&previous_page_section_name=1000&federated_search_id=4a76df1a-58b5-44c9-806e-0b25dd44a286,1486788460210050205,"2 bedrooms
2 bedrooms
2 queen beds
,
 · 2 queen beds",N/A,"KSh 10,304",N/A,2 nights,N/A,N/A,N/A,5,2025-09-28 13:14:37,"Kisumu County
_
_
Guest favorite
Guest favorite
Apartment in Kisumu
KSh 3",https://www.airbnb.com/s/Kisumu-County/homes?place_id=ChIJ3_PD7Z-lKhgR71EwTssPkhY&refinement_paths%5B%5D=%2Fhomes&flexible_trip_lengths%5B%5D=weekend_trip&date_picker_type=FLEXIBLE_DATES&search_type=HOMEPAGE_CAROUSEL_CLICK,0
card-container,Condo in Kisumu,Homely Apt 2 with Aircon0722912163 AC charged $5,https://www.airbnb.com/rooms/53158866?search_mode=regular_search&adults=1&check_in=2025-10-24&check_out=2025-10-26&children=0&infants=0&pets=0&source_impression_id=p3_1759054474_P3g55ez31NpASUAH&previous_page_section_name=1000&federated_search_id=4a76df1a-58b5-44c9-806e-0b25dd44a286,53158866,"2 bedrooms
2 bedrooms
2 queen beds
,
 · 2 queen beds","Oct 24 – 26
Oct 24 – 26","KSh 8,744",N/A,2 nights,N/A,N/A,N/A,5,2025-09-28 13:14:37,"Kisumu County
_
_
Guest favorite
Guest favorite
Apartment in Kisumu
KSh 3",https://www.airbnb.com/s/Kisumu-County/homes?place_id=ChIJ3_PD7Z-lKhgR71EwTssPkhY&refinement_paths%5B%5D=%2Fhomes&flexible_trip_lengths%5B%5D=weekend_trip&date_picker_type=FLEXIBLE_DATES&search_type=HOMEPAGE_CAROUSEL_CLICK,0
card-container,Home in Kisumu,Spacious Homely0722912163 Apartment 4,https://www.airbnb.com/rooms/51008996?search_mode=regular_search&adults=1&check_in=2026-04-17&check_out=2026-04-19&children=0&infants=0&pets=0&source_impression_id=p3_1759054474_P3gMSXYGlBeF9rqY&previous_page_section_name=1000&federated_search_id=4a76df1a-58b5-44c9-806e-0b25dd44a286,51008996,"4 bedrooms
4 bedrooms
4 beds
,
 · 4 beds",N/A,"KSh 10,304",N/A,2 nights,N/A,N/A,N/A,5,2025-09-28 13:14:37,"Kisumu County
_
_
Guest favorite
Guest favorite
Apartment in Kisumu
KSh 3",https://www.airbnb.com/s/Kisumu-County/homes?place_id=ChIJ3_PD7Z-lKhgR71EwTssPkhY&refinement_paths%5B%5D=%2Fhomes&flexible_trip_lengths%5B%5D=weekend_trip&date_picker_type=FLEXIBLE_DATES&search_type=HOMEPAGE_CAROUSEL_CLICK,0
card-container,Apartment in Milimani Shopping Centre,2 bedroom master ensuite in Milimani722902598,https://www.airbnb.com/rooms/1373087028901812472?search_mode=regular_search&adults=1&check_in=2026-04-10&check_out=2026-04-12&children=0&infants=0&pets=0&source_impression_id=p3_1759054474_P3Hvkz6DH0EMAmbw&previous_page_section_name=1000&federated_search_id=4a76df1a-58b5-44c9-806e-0b25dd44a286,1373087028901812472,"2 bedroom master ensuite in Milimani722902598 | 2 bedrooms
2 bedrooms
2 beds
,
 · 2 beds",N/A,"KSh 9,422",N/A,2 nights,N/A,N/A,N/A,5,2025-09-28 13:14:37,"Kisumu County
_
_
Guest favorite
Guest favorite
Apartment in Kisumu
KSh 3",https://www.airbnb.com/s/Kisumu-County/homes?place_id=ChIJ3_PD7Z-lKhgR71EwTssPkhY&refinement_paths%5B%5D=%2Fhomes&flexible_trip_lengths%5B%5D=weekend_trip&date_picker_type=FLEXIBLE_DATES&search_type=HOMEPAGE_CAROUSEL_CLICK,0
card-container,Apartment in Kisumu,One bedroom apartment,https://www.airbnb.com/rooms/1430394482660655737?search_mode=regular_search&adults=1&check_in=2026-01-09&check_out=2026-01-11&children=0&infants=0&pets=0&source_impression_id=p3_1759054474_P3oZXNQs35ilKD3k&previous_page_section_name=1000&federated_search_id=4a76df1a-58b5-44c9-806e-0b25dd44a286,1430394482660655737,"One bedroom apartment | 1 bedroom
1 bedroom
1 bed
,
 · 1 bed","Jan 9 – 11
Jan 9 – 11","KSh 6,477",N/A,2 nights,N/A,N/A,N/A,5,2025-09-28 13:14:37,"Kisumu County
_
_
Guest favorite
Guest favorite
Apartment in Kisumu
KSh 3",https://www.airbnb.com/s/Kisumu-County/homes?place_id=ChIJ3_PD7Z-lKhgR71EwTssPkhY&refinement_paths%5B%5D=%2Fhomes&flexible_trip_lengths%5B%5D=weekend_trip&date_picker_type=FLEXIBLE_DATES&search_type=HOMEPAGE_CAROUSEL_CLICK,0
card-container,Apartment in Kisumu,"Cozy Studio in Polyview , Kisumu",https://www.airbnb.com/rooms/1391794145762498966?search_mode=regular_search&adults=1&check_in=2026-04-03&check_out=2026-04-05&children=0&infants=0&pets=0&source_impression_id=p3_1759054474_P3Uc_T-wHfEY8DUT&previous_page_section_name=1000&federated_search_id=4a76df1a-58b5-44c9-806e-0b25dd44a286,1391794145762498966,"1 bed
1 bed",N/A,"KSh 5,299",N/A,2 nights,N/A,N/A,N/A,5,2025-09-28 13:14:37,"Kisumu County
_
_
Guest favorite
Guest favorite
Apartment in Kisumu
KSh 3",https://www.airbnb.com/s/Kisumu-County/homes?place_id=ChIJ3_PD7Z-lKhgR71EwTssPkhY&refinement_paths%5B%5D=%2Fhomes&flexible_trip_lengths%5B%5D=weekend_trip&date_picker_type=FLEXIBLE_DATES&search_type=HOMEPAGE_CAROUSEL_CLICK,0
card-container,Condo in Kisumu,"Marie's 2 bed all-ensuite B5, Milimani0722732628",https://www.airbnb.com/rooms/675325513153891058?search_mode=regular_search&adults=1&check_in=2025-10-17&check_out=2025-10-19&children=0&infants=0&pets=0&source_impression_id=p3_1759054474_P3z58y27Tu-ejTra&previous_page_section_name=1000&federated_search_id=4a76df1a-58b5-44c9-806e-0b25dd44a286,675325513153891058,"Marie's 2 bed all-ensuite B5, Milimani0722732628 | 2 bedrooms
2 bedrooms
2 queen beds
,
 · 2 queen beds","Oct 17 – 19
Oct 17 – 19","KSh 14,427",N/A,2 nights,N/A,N/A,N/A,5,2025-09-28 13:14:37,"Kisumu County
_
_
Guest favorite
Guest favorite
Apartment in Kisumu
KSh 3",https://www.airbnb.com/s/Kisumu-County/homes?place_id=ChIJ3_PD7Z-lKhgR71EwTssPkhY&refinement_paths%5B%5D=%2Fhomes&flexible_trip_lengths%5B%5D=weekend_trip&date_picker_type=FLEXIBLE_DATES&search_type=HOMEPAGE_CAROUSEL_CLICK,0
card-container,Apartment in Kisumu,1b Opposite Kisumu Airport,https://www.airbnb.com/rooms/1117167036186955365?search_mode=regular_search&adults=1&check_in=2025-12-19&check_out=2025-12-21&children=0&infants=0&pets=0&source_impression_id=p3_1759054474_P3kDYOO-O0nS5ep7&previous_page_section_name=1000&federated_search_id=4a76df1a-58b5-44c9-806e-0b25dd44a286,1117167036186955365,"1 bedroom
1 bedroom","Dec 19 – 21
Dec 19 – 21","KSh 6,771",N/A,2 nights,N/A,N/A,N/A,5,2025-09-28 13:14:37,"Kisumu County
_
_
Guest favorite
Guest favorite
Apartment in Kisumu
KSh 3",https://www.airbnb.com/s/Kisumu-County/homes?place_id=ChIJ3_PD7Z-lKhgR71EwTssPkhY&refinement_paths%5B%5D=%2Fhomes&flexible_trip_lengths%5B%5D=weekend_trip&date_picker_type=FLEXIBLE_DATES&search_type=HOMEPAGE_CAROUSEL_CLICK,0
card-container,Apartment in Kisumu,Idyllic SuperHost Studio 15,https://www.airbnb.com/rooms/1502946558664800804?search_mode=regular_search&adults=1&check_in=2026-01-02&check_out=2026-01-04&children=0&infants=0&pets=0&source_impression_id=p3_1759054474_P3CPzkF70Ww4cflk&previous_page_section_name=1000&federated_search_id=4a76df1a-58b5-44c9-806e-0b25dd44a286,1502946558664800804,"1 bedroom
1 bedroom
1 bed
,
 · 1 bed","Jan 2 – 4
Jan 2 – 4","KSh 4,711",N/A,2 nights,N/A,N/A,N/A,5,2025-09-28 13:14:37,"Kisumu County
_
_
Guest favorite
Guest favorite
Apartment in Kisumu
KSh 3",https://www.airbnb.com/s/Kisumu-County/homes?place_id=ChIJ3_PD7Z-lKhgR71EwTssPkhY&refinement_paths%5B%5D=%2Fhomes&flexible_trip_lengths%5B%5D=weekend_trip&date_picker_type=FLEXIBLE_DATES&search_type=HOMEPAGE_CAROUSEL_CLICK,0
card-container,Guesthouse in Kisumu,Del Sol Villa (11): The Romantic hideout),https://www.airbnb.com/rooms/1090525367872499386?search_mode=regular_search&adults=1&check_in=2026-01-23&check_out=2026-01-25&children=0&infants=0&pets=0&source_impression_id=p3_1759054474_P3fDiFq4B-V63_eY&previous_page_section_name=1000&federated_search_id=4a76df1a-58b5-44c9-806e-0b25dd44a286,1090525367872499386,"1 bedroom
1 bedroom
1 bed
,
 · 1 bed","Jan 23 – 25
Jan 23 – 25","KSh 10,894",N/A,2 nights,N/A,N/A,N/A,5,2025-09-28 13:14:38,"Kisumu County
_
_
Guest favorite
Guest favorite
Apartment in Kisumu
KSh 3",https://www.airbnb.com/s/Kisumu-County/homes?place_id=ChIJ3_PD7Z-lKhgR71EwTssPkhY&refinement_paths%5B%5D=%2Fhomes&flexible_trip_lengths%5B%5D=weekend_trip&date_picker_type=FLEXIBLE_DATES&search_type=HOMEPAGE_CAROUSEL_CLICK,0
card-container,Apartment in Kisumu,Lofty 1br with AC - Milimani,https://www.airbnb.com/rooms/1494340472325131509?search_mode=regular_search&adults=1&check_in=2026-02-27&check_out=2026-03-01&children=0&infants=0&pets=0&source_impression_id=p3_1759054474_P3miJWtOS8tg3G7e&previous_page_section_name=1000&federated_search_id=4a76df1a-58b5-44c9-806e-0b25dd44a286,1494340472325131509,"1 bedroom
1 bedroom
1 bed
,
 · 1 bed","Feb 27 – Mar 1
Feb 27 – Mar 1","KSh 7,361",N/A,2 nights,N/A,N/A,N/A,5,2025-09-28 13:14:38,"Kisumu County
_
_
Guest favorite
Guest favorite
Apartment in Kisumu
KSh 3",https://www.airbnb.com/s/Kisumu-County/homes?place_id=ChIJ3_PD7Z-lKhgR71EwTssPkhY&refinement_paths%5B%5D=%2Fhomes&flexible_trip_lengths%5B%5D=weekend_trip&date_picker_type=FLEXIBLE_DATES&search_type=HOMEPAGE_CAROUSEL_CLICK,0
card-container,Apartment in Kisumu,Dee’s Cozy & Chiq One-BRM with breakfast,https://www.airbnb.com/rooms/1487704675258849352?search_mode=regular_search&adults=1&check_in=2026-08-28&check_out=2026-08-30&children=0&infants=0&pets=0&source_impression_id=p3_1759054474_P37DsKfhWK9FEFcg&previous_page_section_name=1000&federated_search_id=4a76df1a-58b5-44c9-806e-0b25dd44a286,1487704675258849352,"1 bedroom
1 bedroom
2 king beds
,
 · 2 king beds",N/A,"KSh 6,891","KSh 6,891",2 nights,N/A,N/A,N/A,5,2025-09-28 13:14:38,"Kisumu County
_
_
Guest favorite
Guest favorite
Apartment in Kisumu
KSh 3",https://www.airbnb.com/s/Kisumu-County/homes?place_id=ChIJ3_PD7Z-lKhgR71EwTssPkhY&refinement_paths%5B%5D=%2Fhomes&flexible_trip_lengths%5B%5D=weekend_trip&date_picker_type=FLEXIBLE_DATES&search_type=HOMEPAGE_CAROUSEL_CLICK,0
card-container,Apartment in Kisumu,Cozy apt w/ ample secure parking fast wi-fi,https://www.airbnb.com/rooms/39147633?search_mode=regular_search&adults=1&check_in=2025-11-07&check_out=2025-11-09&children=0&infants=0&pets=0&source_impression_id=p3_1759054474_P3uFQiH5AnfEr58t&previous_page_section_name=1000&federated_search_id=4a76df1a-58b5-44c9-806e-0b25dd44a286,39147633,"1 bed
1 bed","Nov 7 – 9
Nov 7 – 9","KSh 2,915",N/A,2 nights,N/A,N/A,N/A,5,2025-09-28 13:14:38,"Kisumu County
_
_
Guest favorite
Guest favorite
Apartment in Kisumu
KSh 3",https://www.airbnb.com/s/Kisumu-County/homes?place_id=ChIJ3_PD7Z-lKhgR71EwTssPkhY&refinement_paths%5B%5D=%2Fhomes&flexible_trip_lengths%5B%5D=weekend_trip&date_picker_type=FLEXIBLE_DATES&search_type=HOMEPAGE_CAROUSEL_CLICK,0
card-container,Apartment in Kisumu,10th floor 1BR w/ city Views | african charm.,https://www.airbnb.com/rooms/1479734894225502263?search_mode=regular_search&adults=1&check_in=2026-03-06&check_out=2026-03-08&children=0&infants=0&pets=0&source_impression_id=p3_1759054474_P3mpb9tbIj9Wzkrz&previous_page_section_name=1000&federated_search_id=4a76df1a-58b5-44c9-806e-0b25dd44a286,1479734894225502263,"1 bedroom
1 bedroom
1 queen bed
,
 · 1 queen bed","Mar 6 – 8
Mar 6 – 8","KSh 6,708",N/A,2 nights,N/A,N/A,N/A,5,2025-09-28 13:14:38,"Kisumu County
_
_
Guest favorite
Guest favorite
Apartment in Kisumu
KSh 3",https://www.airbnb.com/s/Kisumu-County/homes?place_id=ChIJ3_PD7Z-lKhgR71EwTssPkhY&refinement_paths%5B%5D=%2Fhomes&flexible_trip_lengths%5B%5D=weekend_trip&date_picker_type=FLEXIBLE_DATES&search_type=HOMEPAGE_CAROUSEL_CLICK,0
card-container,Villa in Kisumu,Jaja's: One bedroom near Ciala Resort.Kisumu,https://www.airbnb.com/rooms/52972364?search_mode=regular_search&adults=1&check_in=2026-05-29&check_out=2026-05-31&children=0&infants=0&pets=0&source_impression_id=p3_1759054474_P3myZL3LjcwaL30P&previous_page_section_name=1000&federated_search_id=4a76df1a-58b5-44c9-806e-0b25dd44a286,52972364,"Jaja's: One bedroom near Ciala Resort.Kisumu | 1 bedroom
1 bedroom
1 king bed
,
 · 1 king bed",N/A,"KSh 9,274",N/A,2 nights,N/A,N/A,N/A,5,2025-09-28 13:14:38,"Kisumu County
_
_
Guest favorite
Guest favorite
Apartment in Kisumu
KSh 3",https://www.airbnb.com/s/Kisumu-County/homes?place_id=ChIJ3_PD7Z-lKhgR71EwTssPkhY&refinement_paths%5B%5D=%2Fhomes&flexible_trip_lengths%5B%5D=weekend_trip&date_picker_type=FLEXIBLE_DATES&search_type=HOMEPAGE_CAROUSEL_CLICK,0
card-container,Room in Kisumu,Chic Studio & Cozy Stay,https://www.airbnb.com/rooms/1202174603719891473?search_mode=regular_search&adults=1&category_tag=Tag%3A8678&check_in=2026-09-04&check_out=2026-09-06&children=0&infants=0&pets=0&photo_id=2269410625&source_impression_id=p3_1759054479_P3pLwQrnEcqKqDDy&previous_page_section_name=1000&federated_search_id=15db83d0-5734-4a97-b995-d46bcd8072cc,1202174603719891473,"1 bed
1 bed",N/A,"KSh 5,005",N/A,2 nights,N/A,N/A,N/A,6,2025-09-28 13:14:41,"Kisumu County
_
_
Guest favorite
Guest favorite
Apartment in Kisumu
KSh 3",https://www.airbnb.com/s/Kisumu-County/homes?place_id=ChIJ3_PD7Z-lKhgR71EwTssPkhY&refinement_paths%5B%5D=%2Fhomes&flexible_trip_lengths%5B%5D=weekend_trip&date_picker_type=FLEXIBLE_DATES&search_type=HOMEPAGE_CAROUSEL_CLICK,0
card-container,Apartment in Kericho,Hut Space Africa,https://www.airbnb.com/rooms/54097898?search_mode=regular_search&adults=1&check_in=2026-08-07&check_out=2026-08-09&children=0&infants=0&pets=0&source_impression_id=p3_1759054479_P3VIy0tK2maGhyG2&previous_page_section_name=1000&federated_search_id=15db83d0-5734-4a97-b995-d46bcd8072cc,54097898,"2 bedrooms
2 bedrooms
2 beds
,
 · 2 beds",N/A,"KSh 10,304",N/A,2 nights,N/A,N/A,N/A,6,2025-09-28 13:14:41,"Kisumu County
_
_
Guest favorite
Guest favorite
Apartment in Kisumu
KSh 3",https://www.airbnb.com/s/Kisumu-County/homes?place_id=ChIJ3_PD7Z-lKhgR71EwTssPkhY&refinement_paths%5B%5D=%2Fhomes&flexible_trip_lengths%5B%5D=weekend_trip&date_picker_type=FLEXIBLE_DATES&search_type=HOMEPAGE_CAROUSEL_CLICK,0
card-container,Apartment in Kisumu,Saki Nest Homes/1 bed KSM CBD/718305145,https://www.airbnb.com/rooms/1459574846973763484?search_mode=regular_search&adults=1&check_in=2026-01-23&check_out=2026-01-25&children=0&infants=0&pets=0&source_impression_id=p3_1759054479_P3rJnfWIkd1EitUR&previous_page_section_name=1000&federated_search_id=15db83d0-5734-4a97-b995-d46bcd8072cc,1459574846973763484,"Saki Nest Homes/1 bed KSM CBD/718305145 | 1 bedroom
1 bedroom
1 queen bed
,
 · 1 queen bed","Jan 23 – 25
Jan 23 – 25","KSh 9,422",N/A,2 nights,N/A,N/A,N/A,6,2025-09-28 13:14:41,"Kisumu County
_
_
Guest favorite
Guest favorite
Apartment in Kisumu
KSh 3",https://www.airbnb.com/s/Kisumu-County/homes?place_id=ChIJ3_PD7Z-lKhgR71EwTssPkhY&refinement_paths%5B%5D=%2Fhomes&flexible_trip_lengths%5B%5D=weekend_trip&date_picker_type=FLEXIBLE_DATES&search_type=HOMEPAGE_CAROUSEL_CLICK,0
card-container,Condo in Kisumu,Nolcare hillview Kisumu,https://www.airbnb.com/rooms/1493685405784328987?search_mode=regular_search&adults=1&check_in=2026-03-20&check_out=2026-03-22&children=0&infants=0&pets=0&source_impression_id=p3_1759054479_P3SW4r-q6YaOND_f&previous_page_section_name=1000&federated_search_id=15db83d0-5734-4a97-b995-d46bcd8072cc,1493685405784328987,"2 bedrooms
2 bedrooms
2 queen beds
,
 · 2 queen beds","Mar 20 – 22
Mar 20 – 22","KSh 9,475","KSh 9,475",2 nights,N/A,N/A,N/A,6,2025-09-28 13:14:41,"Kisumu County
_
_
Guest favorite
Guest favorite
Apartment in Kisumu
KSh 3",https://www.airbnb.com/s/Kisumu-County/homes?place_id=ChIJ3_PD7Z-lKhgR71EwTssPkhY&refinement_paths%5B%5D=%2Fhomes&flexible_trip_lengths%5B%5D=weekend_trip&date_picker_type=FLEXIBLE_DATES&search_type=HOMEPAGE_CAROUSEL_CLICK,0
card-container,Apartment in Kisumu,Cool Breeze Penthouse-O723977O9O,https://www.airbnb.com/rooms/1379834995481127007?search_mode=regular_search&adults=1&check_in=2025-11-21&check_out=2025-11-23&children=0&infants=0&pets=0&source_impression_id=p3_1759054479_P3ydaJF5NfDtiksW&previous_page_section_name=1000&federated_search_id=15db83d0-5734-4a97-b995-d46bcd8072cc,1379834995481127007,"1 bedroom
1 bedroom
1 king bed
,
 · 1 king bed","Nov 21 – 23
Nov 21 – 23","KSh 7,655",N/A,2 nights,N/A,N/A,N/A,6,2025-09-28 13:14:41,"Kisumu County
_
_
Guest favorite
Guest favorite
Apartment in Kisumu
KSh 3",https://www.airbnb.com/s/Kisumu-County/homes?place_id=ChIJ3_PD7Z-lKhgR71EwTssPkhY&refinement_paths%5B%5D=%2Fhomes&flexible_trip_lengths%5B%5D=weekend_trip&date_picker_type=FLEXIBLE_DATES&search_type=HOMEPAGE_CAROUSEL_CLICK,0
card-container,Apartment in Kisumu,Tuffoam 1br/Gen/lift722732628ksm,https://www.airbnb.com/rooms/1474646122938603040?search_mode=regular_search&adults=1&check_in=2026-07-10&check_out=2026-07-12&children=0&infants=0&pets=0&source_impression_id=p3_1759054479_P3fU-F3ikVFja2KI&previous_page_section_name=1000&federated_search_id=15db83d0-5734-4a97-b995-d46bcd8072cc,1474646122938603040,"1 bedroom
1 bedroom
1 bed
,
 · 1 bed",N/A,"KSh 10,304",N/A,2 nights,N/A,N/A,N/A,6,2025-09-28 13:14:41,"Kisumu County
_
_
Guest favorite
Guest favorite
Apartment in Kisumu
KSh 3",https://www.airbnb.com/s/Kisumu-County/homes?place_id=ChIJ3_PD7Z-lKhgR71EwTssPkhY&refinement_paths%5B%5D=%2Fhomes&flexible_trip_lengths%5B%5D=weekend_trip&date_picker_type=FLEXIBLE_DATES&search_type=HOMEPAGE_CAROUSEL_CLICK,0
card-container,Home in Kisumu,sr apartments,https://www.airbnb.com/rooms/905782288530363881?search_mode=regular_search&adults=1&check_in=2026-08-21&check_out=2026-08-23&children=0&infants=0&pets=0&source_impression_id=p3_1759054479_P3UUJnqrpl6bLcPa&previous_page_section_name=1000&federated_search_id=15db83d0-5734-4a97-b995-d46bcd8072cc,905782288530363881,"5 bedrooms
5 bedrooms
6 beds
,
 · 6 beds",N/A,"KSh 29,737",N/A,2 nights,N/A,N/A,N/A,6,2025-09-28 13:14:42,"Kisumu County
_
_
Guest favorite
Guest favorite
Apartment in Kisumu
KSh 3",https://www.airbnb.com/s/Kisumu-County/homes?place_id=ChIJ3_PD7Z-lKhgR71EwTssPkhY&refinement_paths%5B%5D=%2Fhomes&flexible_trip_lengths%5B%5D=weekend_trip&date_picker_type=FLEXIBLE_DATES&search_type=HOMEPAGE_CAROUSEL_CLICK,0
card-container,Apartment in Kisumu,"Jolly- 1br with AC, Netflix, Balcony I o759538419",https://www.airbnb.com/rooms/824619345188955470?search_mode=regular_search&adults=1&check_in=2026-02-20&check_out=2026-02-22&children=0&infants=0&pets=0&source_impression_id=p3_1759054479_P3cKKOz3U40Pq4uT&previous_page_section_name=1000&federated_search_id=15db83d0-5734-4a97-b995-d46bcd8072cc,824619345188955470,"1 bedroom
1 bedroom
1 bed
,
 · 1 bed","Feb 20 – 22
Feb 20 – 22","KSh 8,244",N/A,2 nights,N/A,N/A,N/A,6,2025-09-28 13:14:42,"Kisumu County
_
_
Guest favorite
Guest favorite
Apartment in Kisumu
KSh 3",https://www.airbnb.com/s/Kisumu-County/homes?place_id=ChIJ3_PD7Z-lKhgR71EwTssPkhY&refinement_paths%5B%5D=%2Fhomes&flexible_trip_lengths%5B%5D=weekend_trip&date_picker_type=FLEXIBLE_DATES&search_type=HOMEPAGE_CAROUSEL_CLICK,0
card-container,Apartment in Kisumu,Luxurious cosy0725797109space in Millimani,https://www.airbnb.com/rooms/1160146304656401913?search_mode=regular_search&adults=1&check_in=2026-02-06&check_out=2026-02-08&children=0&infants=0&pets=0&source_impression_id=p3_1759054479_P3NscOJLae3VJlqm&previous_page_section_name=1000&federated_search_id=15db83d0-5734-4a97-b995-d46bcd8072cc,1160146304656401913,"3 bedrooms
3 bedrooms
3 beds
,
 · 3 beds","Feb 6 – 8
Feb 6 – 8","KSh 18,255",N/A,2 nights,N/A,N/A,N/A,6,2025-09-28 13:14:42,"Kisumu County
_
_
Guest favorite
Guest favorite
Apartment in Kisumu
KSh 3",https://www.airbnb.com/s/Kisumu-County/homes?place_id=ChIJ3_PD7Z-lKhgR71EwTssPkhY&refinement_paths%5B%5D=%2Fhomes&flexible_trip_lengths%5B%5D=weekend_trip&date_picker_type=FLEXIBLE_DATES&search_type=HOMEPAGE_CAROUSEL_CLICK,0
card-container,Tiny home in Kisumu,"Serene Studio 4, Milimani",https://www.airbnb.com/rooms/862227633344454653?search_mode=regular_search&adults=1&check_in=2025-11-28&check_out=2025-11-30&children=0&infants=0&pets=0&source_impression_id=p3_1759054479_P3jPiPHEllm2kqQQ&previous_page_section_name=1000&federated_search_id=15db83d0-5734-4a97-b995-d46bcd8072cc,862227633344454653,"1 bedroom
1 bedroom
1 bed
,
 · 1 bed","Nov 28 – 30
Nov 28 – 30","KSh 5,889",N/A,2 nights,N/A,N/A,N/A,6,2025-09-28 13:14:42,"Kisumu County
_
_
Guest favorite
Guest favorite
Apartment in Kisumu
KSh 3",https://www.airbnb.com/s/Kisumu-County/homes?place_id=ChIJ3_PD7Z-lKhgR71EwTssPkhY&refinement_paths%5B%5D=%2Fhomes&flexible_trip_lengths%5B%5D=weekend_trip&date_picker_type=FLEXIBLE_DATES&search_type=HOMEPAGE_CAROUSEL_CLICK,0
card-container,Home in Kisumu,Luxurious 4BR Villa in Milimani727741170,https://www.airbnb.com/rooms/1247090541374962399?search_mode=regular_search&adults=1&check_in=2026-04-24&check_out=2026-04-26&children=0&infants=0&pets=0&source_impression_id=p3_1759054479_P3-53FRHdyUF05xw&previous_page_section_name=1000&federated_search_id=15db83d0-5734-4a97-b995-d46bcd8072cc,1247090541374962399,"4 bedrooms
4 bedrooms
4 beds
,
 · 4 beds",N/A,"KSh 34,448",N/A,2 nights,N/A,N/A,N/A,6,2025-09-28 13:14:42,"Kisumu County
_
_
Guest favorite
Guest favorite
Apartment in Kisumu
KSh 3",https://www.airbnb.com/s/Kisumu-County/homes?place_id=ChIJ3_PD7Z-lKhgR71EwTssPkhY&refinement_paths%5B%5D=%2Fhomes&flexible_trip_lengths%5B%5D=weekend_trip&date_picker_type=FLEXIBLE_DATES&search_type=HOMEPAGE_CAROUSEL_CLICK,0
card-container,Apartment in Kisumu,Atrium Apartments,https://www.airbnb.com/rooms/1343381049898562423?search_mode=regular_search&adults=1&check_in=2026-06-12&check_out=2026-06-14&children=0&infants=0&pets=0&source_impression_id=p3_1759054479_P3kX1dMnQYneRwIv&previous_page_section_name=1000&federated_search_id=15db83d0-5734-4a97-b995-d46bcd8072cc,1343381049898562423,"1 bedroom
1 bedroom
1 bed
,
 · 1 bed",N/A,"KSh 6,771",N/A,2 nights,N/A,N/A,N/A,6,2025-09-28 13:14:42,"Kisumu County
_
_
Guest favorite
Guest favorite
Apartment in Kisumu
KSh 3",https://www.airbnb.com/s/Kisumu-County/homes?place_id=ChIJ3_PD7Z-lKhgR71EwTssPkhY&refinement_paths%5B%5D=%2Fhomes&flexible_trip_lengths%5B%5D=weekend_trip&date_picker_type=FLEXIBLE_DATES&search_type=HOMEPAGE_CAROUSEL_CLICK,0
card-container,Home in Kisumu,Dalili,https://www.airbnb.com/rooms/1150629009068149115?search_mode=regular_search&adults=1&check_in=2026-05-15&check_out=2026-05-17&children=0&infants=0&pets=0&source_impression_id=p3_1759054479_P3CgHb8dkBBX7-Tj&previous_page_section_name=1000&federated_search_id=15db83d0-5734-4a97-b995-d46bcd8072cc,1150629009068149115,"2 bedrooms
2 bedrooms
2 beds
,
 · 2 beds",N/A,"KSh 39,747",N/A,2 nights,N/A,N/A,N/A,6,2025-09-28 13:14:42,"Kisumu County
_
_
Guest favorite
Guest favorite
Apartment in Kisumu
KSh 3",https://www.airbnb.com/s/Kisumu-County/homes?place_id=ChIJ3_PD7Z-lKhgR71EwTssPkhY&refinement_paths%5B%5D=%2Fhomes&flexible_trip_lengths%5B%5D=weekend_trip&date_picker_type=FLEXIBLE_DATES&search_type=HOMEPAGE_CAROUSEL_CLICK,0
card-container,Home in Kisumu,"4bedroom own compound milimani kisumu,0704734109",https://www.airbnb.com/rooms/828744449209097283?search_mode=regular_search&adults=1&check_in=2025-12-05&check_out=2025-12-07&children=0&infants=0&pets=0&source_impression_id=p3_1759054479_P3AqLsH341fkm2nq&previous_page_section_name=1000&federated_search_id=15db83d0-5734-4a97-b995-d46bcd8072cc,828744449209097283,"4bedroom own compound milimani kisumu,0704734109 | 4 bedrooms
4 bedrooms
4 beds
,
 · 4 beds","Dec 5 – 7
Dec 5 – 7","KSh 25,026",N/A,2 nights,N/A,N/A,N/A,6,2025-09-28 13:14:42,"Kisumu County
_
_
Guest favorite
Guest favorite
Apartment in Kisumu
KSh 3",https://www.airbnb.com/s/Kisumu-County/homes?place_id=ChIJ3_PD7Z-lKhgR71EwTssPkhY&refinement_paths%5B%5D=%2Fhomes&flexible_trip_lengths%5B%5D=weekend_trip&date_picker_type=FLEXIBLE_DATES&search_type=HOMEPAGE_CAROUSEL_CLICK,0
card-container,Apartment in Kisumu,Milimani Studio 2 - Cosy Unit with W-FI & Netflix,https://www.airbnb.com/rooms/1257008670757612394?search_mode=regular_search&adults=1&check_in=2026-02-13&check_out=2026-02-15&children=0&infants=0&pets=0&source_impression_id=p3_1759054479_P3soA97S6uxOMaA4&previous_page_section_name=1000&federated_search_id=15db83d0-5734-4a97-b995-d46bcd8072cc,1257008670757612394,"1 bed
1 bed","Feb 13 – 15
Feb 13 – 15","KSh 5,299",N/A,2 nights,N/A,N/A,N/A,6,2025-09-28 13:14:42,"Kisumu County
_
_
Guest favorite
Guest favorite
Apartment in Kisumu
KSh 3",https://www.airbnb.com/s/Kisumu-County/homes?place_id=ChIJ3_PD7Z-lKhgR71EwTssPkhY&refinement_paths%5B%5D=%2Fhomes&flexible_trip_lengths%5B%5D=weekend_trip&date_picker_type=FLEXIBLE_DATES&search_type=HOMEPAGE_CAROUSEL_CLICK,0
card-container,Villa in Kisumu,Del Sol Villa (6) : Six beds. Lakefront,https://www.airbnb.com/rooms/42695237?search_mode=regular_search&adults=1&check_in=2026-09-04&check_out=2026-09-06&children=0&infants=0&pets=0&source_impression_id=p3_1759054479_P3yM1hJw4aRv2QS6&previous_page_section_name=1000&federated_search_id=15db83d0-5734-4a97-b995-d46bcd8072cc,42695237,"Del Sol Villa (6) : Six beds. Lakefront | 4 bedrooms
4 bedrooms
6 beds
,
 · 6 beds",N/A,"KSh 47,108",N/A,2 nights,N/A,N/A,N/A,6,2025-09-28 13:14:42,"Kisumu County
_
_
Guest favorite
Guest favorite
Apartment in Kisumu
KSh 3",https://www.airbnb.com/s/Kisumu-County/homes?place_id=ChIJ3_PD7Z-lKhgR71EwTssPkhY&refinement_paths%5B%5D=%2Fhomes&flexible_trip_lengths%5B%5D=weekend_trip&date_picker_type=FLEXIBLE_DATES&search_type=HOMEPAGE_CAROUSEL_CLICK,0
card-container,Apartment in Kisumu,Executive One Bedroom House,https://www.airbnb.com/rooms/1387117026506192562?search_mode=regular_search&adults=1&check_in=2026-01-23&check_out=2026-01-25&children=0&infants=0&pets=0&source_impression_id=p3_1759054479_P35wdp908a1n0W7E&previous_page_section_name=1000&federated_search_id=15db83d0-5734-4a97-b995-d46bcd8072cc,1387117026506192562,"Executive One Bedroom House | 1 bedroom
1 bedroom
1 bed
,
 · 1 bed","Jan 23 – 25
Jan 23 – 25","KSh 5,889",N/A,2 nights,N/A,N/A,N/A,6,2025-09-28 13:14:42,"Kisumu County
_
_
Guest favorite
Guest favorite
Apartment in Kisumu
KSh 3",https://www.airbnb.com/s/Kisumu-County/homes?place_id=ChIJ3_PD7Z-lKhgR71EwTssPkhY&refinement_paths%5B%5D=%2Fhomes&flexible_trip_lengths%5B%5D=weekend_trip&date_picker_type=FLEXIBLE_DATES&search_type=HOMEPAGE_CAROUSEL_CLICK,0
card-container,Apartment in Kisumu,Tina's cosy 2br : Wi-fi & Parking in Milimani,https://www.airbnb.com/rooms/1012411924695902882?search_mode=regular_search&adults=1&check_in=2026-04-10&check_out=2026-04-12&children=0&infants=0&pets=0&source_impression_id=p3_1759054479_P3Qw_nJJcd8xAwgQ&previous_page_section_name=1000&federated_search_id=15db83d0-5734-4a97-b995-d46bcd8072cc,1012411924695902882,"2 bedrooms
2 bedrooms
2 beds
,
 · 2 beds",N/A,"KSh 10,304",N/A,2 nights,N/A,N/A,N/A,6,2025-09-28 13:14:42,"Kisumu County
_
_
Guest favorite
Guest favorite
Apartment in Kisumu
KSh 3",https://www.airbnb.com/s/Kisumu-County/homes?place_id=ChIJ3_PD7Z-lKhgR71EwTssPkhY&refinement_paths%5B%5D=%2Fhomes&flexible_trip_lengths%5B%5D=weekend_trip&date_picker_type=FLEXIBLE_DATES&search_type=HOMEPAGE_CAROUSEL_CLICK,0
card-container,Apartment in Kisumu,Pearl Serenity,https://www.airbnb.com/rooms/1344204565871874009?search_mode=regular_search&adults=1&check_in=2026-08-07&check_out=2026-08-09&children=0&infants=0&pets=0&source_impression_id=p3_1759054483_P3Ito8jWMmw1wYol&previous_page_section_name=1000&federated_search_id=6953afb5-1b9f-492e-9738-3bb7342df523,1344204565871874009,"2 bedrooms
2 bedrooms
2 beds
,
 · 2 beds",N/A,"KSh 10,452",N/A,2 nights,N/A,N/A,N/A,7,2025-09-28 13:14:45,"Kisumu County
_
_
Guest favorite
Guest favorite
Apartment in Kisumu
KSh 3",https://www.airbnb.com/s/Kisumu-County/homes?place_id=ChIJ3_PD7Z-lKhgR71EwTssPkhY&refinement_paths%5B%5D=%2Fhomes&flexible_trip_lengths%5B%5D=weekend_trip&date_picker_type=FLEXIBLE_DATES&search_type=HOMEPAGE_CAROUSEL_CLICK,0
card-container,Apartment in Kisumu,Tina's cosy 2br : Wi-fi & Parking in Milimani,https://www.airbnb.com/rooms/1012411924695902882?search_mode=regular_search&adults=1&check_in=2026-04-10&check_out=2026-04-12&children=0&infants=0&pets=0&source_impression_id=p3_1759054483_P37cmX0tdfW15FFO&previous_page_section_name=1000&federated_search_id=6953afb5-1b9f-492e-9738-3bb7342df523,1012411924695902882,"2 bedrooms
2 bedrooms
2 beds
,
 · 2 beds",N/A,"KSh 10,304",N/A,2 nights,N/A,N/A,N/A,7,2025-09-28 13:14:46,"Kisumu County
_
_
Guest favorite
Guest favorite
Apartment in Kisumu
KSh 3",https://www.airbnb.com/s/Kisumu-County/homes?place_id=ChIJ3_PD7Z-lKhgR71EwTssPkhY&refinement_paths%5B%5D=%2Fhomes&flexible_trip_lengths%5B%5D=weekend_trip&date_picker_type=FLEXIBLE_DATES&search_type=HOMEPAGE_CAROUSEL_CLICK,0
card-container,Home in Kisumu,B Comfort BnB,https://www.airbnb.com/rooms/1423228382657566586?search_mode=regular_search&adults=1&check_in=2026-08-07&check_out=2026-08-09&children=0&infants=0&pets=0&source_impression_id=p3_1759054483_P3yE9-GrNbp-Es4q&previous_page_section_name=1000&federated_search_id=6953afb5-1b9f-492e-9738-3bb7342df523,1423228382657566586,"2 bedrooms
2 bedrooms
2 double beds
,
 · 2 double beds",N/A,"KSh 8,615","KSh 8,615",2 nights,N/A,N/A,N/A,7,2025-09-28 13:14:46,"Kisumu County
_
_
Guest favorite
Guest favorite
Apartment in Kisumu
KSh 3",https://www.airbnb.com/s/Kisumu-County/homes?place_id=ChIJ3_PD7Z-lKhgR71EwTssPkhY&refinement_paths%5B%5D=%2Fhomes&flexible_trip_lengths%5B%5D=weekend_trip&date_picker_type=FLEXIBLE_DATES&search_type=HOMEPAGE_CAROUSEL_CLICK,0
card-container,Guest suite in Kisumu,"Functional, bright, tiny studio near Dunga beach",https://www.airbnb.com/rooms/1296779419776933952?search_mode=regular_search&adults=1&check_in=2026-03-13&check_out=2026-03-15&children=0&infants=0&pets=0&source_impression_id=p3_1759054483_P3iiPNNbTWdhyIwT&previous_page_section_name=1000&federated_search_id=6953afb5-1b9f-492e-9738-3bb7342df523,1296779419776933952,"1 double bed
1 double bed","Mar 13 – 15
Mar 13 – 15","KSh 6,192",N/A,2 nights,N/A,N/A,N/A,7,2025-09-28 13:14:46,"Kisumu County
_
_
Guest favorite
Guest favorite
Apartment in Kisumu
KSh 3",https://www.airbnb.com/s/Kisumu-County/homes?place_id=ChIJ3_PD7Z-lKhgR71EwTssPkhY&refinement_paths%5B%5D=%2Fhomes&flexible_trip_lengths%5B%5D=weekend_trip&date_picker_type=FLEXIBLE_DATES&search_type=HOMEPAGE_CAROUSEL_CLICK,0
card-container,Condo in Kisumu,"Marie's Spacious One Bedroom, Milimani0722732628",https://www.airbnb.com/rooms/50895364?search_mode=regular_search&adults=1&check_in=2026-05-15&check_out=2026-05-17&children=0&infants=0&pets=0&source_impression_id=p3_1759054483_P3nMmc_jfHbcbk-B&previous_page_section_name=1000&federated_search_id=6953afb5-1b9f-492e-9738-3bb7342df523,50895364,"Marie's Spacious One Bedroom, Milimani0722732628 | 1 bedroom
1 bedroom
1 queen bed
,
 · 1 queen bed",N/A,"KSh 7,361",N/A,2 nights,N/A,N/A,N/A,7,2025-09-28 13:14:46,"Kisumu County
_
_
Guest favorite
Guest favorite
Apartment in Kisumu
KSh 3",https://www.airbnb.com/s/Kisumu-County/homes?place_id=ChIJ3_PD7Z-lKhgR71EwTssPkhY&refinement_paths%5B%5D=%2Fhomes&flexible_trip_lengths%5B%5D=weekend_trip&date_picker_type=FLEXIBLE_DATES&search_type=HOMEPAGE_CAROUSEL_CLICK,0
card-container,Apartment in Kisumu,2-Bedroom Apartment in Kisumu0714855312,https://www.airbnb.com/rooms/1334129360663600627?search_mode=regular_search&adults=1&check_in=2025-10-24&check_out=2025-10-26&children=0&infants=0&pets=0&source_impression_id=p3_1759054483_P3_mb9O745hXK60j&previous_page_section_name=1000&federated_search_id=6953afb5-1b9f-492e-9738-3bb7342df523,1334129360663600627,"2-Bedroom Apartment in Kisumu0714855312 | 2 bedrooms
2 bedrooms
2 beds
,
 · 2 beds","Oct 24 – 26
Oct 24 – 26","KSh 10,304",N/A,2 nights,N/A,N/A,N/A,7,2025-09-28 13:14:46,"Kisumu County
_
_
Guest favorite
Guest favorite
Apartment in Kisumu
KSh 3",https://www.airbnb.com/s/Kisumu-County/homes?place_id=ChIJ3_PD7Z-lKhgR71EwTssPkhY&refinement_paths%5B%5D=%2Fhomes&flexible_trip_lengths%5B%5D=weekend_trip&date_picker_type=FLEXIBLE_DATES&search_type=HOMEPAGE_CAROUSEL_CLICK,0
card-container,Apartment in Kisumu,Modern One bedroom in Kisumu,https://www.airbnb.com/rooms/1359435952060002630?search_mode=regular_search&adults=1&check_in=2025-12-12&check_out=2025-12-14&children=0&infants=0&pets=0&source_impression_id=p3_1759054483_P3A6WlPW3RXavJ1j&previous_page_section_name=1000&federated_search_id=6953afb5-1b9f-492e-9738-3bb7342df523,1359435952060002630,"Modern One bedroom in Kisumu | 1 bedroom
1 bedroom
1 bed
,
 · 1 bed","Dec 12 – 14
Dec 12 – 14","KSh 5,593",N/A,2 nights,N/A,N/A,N/A,7,2025-09-28 13:14:46,"Kisumu County
_
_
Guest favorite
Guest favorite
Apartment in Kisumu
KSh 3",https://www.airbnb.com/s/Kisumu-County/homes?place_id=ChIJ3_PD7Z-lKhgR71EwTssPkhY&refinement_paths%5B%5D=%2Fhomes&flexible_trip_lengths%5B%5D=weekend_trip&date_picker_type=FLEXIBLE_DATES&search_type=HOMEPAGE_CAROUSEL_CLICK,0
card-container,Apartment in Kisumu,Urban Oasis Homes,https://www.airbnb.com/rooms/1386378142836884217?search_mode=regular_search&adults=1&check_in=2026-07-17&check_out=2026-07-19&children=0&infants=0&pets=0&source_impression_id=p3_1759054483_P3LxSzMTPPsP_Lcr&previous_page_section_name=1000&federated_search_id=6953afb5-1b9f-492e-9738-3bb7342df523,1386378142836884217,"1 bedroom
1 bedroom
1 bed
,
 · 1 bed",N/A,"KSh 5,889",N/A,2 nights,N/A,N/A,N/A,7,2025-09-28 13:14:46,"Kisumu County
_
_
Guest favorite
Guest favorite
Apartment in Kisumu
KSh 3",https://www.airbnb.com/s/Kisumu-County/homes?place_id=ChIJ3_PD7Z-lKhgR71EwTssPkhY&refinement_paths%5B%5D=%2Fhomes&flexible_trip_lengths%5B%5D=weekend_trip&date_picker_type=FLEXIBLE_DATES&search_type=HOMEPAGE_CAROUSEL_CLICK,0
card-container,Home in Kisumu,SpaciousHomely Ap3-0722912163,https://www.airbnb.com/rooms/1443955359573227437?search_mode=regular_search&adults=1&check_in=2025-12-12&check_out=2025-12-14&children=0&infants=0&pets=0&source_impression_id=p3_1759054483_P3YUK4i7yu0c7IcW&previous_page_section_name=1000&federated_search_id=6953afb5-1b9f-492e-9738-3bb7342df523,1443955359573227437,"3 bedrooms
3 bedrooms
3 king beds
,
 · 3 king beds","Dec 12 – 14
Dec 12 – 14","KSh 19,137",N/A,2 nights,N/A,N/A,N/A,7,2025-09-28 13:14:46,"Kisumu County
_
_
Guest favorite
Guest favorite
Apartment in Kisumu
KSh 3",https://www.airbnb.com/s/Kisumu-County/homes?place_id=ChIJ3_PD7Z-lKhgR71EwTssPkhY&refinement_paths%5B%5D=%2Fhomes&flexible_trip_lengths%5B%5D=weekend_trip&date_picker_type=FLEXIBLE_DATES&search_type=HOMEPAGE_CAROUSEL_CLICK,0
card-container,Villa in Kisumu,white hill villa Kisumu,https://www.airbnb.com/rooms/17272210?search_mode=regular_search&adults=1&check_in=2026-06-05&check_out=2026-06-07&children=0&infants=0&pets=0&source_impression_id=p3_1759054483_P3RLuAmJRZmk7V04&previous_page_section_name=1000&federated_search_id=6953afb5-1b9f-492e-9738-3bb7342df523,17272210,"5 bedrooms
5 bedrooms
6 beds
,
 · 6 beds",N/A,"KSh 45,930",N/A,2 nights,N/A,N/A,N/A,7,2025-09-28 13:14:46,"Kisumu County
_
_
Guest favorite
Guest favorite
Apartment in Kisumu
KSh 3",https://www.airbnb.com/s/Kisumu-County/homes?place_id=ChIJ3_PD7Z-lKhgR71EwTssPkhY&refinement_paths%5B%5D=%2Fhomes&flexible_trip_lengths%5B%5D=weekend_trip&date_picker_type=FLEXIBLE_DATES&search_type=HOMEPAGE_CAROUSEL_CLICK,0
card-container,Condo in Kisumu,"Maries 2 bed all-ensuite, milimani Ksm0722732628",https://www.airbnb.com/rooms/710426934135648246?search_mode=regular_search&adults=1&check_in=2025-10-17&check_out=2025-10-19&children=0&infants=0&pets=0&source_impression_id=p3_1759054483_P3gHdZLwDK4HMUUW&previous_page_section_name=1000&federated_search_id=6953afb5-1b9f-492e-9738-3bb7342df523,710426934135648246,"Maries 2 bed all-ensuite, milimani Ksm0722732628 | 2 bedrooms
2 bedrooms
2 queen beds
,
 · 2 queen beds","Oct 17 – 19
Oct 17 – 19","KSh 14,721",N/A,2 nights,N/A,N/A,N/A,7,2025-09-28 13:14:46,"Kisumu County
_
_
Guest favorite
Guest favorite
Apartment in Kisumu
KSh 3",https://www.airbnb.com/s/Kisumu-County/homes?place_id=ChIJ3_PD7Z-lKhgR71EwTssPkhY&refinement_paths%5B%5D=%2Fhomes&flexible_trip_lengths%5B%5D=weekend_trip&date_picker_type=FLEXIBLE_DATES&search_type=HOMEPAGE_CAROUSEL_CLICK,0
card-container,Tiny home in Kisumu,"Serene studio 3 in Milimani, Kisumu.",https://www.airbnb.com/rooms/683198784409768400?search_mode=regular_search&adults=1&check_in=2026-04-10&check_out=2026-04-12&children=0&infants=0&pets=0&source_impression_id=p3_1759054483_P3LjrosYabzowRG2&previous_page_section_name=1000&federated_search_id=6953afb5-1b9f-492e-9738-3bb7342df523,683198784409768400,"1 bedroom
1 bedroom
1 bed
,
 · 1 bed",N/A,"KSh 6,183",N/A,2 nights,N/A,N/A,N/A,7,2025-09-28 13:14:46,"Kisumu County
_
_
Guest favorite
Guest favorite
Apartment in Kisumu
KSh 3",https://www.airbnb.com/s/Kisumu-County/homes?place_id=ChIJ3_PD7Z-lKhgR71EwTssPkhY&refinement_paths%5B%5D=%2Fhomes&flexible_trip_lengths%5B%5D=weekend_trip&date_picker_type=FLEXIBLE_DATES&search_type=HOMEPAGE_CAROUSEL_CLICK,0
card-container,Apartment in Kisumu,Ikonia 1 BR AC|Backup Gen|Balcony| O723896567,https://www.airbnb.com/rooms/951572768215612154?search_mode=regular_search&adults=1&check_in=2025-12-12&check_out=2025-12-14&children=0&infants=0&pets=0&source_impression_id=p3_1759054483_P3Wwoi-WC2zQ2CPP&previous_page_section_name=1000&federated_search_id=6953afb5-1b9f-492e-9738-3bb7342df523,951572768215612154,"1 bedroom
1 bedroom
1 queen bed
,
 · 1 queen bed","Dec 12 – 14
Dec 12 – 14","KSh 11,925",N/A,2 nights,N/A,N/A,N/A,7,2025-09-28 13:14:47,"Kisumu County
_
_
Guest favorite
Guest favorite
Apartment in Kisumu
KSh 3",https://www.airbnb.com/s/Kisumu-County/homes?place_id=ChIJ3_PD7Z-lKhgR71EwTssPkhY&refinement_paths%5B%5D=%2Fhomes&flexible_trip_lengths%5B%5D=weekend_trip&date_picker_type=FLEXIBLE_DATES&search_type=HOMEPAGE_CAROUSEL_CLICK,0
card-container,Apartment in Kisumu,"Swan Lakeview 2. Netflx, Sunset, With A/C.",https://www.airbnb.com/rooms/598537293841363191?search_mode=regular_search&adults=1&check_in=2025-10-24&check_out=2025-10-26&children=0&infants=0&pets=0&source_impression_id=p3_1759054483_P3La37bka28JSViO&previous_page_section_name=1000&federated_search_id=6953afb5-1b9f-492e-9738-3bb7342df523,598537293841363191,"1 bedroom
1 bedroom
1 queen bed
,
 · 1 queen bed","Oct 24 – 26
Oct 24 – 26","KSh 7,655",N/A,2 nights,N/A,N/A,N/A,7,2025-09-28 13:14:47,"Kisumu County
_
_
Guest favorite
Guest favorite
Apartment in Kisumu
KSh 3",https://www.airbnb.com/s/Kisumu-County/homes?place_id=ChIJ3_PD7Z-lKhgR71EwTssPkhY&refinement_paths%5B%5D=%2Fhomes&flexible_trip_lengths%5B%5D=weekend_trip&date_picker_type=FLEXIBLE_DATES&search_type=HOMEPAGE_CAROUSEL_CLICK,0
card-container,Bungalow in Kisumu,Luxe 1br w/ Queen bed in Milimani near Dunga beach,https://www.airbnb.com/rooms/52560653?search_mode=regular_search&adults=1&check_in=2026-01-09&check_out=2026-01-11&children=0&infants=0&pets=0&source_impression_id=p3_1759054483_P3ODHOlgmT05H4-y&previous_page_section_name=1000&federated_search_id=6953afb5-1b9f-492e-9738-3bb7342df523,52560653,"Luxe 1br w/ Queen bed in Milimani near Dunga beach | 1 bedroom
1 bedroom
1 queen bed
,
 · 1 queen bed","Jan 9 – 11
Jan 9 – 11","KSh 8,514",N/A,2 nights,N/A,N/A,N/A,7,2025-09-28 13:14:47,"Kisumu County
_
_
Guest favorite
Guest favorite
Apartment in Kisumu
KSh 3",https://www.airbnb.com/s/Kisumu-County/homes?place_id=ChIJ3_PD7Z-lKhgR71EwTssPkhY&refinement_paths%5B%5D=%2Fhomes&flexible_trip_lengths%5B%5D=weekend_trip&date_picker_type=FLEXIBLE_DATES&search_type=HOMEPAGE_CAROUSEL_CLICK,0
card-container,Apartment in Kisumu,Pacho Studio 2,https://www.airbnb.com/rooms/50554270?search_mode=regular_search&adults=1&check_in=2025-11-21&check_out=2025-11-23&children=0&infants=0&pets=0&source_impression_id=p3_1759054483_P3TiIhiz3j62A6oT&previous_page_section_name=1000&federated_search_id=6953afb5-1b9f-492e-9738-3bb7342df523,50554270,"1 queen bed
1 queen bed","Nov 21 – 23
Nov 21 – 23","KSh 5,035",N/A,2 nights,N/A,N/A,N/A,7,2025-09-28 13:14:47,"Kisumu County
_
_
Guest favorite
Guest favorite
Apartment in Kisumu
KSh 3",https://www.airbnb.com/s/Kisumu-County/homes?place_id=ChIJ3_PD7Z-lKhgR71EwTssPkhY&refinement_paths%5B%5D=%2Fhomes&flexible_trip_lengths%5B%5D=weekend_trip&date_picker_type=FLEXIBLE_DATES&search_type=HOMEPAGE_CAROUSEL_CLICK,0
card-container,Room in Kisumu,Serene Studio 1 Milimani0722832367,https://www.airbnb.com/rooms/48023036?search_mode=regular_search&adults=1&category_tag=Tag%3A8678&check_in=2026-06-05&check_out=2026-06-07&children=0&infants=0&pets=0&photo_id=1401621840&source_impression_id=p3_1759054483_P37e4nun7A3FVluR&previous_page_section_name=1000&federated_search_id=6953afb5-1b9f-492e-9738-3bb7342df523,48023036,"1 bed
1 bed",N/A,"KSh 4,858",N/A,2 nights,N/A,N/A,N/A,7,2025-09-28 13:14:47,"Kisumu County
_
_
Guest favorite
Guest favorite
Apartment in Kisumu
KSh 3",https://www.airbnb.com/s/Kisumu-County/homes?place_id=ChIJ3_PD7Z-lKhgR71EwTssPkhY&refinement_paths%5B%5D=%2Fhomes&flexible_trip_lengths%5B%5D=weekend_trip&date_picker_type=FLEXIBLE_DATES&search_type=HOMEPAGE_CAROUSEL_CLICK,0
card-container,Apartment in Kisumu,Nyakobura apartments (Sapphire),https://www.airbnb.com/rooms/1450023301899705650?search_mode=regular_search&adults=1&check_in=2026-07-24&check_out=2026-07-26&children=0&infants=0&pets=0&source_impression_id=p3_1759054483_P378r6dnh1r7cVrE&previous_page_section_name=1000&federated_search_id=6953afb5-1b9f-492e-9738-3bb7342df523,1450023301899705650,"1 bedroom
1 bedroom
1 double bed
,
 · 1 double bed",N/A,"KSh 8,244",N/A,2 nights,N/A,N/A,N/A,7,2025-09-28 13:14:47,"Kisumu County
_
_
Guest favorite
Guest favorite
Apartment in Kisumu
KSh 3",https://www.airbnb.com/s/Kisumu-County/homes?place_id=ChIJ3_PD7Z-lKhgR71EwTssPkhY&refinement_paths%5B%5D=%2Fhomes&flexible_trip_lengths%5B%5D=weekend_trip&date_picker_type=FLEXIBLE_DATES&search_type=HOMEPAGE_CAROUSEL_CLICK,0
card-container,Apartment in Kisumu,Milimani Studio 1 - with W-FI & Netflix-O792877152,https://www.airbnb.com/rooms/778027387543726116?search_mode=regular_search&adults=1&check_in=2026-01-02&check_out=2026-01-04&children=0&infants=0&pets=0&source_impression_id=p3_1759054488_P3kh4txuPRnN206p&previous_page_section_name=1000&federated_search_id=d6e7ea6d-d7f8-4351-bcbe-9d14b42fef08,778027387543726116,"1 bed
1 bed","Jan 2 – 4
Jan 2 – 4","KSh 5,299",N/A,2 nights,N/A,N/A,N/A,8,2025-09-28 13:14:50,"Kisumu County
_
_
Guest favorite
Guest favorite
Apartment in Kisumu
KSh 3",https://www.airbnb.com/s/Kisumu-County/homes?place_id=ChIJ3_PD7Z-lKhgR71EwTssPkhY&refinement_paths%5B%5D=%2Fhomes&flexible_trip_lengths%5B%5D=weekend_trip&date_picker_type=FLEXIBLE_DATES&search_type=HOMEPAGE_CAROUSEL_CLICK,0
card-container,Apartment in Kisumu,"Tina's cosy 1br : Fast Wi-Fi and Parking, Milimani",https://www.airbnb.com/rooms/553591335296876432?search_mode=regular_search&adults=1&check_in=2026-05-22&check_out=2026-05-24&children=0&infants=0&pets=0&source_impression_id=p3_1759054488_P3yOoGT90qibv9zY&previous_page_section_name=1000&federated_search_id=d6e7ea6d-d7f8-4351-bcbe-9d14b42fef08,553591335296876432,"1 bedroom
1 bedroom
1 bed
,
 · 1 bed",N/A,"KSh 7,949",N/A,2 nights,N/A,N/A,N/A,8,2025-09-28 13:14:50,"Kisumu County
_
_
Guest favorite
Guest favorite
Apartment in Kisumu
KSh 3",https://www.airbnb.com/s/Kisumu-County/homes?place_id=ChIJ3_PD7Z-lKhgR71EwTssPkhY&refinement_paths%5B%5D=%2Fhomes&flexible_trip_lengths%5B%5D=weekend_trip&date_picker_type=FLEXIBLE_DATES&search_type=HOMEPAGE_CAROUSEL_CLICK,0
card-container,Home in Kapsoil,Cosy village home close to town!,https://www.airbnb.com/rooms/1373746631541266732?search_mode=regular_search&adults=1&check_in=2026-09-04&check_out=2026-09-06&children=0&infants=0&pets=0&source_impression_id=p3_1759054488_P3QTbY6-z1R7knMQ&previous_page_section_name=1000&federated_search_id=d6e7ea6d-d7f8-4351-bcbe-9d14b42fef08,1373746631541266732,"2 bedrooms
2 bedrooms
3 beds
,
 · 3 beds",N/A,"KSh 6,183",N/A,2 nights,N/A,N/A,N/A,8,2025-09-28 13:14:50,"Kisumu County
_
_
Guest favorite
Guest favorite
Apartment in Kisumu
KSh 3",https://www.airbnb.com/s/Kisumu-County/homes?place_id=ChIJ3_PD7Z-lKhgR71EwTssPkhY&refinement_paths%5B%5D=%2Fhomes&flexible_trip_lengths%5B%5D=weekend_trip&date_picker_type=FLEXIBLE_DATES&search_type=HOMEPAGE_CAROUSEL_CLICK,0
card-container,Apartment in Kisumu,Essence Urban Homes Studio,https://www.airbnb.com/rooms/1344995265991487252?search_mode=regular_search&adults=1&check_in=2026-05-22&check_out=2026-05-24&children=0&infants=0&pets=0&source_impression_id=p3_1759054488_P3Fdt50sMiFpXImZ&previous_page_section_name=1000&federated_search_id=d6e7ea6d-d7f8-4351-bcbe-9d14b42fef08,1344995265991487252,"1 bed
1 bed",N/A,"KSh 6,029","KSh 6,029",2 nights,N/A,N/A,N/A,8,2025-09-28 13:14:50,"Kisumu County
_
_
Guest favorite
Guest favorite
Apartment in Kisumu
KSh 3",https://www.airbnb.com/s/Kisumu-County/homes?place_id=ChIJ3_PD7Z-lKhgR71EwTssPkhY&refinement_paths%5B%5D=%2Fhomes&flexible_trip_lengths%5B%5D=weekend_trip&date_picker_type=FLEXIBLE_DATES&search_type=HOMEPAGE_CAROUSEL_CLICK,0
card-container,Apartment in Kisumu,Nyakobura apartments (Sapphire),https://www.airbnb.com/rooms/1450023301899705650?search_mode=regular_search&adults=1&check_in=2026-07-24&check_out=2026-07-26&children=0&infants=0&pets=0&source_impression_id=p3_1759054488_P3n3-y-2LHD0sb3C&previous_page_section_name=1000&federated_search_id=d6e7ea6d-d7f8-4351-bcbe-9d14b42fef08,1450023301899705650,"1 bedroom
1 bedroom
1 double bed
,
 · 1 double bed",N/A,"KSh 8,244",N/A,2 nights,N/A,N/A,N/A,8,2025-09-28 13:14:51,"Kisumu County
_
_
Guest favorite
Guest favorite
Apartment in Kisumu
KSh 3",https://www.airbnb.com/s/Kisumu-County/homes?place_id=ChIJ3_PD7Z-lKhgR71EwTssPkhY&refinement_paths%5B%5D=%2Fhomes&flexible_trip_lengths%5B%5D=weekend_trip&date_picker_type=FLEXIBLE_DATES&search_type=HOMEPAGE_CAROUSEL_CLICK,0
card-container,Apartment in Kisumu,Kisumu Chic Clean quiet accessible 1BR,https://www.airbnb.com/rooms/1365013146942075078?search_mode=regular_search&adults=1&check_in=2025-10-24&check_out=2025-10-26&children=0&infants=0&pets=0&source_impression_id=p3_1759054488_P3mStTKjS-n6_I9H&previous_page_section_name=1000&federated_search_id=d6e7ea6d-d7f8-4351-bcbe-9d14b42fef08,1365013146942075078,"1 bedroom
1 bedroom
1 king bed
,
 · 1 king bed","Oct 24 – 26
Oct 24 – 26","KSh 7,067",N/A,2 nights,N/A,N/A,N/A,8,2025-09-28 13:14:51,"Kisumu County
_
_
Guest favorite
Guest favorite
Apartment in Kisumu
KSh 3",https://www.airbnb.com/s/Kisumu-County/homes?place_id=ChIJ3_PD7Z-lKhgR71EwTssPkhY&refinement_paths%5B%5D=%2Fhomes&flexible_trip_lengths%5B%5D=weekend_trip&date_picker_type=FLEXIBLE_DATES&search_type=HOMEPAGE_CAROUSEL_CLICK,0
card-container,Apartment in Kisumu,yazhomestay is home away from home.,https://www.airbnb.com/rooms/1511802018317368949?search_mode=regular_search&adults=1&check_in=2026-09-25&check_out=2026-09-27&children=0&infants=0&pets=0&source_impression_id=p3_1759054488_P38eJofRgsMbUXo1&previous_page_section_name=1000&federated_search_id=d6e7ea6d-d7f8-4351-bcbe-9d14b42fef08,1511802018317368949,"1 bedroom
1 bedroom
1 bed
,
 · 1 bed",N/A,"KSh 8,615","KSh 8,615",2 nights,N/A,N/A,N/A,8,2025-09-28 13:14:51,"Kisumu County
_
_
Guest favorite
Guest favorite
Apartment in Kisumu
KSh 3",https://www.airbnb.com/s/Kisumu-County/homes?place_id=ChIJ3_PD7Z-lKhgR71EwTssPkhY&refinement_paths%5B%5D=%2Fhomes&flexible_trip_lengths%5B%5D=weekend_trip&date_picker_type=FLEXIBLE_DATES&search_type=HOMEPAGE_CAROUSEL_CLICK,0
card-container,Room in Kisumu,Cosmos suite,https://www.airbnb.com/rooms/41075822?search_mode=regular_search&adults=1&category_tag=Tag%3A8678&check_in=2026-08-28&check_out=2026-08-30&children=0&infants=0&pets=0&photo_id=1045971005&source_impression_id=p3_1759054488_P3zhCZ1vXRuv1uHb&previous_page_section_name=1000&federated_search_id=d6e7ea6d-d7f8-4351-bcbe-9d14b42fef08,41075822,"2 beds
2 beds",N/A,"KSh 4,417",N/A,2 nights,N/A,N/A,N/A,8,2025-09-28 13:14:51,"Kisumu County
_
_
Guest favorite
Guest favorite
Apartment in Kisumu
KSh 3",https://www.airbnb.com/s/Kisumu-County/homes?place_id=ChIJ3_PD7Z-lKhgR71EwTssPkhY&refinement_paths%5B%5D=%2Fhomes&flexible_trip_lengths%5B%5D=weekend_trip&date_picker_type=FLEXIBLE_DATES&search_type=HOMEPAGE_CAROUSEL_CLICK,0
card-container,Apartment in Kisumu,Afropolitan 3br w/ ensuite|Washer|Near united mall,https://www.airbnb.com/rooms/1504262840235520708?search_mode=regular_search&adults=1&check_in=2026-08-28&check_out=2026-08-30&children=0&infants=0&pets=0&source_impression_id=p3_1759054488_P3PXSQkqr4oBe3AJ&previous_page_section_name=1000&federated_search_id=d6e7ea6d-d7f8-4351-bcbe-9d14b42fef08,1504262840235520708,"3 bedrooms
3 bedrooms
3 beds
,
 · 3 beds",N/A,"KSh 17,028","KSh 17,028",2 nights,N/A,N/A,N/A,8,2025-09-28 13:14:51,"Kisumu County
_
_
Guest favorite
Guest favorite
Apartment in Kisumu
KSh 3",https://www.airbnb.com/s/Kisumu-County/homes?place_id=ChIJ3_PD7Z-lKhgR71EwTssPkhY&refinement_paths%5B%5D=%2Fhomes&flexible_trip_lengths%5B%5D=weekend_trip&date_picker_type=FLEXIBLE_DATES&search_type=HOMEPAGE_CAROUSEL_CLICK,0
card-container,Apartment in Kisumu,Pacho homes milimani court,https://www.airbnb.com/rooms/740172869074655134?search_mode=regular_search&adults=1&check_in=2026-04-24&check_out=2026-04-26&children=0&infants=0&pets=0&source_impression_id=p3_1759054488_P31t4AbtpksQmIdd&previous_page_section_name=1000&federated_search_id=d6e7ea6d-d7f8-4351-bcbe-9d14b42fef08,740172869074655134,"2 bedrooms
2 bedrooms
2 beds
,
 · 2 beds",N/A,"KSh 11,776",N/A,2 nights,N/A,N/A,N/A,8,2025-09-28 13:14:51,"Kisumu County
_
_
Guest favorite
Guest favorite
Apartment in Kisumu
KSh 3",https://www.airbnb.com/s/Kisumu-County/homes?place_id=ChIJ3_PD7Z-lKhgR71EwTssPkhY&refinement_paths%5B%5D=%2Fhomes&flexible_trip_lengths%5B%5D=weekend_trip&date_picker_type=FLEXIBLE_DATES&search_type=HOMEPAGE_CAROUSEL_CLICK,0
card-container,Apartment in Kisumu,Jaylaw little cave,https://www.airbnb.com/rooms/1456360408363600250?search_mode=regular_search&adults=1&check_in=2026-01-30&check_out=2026-02-01&children=0&infants=0&pets=0&source_impression_id=p3_1759054488_P3zyZMFcq1rxAszs&previous_page_section_name=1000&federated_search_id=d6e7ea6d-d7f8-4351-bcbe-9d14b42fef08,1456360408363600250,"1 bedroom
1 bedroom
1 bed
,
 · 1 bed","Jan 30 – Feb 1
Jan 30 – Feb 1","KSh 5,169","KSh 5,169",2 nights,N/A,N/A,N/A,8,2025-09-28 13:14:51,"Kisumu County
_
_
Guest favorite
Guest favorite
Apartment in Kisumu
KSh 3",https://www.airbnb.com/s/Kisumu-County/homes?place_id=ChIJ3_PD7Z-lKhgR71EwTssPkhY&refinement_paths%5B%5D=%2Fhomes&flexible_trip_lengths%5B%5D=weekend_trip&date_picker_type=FLEXIBLE_DATES&search_type=HOMEPAGE_CAROUSEL_CLICK,0
card-container,Apartment in Kisumu,Cozy 3-Bedroom in the Heart of Kisumu,https://www.airbnb.com/rooms/1508770350118706900?search_mode=regular_search&adults=1&check_in=2026-01-30&check_out=2026-02-01&children=0&infants=0&pets=0&source_impression_id=p3_1759054488_P3KOCtYLVx-hk5Jy&previous_page_section_name=1000&federated_search_id=d6e7ea6d-d7f8-4351-bcbe-9d14b42fef08,1508770350118706900,"Cozy 3-Bedroom in the Heart of Kisumu | 3 bedrooms
3 bedrooms
3 beds
,
 · 3 beds","Jan 30 – Feb 1
Jan 30 – Feb 1","KSh 8,244",N/A,2 nights,N/A,N/A,N/A,8,2025-09-28 13:14:51,"Kisumu County
_
_
Guest favorite
Guest favorite
Apartment in Kisumu
KSh 3",https://www.airbnb.com/s/Kisumu-County/homes?place_id=ChIJ3_PD7Z-lKhgR71EwTssPkhY&refinement_paths%5B%5D=%2Fhomes&flexible_trip_lengths%5B%5D=weekend_trip&date_picker_type=FLEXIBLE_DATES&search_type=HOMEPAGE_CAROUSEL_CLICK,0
card-container,Apartment in Kisumu,Kaggleh Place,https://www.airbnb.com/rooms/1364344183418581371?search_mode=regular_search&adults=1&check_in=2025-10-10&check_out=2025-10-12&children=0&infants=0&pets=0&source_impression_id=p3_1759054488_P3_tVtfz9tmmTHcd&previous_page_section_name=1000&federated_search_id=d6e7ea6d-d7f8-4351-bcbe-9d14b42fef08,1364344183418581371,"1 bedroom
1 bedroom
1 double bed
,
 · 1 double bed","Oct 10 – 12
Oct 10 – 12","KSh 6,477",N/A,2 nights,N/A,N/A,N/A,8,2025-09-28 13:14:51,"Kisumu County
_
_
Guest favorite
Guest favorite
Apartment in Kisumu
KSh 3",https://www.airbnb.com/s/Kisumu-County/homes?place_id=ChIJ3_PD7Z-lKhgR71EwTssPkhY&refinement_paths%5B%5D=%2Fhomes&flexible_trip_lengths%5B%5D=weekend_trip&date_picker_type=FLEXIBLE_DATES&search_type=HOMEPAGE_CAROUSEL_CLICK,0
card-container,Apartment in Kisumu,Kingdom Bliss Homes,https://www.airbnb.com/rooms/1323269671483539830?search_mode=regular_search&adults=1&check_in=2026-06-26&check_out=2026-06-28&children=0&infants=0&pets=0&source_impression_id=p3_1759054488_P3JIESNW2hEHO-FX&previous_page_section_name=1000&federated_search_id=d6e7ea6d-d7f8-4351-bcbe-9d14b42fef08,1323269671483539830,"1 bedroom
1 bedroom
1 bed
,
 · 1 bed",N/A,"KSh 5,743","KSh 5,743",2 nights,N/A,N/A,N/A,8,2025-09-28 13:14:51,"Kisumu County
_
_
Guest favorite
Guest favorite
Apartment in Kisumu
KSh 3",https://www.airbnb.com/s/Kisumu-County/homes?place_id=ChIJ3_PD7Z-lKhgR71EwTssPkhY&refinement_paths%5B%5D=%2Fhomes&flexible_trip_lengths%5B%5D=weekend_trip&date_picker_type=FLEXIBLE_DATES&search_type=HOMEPAGE_CAROUSEL_CLICK,0
card-container,Apartment in Kisumu,Kiboko Bay Abode: Lakeview Apartment-0792877152,https://www.airbnb.com/rooms/40628682?search_mode=regular_search&adults=1&check_in=2026-04-03&check_out=2026-04-05&children=0&infants=0&pets=0&source_impression_id=p3_1759054488_P3QjKTZuaaANRzXi&previous_page_section_name=1000&federated_search_id=d6e7ea6d-d7f8-4351-bcbe-9d14b42fef08,40628682,"1 bedroom
1 bedroom
1 queen bed
,
 · 1 queen bed",N/A,"KSh 5,889",N/A,2 nights,N/A,N/A,N/A,8,2025-09-28 13:14:51,"Kisumu County
_
_
Guest favorite
Guest favorite
Apartment in Kisumu
KSh 3",https://www.airbnb.com/s/Kisumu-County/homes?place_id=ChIJ3_PD7Z-lKhgR71EwTssPkhY&refinement_paths%5B%5D=%2Fhomes&flexible_trip_lengths%5B%5D=weekend_trip&date_picker_type=FLEXIBLE_DATES&search_type=HOMEPAGE_CAROUSEL_CLICK,0
card-container,Apartment in Kisumu,Almasi Apartments - Exquisite & cozy one bedroom,https://www.airbnb.com/rooms/795424496595804280?search_mode=regular_search&adults=1&check_in=2026-08-28&check_out=2026-08-30&children=0&infants=0&pets=0&source_impression_id=p3_1759054488_P3iwZSaxoHruhl3s&previous_page_section_name=1000&federated_search_id=d6e7ea6d-d7f8-4351-bcbe-9d14b42fef08,795424496595804280,"Almasi Apartments - Exquisite & cozy one bedroom | 1 bedroom
1 bedroom
1 bed
,
 · 1 bed",N/A,"KSh 7,067",N/A,2 nights,N/A,N/A,N/A,8,2025-09-28 13:14:51,"Kisumu County
_
_
Guest favorite
Guest favorite
Apartment in Kisumu
KSh 3",https://www.airbnb.com/s/Kisumu-County/homes?place_id=ChIJ3_PD7Z-lKhgR71EwTssPkhY&refinement_paths%5B%5D=%2Fhomes&flexible_trip_lengths%5B%5D=weekend_trip&date_picker_type=FLEXIBLE_DATES&search_type=HOMEPAGE_CAROUSEL_CLICK,0
card-container,Apartment in Kisumu,"2 bed master ensuite Milimani, ksm0711610000",https://www.airbnb.com/rooms/1239055922096552913?search_mode=regular_search&adults=1&check_in=2025-10-24&check_out=2025-10-26&children=0&infants=0&pets=0&source_impression_id=p3_1759054488_P3qNNyzHlsBJLwDI&previous_page_section_name=1000&federated_search_id=d6e7ea6d-d7f8-4351-bcbe-9d14b42fef08,1239055922096552913,"2 bed master ensuite Milimani, ksm0711610000 | 2 bedrooms
2 bedrooms
2 beds
,
 · 2 beds","Oct 24 – 26
Oct 24 – 26","KSh 11,776",N/A,2 nights,N/A,N/A,N/A,8,2025-09-28 13:14:52,"Kisumu County
_
_
Guest favorite
Guest favorite
Apartment in Kisumu
KSh 3",https://www.airbnb.com/s/Kisumu-County/homes?place_id=ChIJ3_PD7Z-lKhgR71EwTssPkhY&refinement_paths%5B%5D=%2Fhomes&flexible_trip_lengths%5B%5D=weekend_trip&date_picker_type=FLEXIBLE_DATES&search_type=HOMEPAGE_CAROUSEL_CLICK,0
card-container,Apartment in Kisumu,"Solaminus: Elegant 1BR, scenic balcony.",https://www.airbnb.com/rooms/1325501321537870487?search_mode=regular_search&adults=1&check_in=2026-07-31&check_out=2026-08-02&children=0&infants=0&pets=0&source_impression_id=p3_1759054488_P3FSCia7gbQPMpGD&previous_page_section_name=1000&federated_search_id=d6e7ea6d-d7f8-4351-bcbe-9d14b42fef08,1325501321537870487,"1 bedroom
1 bedroom
1 bed
,
 · 1 bed",N/A,"KSh 8,687",N/A,2 nights,N/A,N/A,N/A,8,2025-09-28 13:14:52,"Kisumu County
_
_
Guest favorite
Guest favorite
Apartment in Kisumu
KSh 3",https://www.airbnb.com/s/Kisumu-County/homes?place_id=ChIJ3_PD7Z-lKhgR71EwTssPkhY&refinement_paths%5B%5D=%2Fhomes&flexible_trip_lengths%5B%5D=weekend_trip&date_picker_type=FLEXIBLE_DATES&search_type=HOMEPAGE_CAROUSEL_CLICK,0
card-container,Apartment in Kisumu,"Lakeview Studios, Kisumu",https://www.airbnb.com/rooms/1477392353599428979?search_mode=regular_search&adults=1&check_in=2026-01-02&check_out=2026-01-04&children=0&infants=0&pets=0&source_impression_id=p3_1759054493_P3nieX9ON2tspV1I&previous_page_section_name=1000&federated_search_id=77f88c29-c3bc-43af-b1aa-aab4e77d1c90,1477392353599428979,"1 queen bed
1 queen bed","Jan 2 – 4
Jan 2 – 4","KSh 4,417",N/A,2 nights,N/A,N/A,N/A,9,2025-09-28 13:14:55,"Kisumu County
_
_
Guest favorite
Guest favorite
Apartment in Kisumu
KSh 3",https://www.airbnb.com/s/Kisumu-County/homes?place_id=ChIJ3_PD7Z-lKhgR71EwTssPkhY&refinement_paths%5B%5D=%2Fhomes&flexible_trip_lengths%5B%5D=weekend_trip&date_picker_type=FLEXIBLE_DATES&search_type=HOMEPAGE_CAROUSEL_CLICK,0
card-container,Home in Kisumu,Homely Studio APT0722912163 with Aircon,https://www.airbnb.com/rooms/1307099044792987875?search_mode=regular_search&adults=1&check_in=2025-12-12&check_out=2025-12-14&children=0&infants=0&pets=0&source_impression_id=p3_1759054493_P3556tH76i30Smt4&previous_page_section_name=1000&federated_search_id=77f88c29-c3bc-43af-b1aa-aab4e77d1c90,1307099044792987875,"1 bed
1 bed","Dec 12 – 14
Dec 12 – 14","KSh 7,361",N/A,2 nights,N/A,N/A,N/A,9,2025-09-28 13:14:55,"Kisumu County
_
_
Guest favorite
Guest favorite
Apartment in Kisumu
KSh 3",https://www.airbnb.com/s/Kisumu-County/homes?place_id=ChIJ3_PD7Z-lKhgR71EwTssPkhY&refinement_paths%5B%5D=%2Fhomes&flexible_trip_lengths%5B%5D=weekend_trip&date_picker_type=FLEXIBLE_DATES&search_type=HOMEPAGE_CAROUSEL_CLICK,0
card-container,Home in Kisumu,Prime Executive Suites 1brm,https://www.airbnb.com/rooms/1343889243302998610?search_mode=regular_search&adults=1&check_in=2026-07-24&check_out=2026-07-26&children=0&infants=0&pets=0&source_impression_id=p3_1759054493_P3MTUNive8Zol6Bn&previous_page_section_name=1000&federated_search_id=77f88c29-c3bc-43af-b1aa-aab4e77d1c90,1343889243302998610,"1 bedroom
1 bedroom
1 bed
,
 · 1 bed",N/A,"KSh 5,889",N/A,2 nights,N/A,N/A,N/A,9,2025-09-28 13:14:55,"Kisumu County
_
_
Guest favorite
Guest favorite
Apartment in Kisumu
KSh 3",https://www.airbnb.com/s/Kisumu-County/homes?place_id=ChIJ3_PD7Z-lKhgR71EwTssPkhY&refinement_paths%5B%5D=%2Fhomes&flexible_trip_lengths%5B%5D=weekend_trip&date_picker_type=FLEXIBLE_DATES&search_type=HOMEPAGE_CAROUSEL_CLICK,0
card-container,Apartment in Kisumu,Milimani Suite 1: Cosy Apt. with WI-FI & Netflix,https://www.airbnb.com/rooms/49076040?search_mode=regular_search&adults=1&check_in=2026-02-13&check_out=2026-02-15&children=0&infants=0&pets=0&source_impression_id=p3_1759054493_P3TdE4Wc-gxyVUZ-&previous_page_section_name=1000&federated_search_id=77f88c29-c3bc-43af-b1aa-aab4e77d1c90,49076040,"1 bedroom
1 bedroom
1 queen bed
,
 · 1 queen bed","Feb 13 – 15
Feb 13 – 15","KSh 7,067",N/A,2 nights,N/A,N/A,N/A,9,2025-09-28 13:14:55,"Kisumu County
_
_
Guest favorite
Guest favorite
Apartment in Kisumu
KSh 3",https://www.airbnb.com/s/Kisumu-County/homes?place_id=ChIJ3_PD7Z-lKhgR71EwTssPkhY&refinement_paths%5B%5D=%2Fhomes&flexible_trip_lengths%5B%5D=weekend_trip&date_picker_type=FLEXIBLE_DATES&search_type=HOMEPAGE_CAROUSEL_CLICK,0
card-container,Apartment in Kisumu,Carey’s Place,https://www.airbnb.com/rooms/985179619318956276?search_mode=regular_search&adults=1&check_in=2026-01-02&check_out=2026-01-04&children=0&infants=0&pets=0&source_impression_id=p3_1759054493_P3GlQMqhHqqodFml&previous_page_section_name=1000&federated_search_id=77f88c29-c3bc-43af-b1aa-aab4e77d1c90,985179619318956276,"2 bedrooms
2 bedrooms
2 beds
,
 · 2 beds","Jan 2 – 4
Jan 2 – 4","KSh 11,482",N/A,2 nights,N/A,N/A,N/A,9,2025-09-28 13:14:55,"Kisumu County
_
_
Guest favorite
Guest favorite
Apartment in Kisumu
KSh 3",https://www.airbnb.com/s/Kisumu-County/homes?place_id=ChIJ3_PD7Z-lKhgR71EwTssPkhY&refinement_paths%5B%5D=%2Fhomes&flexible_trip_lengths%5B%5D=weekend_trip&date_picker_type=FLEXIBLE_DATES&search_type=HOMEPAGE_CAROUSEL_CLICK,0
card-container,Apartment in Kisumu,1bedroom with Balcony0725913803,https://www.airbnb.com/rooms/1095711775307215432?search_mode=regular_search&adults=1&check_in=2026-02-20&check_out=2026-02-22&children=0&infants=0&pets=0&source_impression_id=p3_1759054493_P3qCyaIudo8RnFKm&previous_page_section_name=1000&federated_search_id=77f88c29-c3bc-43af-b1aa-aab4e77d1c90,1095711775307215432,"1bedroom with Balcony0725913803 | 1 bedroom
1 bedroom
1 queen bed
,
 · 1 queen bed","Feb 20 – 22
Feb 20 – 22","KSh 7,949",N/A,2 nights,N/A,N/A,N/A,9,2025-09-28 13:14:55,"Kisumu County
_
_
Guest favorite
Guest favorite
Apartment in Kisumu
KSh 3",https://www.airbnb.com/s/Kisumu-County/homes?place_id=ChIJ3_PD7Z-lKhgR71EwTssPkhY&refinement_paths%5B%5D=%2Fhomes&flexible_trip_lengths%5B%5D=weekend_trip&date_picker_type=FLEXIBLE_DATES&search_type=HOMEPAGE_CAROUSEL_CLICK,0
card-container,Apartment in Kisumu,KOFI’s Cave -1 bedroom apt. with Wi-Fi and Balcony,https://www.airbnb.com/rooms/1505173997345164849?search_mode=regular_search&adults=1&check_in=2026-08-28&check_out=2026-08-30&children=0&infants=0&pets=0&source_impression_id=p3_1759054493_P34DK8CkzKoAjrkx&previous_page_section_name=1000&federated_search_id=77f88c29-c3bc-43af-b1aa-aab4e77d1c90,1505173997345164849,"KOFI’s Cave -1 bedroom apt. with Wi-Fi and Balcony | 1 bedroom
1 bedroom
1 king bed
,
 · 1 king bed",N/A,"KSh 4,711",N/A,2 nights,N/A,N/A,N/A,9,2025-09-28 13:14:55,"Kisumu County
_
_
Guest favorite
Guest favorite
Apartment in Kisumu
KSh 3",https://www.airbnb.com/s/Kisumu-County/homes?place_id=ChIJ3_PD7Z-lKhgR71EwTssPkhY&refinement_paths%5B%5D=%2Fhomes&flexible_trip_lengths%5B%5D=weekend_trip&date_picker_type=FLEXIBLE_DATES&search_type=HOMEPAGE_CAROUSEL_CLICK,0
card-container,Apartment in Kisumu,South Front Furnished Apartment,https://www.airbnb.com/rooms/612618208991245785?search_mode=regular_search&adults=1&check_in=2026-05-08&check_out=2026-05-10&children=0&infants=0&pets=0&source_impression_id=p3_1759054493_P3lhzB7TyPOQ3-74&previous_page_section_name=1000&federated_search_id=77f88c29-c3bc-43af-b1aa-aab4e77d1c90,612618208991245785,"1 bedroom
1 bedroom
1 queen bed
,
 · 1 queen bed",N/A,"KSh 6,624",N/A,2 nights,N/A,N/A,N/A,9,2025-09-28 13:14:55,"Kisumu County
_
_
Guest favorite
Guest favorite
Apartment in Kisumu
KSh 3",https://www.airbnb.com/s/Kisumu-County/homes?place_id=ChIJ3_PD7Z-lKhgR71EwTssPkhY&refinement_paths%5B%5D=%2Fhomes&flexible_trip_lengths%5B%5D=weekend_trip&date_picker_type=FLEXIBLE_DATES&search_type=HOMEPAGE_CAROUSEL_CLICK,0
card-container,Apartment in Kisumu,"Del Sol Villa (5): 3 beds. Luxury Villa, boats",https://www.airbnb.com/rooms/40503929?search_mode=regular_search&adults=1&check_in=2026-09-25&check_out=2026-09-27&children=0&infants=0&pets=0&source_impression_id=p3_1759054493_P3w2q9YMi9gt9XP9&previous_page_section_name=1000&federated_search_id=77f88c29-c3bc-43af-b1aa-aab4e77d1c90,40503929,"Del Sol Villa (5): 3 beds. Luxury Villa, boats | 2 bedrooms
2 bedrooms
3 beds
,
 · 3 beds",N/A,"KSh 26,204",N/A,2 nights,N/A,N/A,N/A,9,2025-09-28 13:14:55,"Kisumu County
_
_
Guest favorite
Guest favorite
Apartment in Kisumu
KSh 3",https://www.airbnb.com/s/Kisumu-County/homes?place_id=ChIJ3_PD7Z-lKhgR71EwTssPkhY&refinement_paths%5B%5D=%2Fhomes&flexible_trip_lengths%5B%5D=weekend_trip&date_picker_type=FLEXIBLE_DATES&search_type=HOMEPAGE_CAROUSEL_CLICK,0
card-container,Apartment in Kisumu,Saki Nest Homes/1 bed KSM CBD/0718305145,https://www.airbnb.com/rooms/1482598152883563738?search_mode=regular_search&adults=1&check_in=2026-01-09&check_out=2026-01-11&children=0&infants=0&pets=0&source_impression_id=p3_1759054493_P3ZAl7Xxy4wod54a&previous_page_section_name=1000&federated_search_id=77f88c29-c3bc-43af-b1aa-aab4e77d1c90,1482598152883563738,"Saki Nest Homes/1 bed KSM CBD/0718305145 | 1 bedroom
1 bedroom
1 queen bed
,
 · 1 queen bed","Jan 9 – 11
Jan 9 – 11","KSh 9,422",N/A,2 nights,N/A,N/A,N/A,9,2025-09-28 13:14:55,"Kisumu County
_
_
Guest favorite
Guest favorite
Apartment in Kisumu
KSh 3",https://www.airbnb.com/s/Kisumu-County/homes?place_id=ChIJ3_PD7Z-lKhgR71EwTssPkhY&refinement_paths%5B%5D=%2Fhomes&flexible_trip_lengths%5B%5D=weekend_trip&date_picker_type=FLEXIBLE_DATES&search_type=HOMEPAGE_CAROUSEL_CLICK,0
card-container,Room in Kisumu,beautifully furnished one bedroom available,https://www.airbnb.com/rooms/751677003424815304?search_mode=regular_search&adults=1&category_tag=Tag%3A8678&check_in=2026-04-17&check_out=2026-04-19&children=0&infants=0&pets=0&photo_id=1655523143&source_impression_id=p3_1759054493_P3godbbs4hT11U2I&previous_page_section_name=1000&federated_search_id=77f88c29-c3bc-43af-b1aa-aab4e77d1c90,751677003424815304,"beautifully furnished one bedroom available | 2 queen beds
2 queen beds",N/A,"KSh 5,593",N/A,2 nights,N/A,N/A,N/A,9,2025-09-28 13:14:56,"Kisumu County
_
_
Guest favorite
Guest favorite
Apartment in Kisumu
KSh 3",https://www.airbnb.com/s/Kisumu-County/homes?place_id=ChIJ3_PD7Z-lKhgR71EwTssPkhY&refinement_paths%5B%5D=%2Fhomes&flexible_trip_lengths%5B%5D=weekend_trip&date_picker_type=FLEXIBLE_DATES&search_type=HOMEPAGE_CAROUSEL_CLICK,0
card-container,Apartment in Kisumu,Zenscape Oasis,https://www.airbnb.com/rooms/1276719913903952686?search_mode=regular_search&adults=1&check_in=2025-10-10&check_out=2025-10-12&children=0&infants=0&pets=0&source_impression_id=p3_1759054493_P3n8ma6eWbOunooR&previous_page_section_name=1000&federated_search_id=77f88c29-c3bc-43af-b1aa-aab4e77d1c90,1276719913903952686,"1 bedroom
1 bedroom
1 bed
,
 · 1 bed","Oct 10 – 12
Oct 10 – 12","KSh 5,889",N/A,2 nights,N/A,N/A,N/A,9,2025-09-28 13:14:56,"Kisumu County
_
_
Guest favorite
Guest favorite
Apartment in Kisumu
KSh 3",https://www.airbnb.com/s/Kisumu-County/homes?place_id=ChIJ3_PD7Z-lKhgR71EwTssPkhY&refinement_paths%5B%5D=%2Fhomes&flexible_trip_lengths%5B%5D=weekend_trip&date_picker_type=FLEXIBLE_DATES&search_type=HOMEPAGE_CAROUSEL_CLICK,0
card-container,Bungalow in Central,"Serene 1br w/ queen bed near Impala park, Milimani",https://www.airbnb.com/rooms/52430275?search_mode=regular_search&adults=1&check_in=2026-07-24&check_out=2026-07-26&children=0&infants=0&pets=0&source_impression_id=p3_1759054493_P3w5hLH8eIC2YVdC&previous_page_section_name=1000&federated_search_id=77f88c29-c3bc-43af-b1aa-aab4e77d1c90,52430275,"Serene 1br w/ queen bed near Impala park, Milimani | 1 bedroom
1 bedroom
1 queen bed
,
 · 1 queen bed",N/A,"KSh 7,740",N/A,2 nights,N/A,N/A,N/A,9,2025-09-28 13:14:56,"Kisumu County
_
_
Guest favorite
Guest favorite
Apartment in Kisumu
KSh 3",https://www.airbnb.com/s/Kisumu-County/homes?place_id=ChIJ3_PD7Z-lKhgR71EwTssPkhY&refinement_paths%5B%5D=%2Fhomes&flexible_trip_lengths%5B%5D=weekend_trip&date_picker_type=FLEXIBLE_DATES&search_type=HOMEPAGE_CAROUSEL_CLICK,0
card-container,Apartment in Kericho,Modern 2 bedroom comfort in the heart of Kericho.,https://www.airbnb.com/rooms/1503450909762943582?search_mode=regular_search&adults=1&check_in=2026-07-24&check_out=2026-07-26&children=0&infants=0&pets=0&source_impression_id=p3_1759054493_P31ApunmyL90HrWk&previous_page_section_name=1000&federated_search_id=77f88c29-c3bc-43af-b1aa-aab4e77d1c90,1503450909762943582,"Modern 2 bedroom comfort in the heart of Kericho. | 2 bedrooms
2 bedrooms
2 beds
,
 · 2 beds",N/A,"KSh 11,486","KSh 11,486",2 nights,N/A,N/A,N/A,9,2025-09-28 13:14:56,"Kisumu County
_
_
Guest favorite
Guest favorite
Apartment in Kisumu
KSh 3",https://www.airbnb.com/s/Kisumu-County/homes?place_id=ChIJ3_PD7Z-lKhgR71EwTssPkhY&refinement_paths%5B%5D=%2Fhomes&flexible_trip_lengths%5B%5D=weekend_trip&date_picker_type=FLEXIBLE_DATES&search_type=HOMEPAGE_CAROUSEL_CLICK,0
card-container,Apartment in Kisumu,Bev's tuffoam 1bed/lift/gen CBD,https://www.airbnb.com/rooms/1509528964256959426?search_mode=regular_search&adults=1&check_in=2025-11-07&check_out=2025-11-09&children=0&infants=0&pets=0&source_impression_id=p3_1759054493_P3PrwUFnxIIMiI5H&previous_page_section_name=1000&federated_search_id=77f88c29-c3bc-43af-b1aa-aab4e77d1c90,1509528964256959426,"Bev's tuffoam 1bed/lift/gen CBD | 1 bedroom
1 bedroom
1 bed
,
 · 1 bed","Nov 7 – 9
Nov 7 – 9","KSh 11,486","KSh 11,486",2 nights,N/A,N/A,N/A,9,2025-09-28 13:14:56,"Kisumu County
_
_
Guest favorite
Guest favorite
Apartment in Kisumu
KSh 3",https://www.airbnb.com/s/Kisumu-County/homes?place_id=ChIJ3_PD7Z-lKhgR71EwTssPkhY&refinement_paths%5B%5D=%2Fhomes&flexible_trip_lengths%5B%5D=weekend_trip&date_picker_type=FLEXIBLE_DATES&search_type=HOMEPAGE_CAROUSEL_CLICK,0
card-container,Apartment in Kisumu,Golden Luxe Apartments- 1 bedroom,https://www.airbnb.com/rooms/53038403?search_mode=regular_search&adults=1&check_in=2025-11-07&check_out=2025-11-09&children=0&infants=0&pets=0&source_impression_id=p3_1759054493_P3bHd3HtPDZWnaX_&previous_page_section_name=1000&federated_search_id=77f88c29-c3bc-43af-b1aa-aab4e77d1c90,53038403,"Golden Luxe Apartments- 1 bedroom | 1 bedroom
1 bedroom
1 queen bed
,
 · 1 queen bed","Nov 7 – 9
Nov 7 – 9","KSh 5,035",N/A,2 nights,N/A,N/A,N/A,9,2025-09-28 13:14:56,"Kisumu County
_
_
Guest favorite
Guest favorite
Apartment in Kisumu
KSh 3",https://www.airbnb.com/s/Kisumu-County/homes?place_id=ChIJ3_PD7Z-lKhgR71EwTssPkhY&refinement_paths%5B%5D=%2Fhomes&flexible_trip_lengths%5B%5D=weekend_trip&date_picker_type=FLEXIBLE_DATES&search_type=HOMEPAGE_CAROUSEL_CLICK,0
card-container,Condo in Kisumu,Kilimanjaro 3 BR Condo|Elevator|Balcony|O723896567,https://www.airbnb.com/rooms/1032807463751917882?search_mode=regular_search&adults=1&check_in=2025-10-03&check_out=2025-10-05&children=0&infants=0&pets=0&source_impression_id=p3_1759054493_P3Q3w439fElZROA_&previous_page_section_name=1000&federated_search_id=77f88c29-c3bc-43af-b1aa-aab4e77d1c90,1032807463751917882,"3 bedrooms
3 bedrooms
3 queen beds
,
 · 3 queen beds","Oct 3 – 5
Oct 3 – 5","KSh 17,077",N/A,2 nights,N/A,N/A,N/A,9,2025-09-28 13:14:56,"Kisumu County
_
_
Guest favorite
Guest favorite
Apartment in Kisumu
KSh 3",https://www.airbnb.com/s/Kisumu-County/homes?place_id=ChIJ3_PD7Z-lKhgR71EwTssPkhY&refinement_paths%5B%5D=%2Fhomes&flexible_trip_lengths%5B%5D=weekend_trip&date_picker_type=FLEXIBLE_DATES&search_type=HOMEPAGE_CAROUSEL_CLICK,0
card-container,Apartment in Kisumu,"Your Home Away from Home, Kisumu",https://www.airbnb.com/rooms/1397297154687995765?search_mode=regular_search&adults=1&check_in=2026-07-17&check_out=2026-07-19&children=0&infants=0&pets=0&source_impression_id=p3_1759054493_P3EZy4Rf464LfEtv&previous_page_section_name=1000&federated_search_id=77f88c29-c3bc-43af-b1aa-aab4e77d1c90,1397297154687995765,"1 bedroom
1 bedroom
1 bed
,
 · 1 bed",N/A,"KSh 19,137",N/A,2 nights,N/A,N/A,N/A,9,2025-09-28 13:14:56,"Kisumu County
_
_
Guest favorite
Guest favorite
Apartment in Kisumu
KSh 3",https://www.airbnb.com/s/Kisumu-County/homes?place_id=ChIJ3_PD7Z-lKhgR71EwTssPkhY&refinement_paths%5B%5D=%2Fhomes&flexible_trip_lengths%5B%5D=weekend_trip&date_picker_type=FLEXIBLE_DATES&search_type=HOMEPAGE_CAROUSEL_CLICK,0
card-container,Condo in Kisumu,Kilimanjaro 3 BR Condo|Elevator|Balcony|O723896567,https://www.airbnb.com/rooms/1032807463751917882?search_mode=regular_search&adults=1&check_in=2025-10-03&check_out=2025-10-05&children=0&infants=0&pets=0&source_impression_id=p3_1759054497_P3PP3CK_MOtPQ6nr&previous_page_section_name=1000&federated_search_id=abdd917a-39f4-4082-b2cb-17572eb03554,1032807463751917882,"3 bedrooms
3 bedrooms
3 queen beds
,
 · 3 queen beds","Oct 3 – 5
Oct 3 – 5","KSh 17,077",N/A,2 nights,N/A,N/A,N/A,10,2025-09-28 13:14:59,"Kisumu County
_
_
Guest favorite
Guest favorite
Apartment in Kisumu
KSh 3",https://www.airbnb.com/s/Kisumu-County/homes?place_id=ChIJ3_PD7Z-lKhgR71EwTssPkhY&refinement_paths%5B%5D=%2Fhomes&flexible_trip_lengths%5B%5D=weekend_trip&date_picker_type=FLEXIBLE_DATES&search_type=HOMEPAGE_CAROUSEL_CLICK,0
card-container,Apartment in Kisumu,Tayos Luxury Loft,https://www.airbnb.com/rooms/1462975959746278470?search_mode=regular_search&adults=1&check_in=2025-12-05&check_out=2025-12-07&children=0&infants=0&pets=0&source_impression_id=p3_1759054497_P3mWlvtX2HOYYJ5Q&previous_page_section_name=1000&federated_search_id=abdd917a-39f4-4082-b2cb-17572eb03554,1462975959746278470,"2 bedrooms
2 bedrooms
2 beds
,
 · 2 beds","Dec 5 – 7
Dec 5 – 7","KSh 11,198","KSh 11,198",2 nights,N/A,N/A,N/A,10,2025-09-28 13:14:59,"Kisumu County
_
_
Guest favorite
Guest favorite
Apartment in Kisumu
KSh 3",https://www.airbnb.com/s/Kisumu-County/homes?place_id=ChIJ3_PD7Z-lKhgR71EwTssPkhY&refinement_paths%5B%5D=%2Fhomes&flexible_trip_lengths%5B%5D=weekend_trip&date_picker_type=FLEXIBLE_DATES&search_type=HOMEPAGE_CAROUSEL_CLICK,0
card-container,Apartment in Kisumu,Nubian Palm staycation studio 15mins to airport.,https://www.airbnb.com/rooms/689617361684544897?search_mode=regular_search&adults=1&check_in=2025-11-28&check_out=2025-11-30&children=0&infants=0&pets=0&source_impression_id=p3_1759054497_P3qKMPo8sm58b7ve&previous_page_section_name=1000&federated_search_id=abdd917a-39f4-4082-b2cb-17572eb03554,689617361684544897,"1 bedroom
1 bedroom
1 queen bed
,
 · 1 queen bed","Nov 28 – 30
Nov 28 – 30","KSh 5,299",N/A,2 nights,N/A,N/A,N/A,10,2025-09-28 13:14:59,"Kisumu County
_
_
Guest favorite
Guest favorite
Apartment in Kisumu
KSh 3",https://www.airbnb.com/s/Kisumu-County/homes?place_id=ChIJ3_PD7Z-lKhgR71EwTssPkhY&refinement_paths%5B%5D=%2Fhomes&flexible_trip_lengths%5B%5D=weekend_trip&date_picker_type=FLEXIBLE_DATES&search_type=HOMEPAGE_CAROUSEL_CLICK,0
card-container,Apartment in Kisumu,Angie's staycation 1 br apt Milimani,https://www.airbnb.com/rooms/1144961353034679864?search_mode=regular_search&adults=1&check_in=2025-10-17&check_out=2025-10-19&children=0&infants=0&pets=0&source_impression_id=p3_1759054497_P384pwDi0f_9C9K1&previous_page_section_name=1000&federated_search_id=abdd917a-39f4-4082-b2cb-17572eb03554,1144961353034679864,"1 bedroom
1 bedroom
1 bed
,
 · 1 bed","Oct 17 – 19
Oct 17 – 19","KSh 8,214",N/A,2 nights,N/A,N/A,N/A,10,2025-09-28 13:14:59,"Kisumu County
_
_
Guest favorite
Guest favorite
Apartment in Kisumu
KSh 3",https://www.airbnb.com/s/Kisumu-County/homes?place_id=ChIJ3_PD7Z-lKhgR71EwTssPkhY&refinement_paths%5B%5D=%2Fhomes&flexible_trip_lengths%5B%5D=weekend_trip&date_picker_type=FLEXIBLE_DATES&search_type=HOMEPAGE_CAROUSEL_CLICK,0
card-container,Place to stay in Kisumu,Cozy 1BR in Kisumu CBD | WiFi + Secure Parking,https://www.airbnb.com/rooms/1508770377992968763?search_mode=regular_search&adults=1&check_in=2026-08-21&check_out=2026-08-23&children=0&infants=0&pets=0&source_impression_id=p3_1759054497_P3prEOq40my4WRvc&previous_page_section_name=1000&federated_search_id=abdd917a-39f4-4082-b2cb-17572eb03554,1508770377992968763,"1 bedroom
1 bedroom
1 bed
,
 · 1 bed",N/A,"KSh 8,327","KSh 8,327",2 nights,N/A,N/A,N/A,10,2025-09-28 13:15:00,"Kisumu County
_
_
Guest favorite
Guest favorite
Apartment in Kisumu
KSh 3",https://www.airbnb.com/s/Kisumu-County/homes?place_id=ChIJ3_PD7Z-lKhgR71EwTssPkhY&refinement_paths%5B%5D=%2Fhomes&flexible_trip_lengths%5B%5D=weekend_trip&date_picker_type=FLEXIBLE_DATES&search_type=HOMEPAGE_CAROUSEL_CLICK,0
card-container,Home in Kisumu,"Ruby duplex, Netflix,O759538419",https://www.airbnb.com/rooms/1394874841020258243?search_mode=regular_search&adults=1&check_in=2025-11-07&check_out=2025-11-09&children=0&infants=0&pets=0&source_impression_id=p3_1759054497_P3GFMdMlOPo_Umw_&previous_page_section_name=1000&federated_search_id=abdd917a-39f4-4082-b2cb-17572eb03554,1394874841020258243,"3 bedrooms
3 bedrooms
3 beds
,
 · 3 beds","Nov 7 – 9
Nov 7 – 9","KSh 14,721",N/A,2 nights,N/A,N/A,N/A,10,2025-09-28 13:15:00,"Kisumu County
_
_
Guest favorite
Guest favorite
Apartment in Kisumu
KSh 3",https://www.airbnb.com/s/Kisumu-County/homes?place_id=ChIJ3_PD7Z-lKhgR71EwTssPkhY&refinement_paths%5B%5D=%2Fhomes&flexible_trip_lengths%5B%5D=weekend_trip&date_picker_type=FLEXIBLE_DATES&search_type=HOMEPAGE_CAROUSEL_CLICK,0
card-container,Condo in Kisumu,Amor Lakebreeze 1,https://www.airbnb.com/rooms/654732067500066430?search_mode=regular_search&adults=1&check_in=2026-07-31&check_out=2026-08-02&children=0&infants=0&pets=0&source_impression_id=p3_1759054497_P3M6MF-3tXXBCjDX&previous_page_section_name=1000&federated_search_id=abdd917a-39f4-4082-b2cb-17572eb03554,654732067500066430,"2 bedrooms
2 bedrooms
2 beds
,
 · 2 beds",N/A,"KSh 13,250",N/A,2 nights,N/A,N/A,N/A,10,2025-09-28 13:15:00,"Kisumu County
_
_
Guest favorite
Guest favorite
Apartment in Kisumu
KSh 3",https://www.airbnb.com/s/Kisumu-County/homes?place_id=ChIJ3_PD7Z-lKhgR71EwTssPkhY&refinement_paths%5B%5D=%2Fhomes&flexible_trip_lengths%5B%5D=weekend_trip&date_picker_type=FLEXIBLE_DATES&search_type=HOMEPAGE_CAROUSEL_CLICK,0
card-container,Home in Kisumu,Aryana Furnished Apartment,https://www.airbnb.com/rooms/47148934?search_mode=regular_search&adults=1&check_in=2025-10-10&check_out=2025-10-12&children=0&infants=0&pets=0&source_impression_id=p3_1759054497_P38IePSyNmEtZY6C&previous_page_section_name=1000&federated_search_id=abdd917a-39f4-4082-b2cb-17572eb03554,47148934,"4 bedrooms
4 bedrooms
4 queen beds
,
 · 4 queen beds","Oct 10 – 12
Oct 10 – 12","KSh 14,721",N/A,2 nights,N/A,N/A,N/A,10,2025-09-28 13:15:00,"Kisumu County
_
_
Guest favorite
Guest favorite
Apartment in Kisumu
KSh 3",https://www.airbnb.com/s/Kisumu-County/homes?place_id=ChIJ3_PD7Z-lKhgR71EwTssPkhY&refinement_paths%5B%5D=%2Fhomes&flexible_trip_lengths%5B%5D=weekend_trip&date_picker_type=FLEXIBLE_DATES&search_type=HOMEPAGE_CAROUSEL_CLICK,0
card-container,Home in Kisumu,Luxurious mansionate0725797109,https://www.airbnb.com/rooms/1274728009515664549?search_mode=regular_search&adults=1&check_in=2025-11-21&check_out=2025-11-23&children=0&infants=0&pets=0&source_impression_id=p3_1759054497_P3JwPkMVh3iClR-e&previous_page_section_name=1000&federated_search_id=abdd917a-39f4-4082-b2cb-17572eb03554,1274728009515664549,"5 bedrooms
5 bedrooms
5 beds
,
 · 5 beds","Nov 21 – 23
Nov 21 – 23","KSh 31,503",N/A,2 nights,N/A,N/A,N/A,10,2025-09-28 13:15:00,"Kisumu County
_
_
Guest favorite
Guest favorite
Apartment in Kisumu
KSh 3",https://www.airbnb.com/s/Kisumu-County/homes?place_id=ChIJ3_PD7Z-lKhgR71EwTssPkhY&refinement_paths%5B%5D=%2Fhomes&flexible_trip_lengths%5B%5D=weekend_trip&date_picker_type=FLEXIBLE_DATES&search_type=HOMEPAGE_CAROUSEL_CLICK,0
card-container,Apartment in Kisumu,Carelly panthehouse #07 13732079,https://www.airbnb.com/rooms/47370785?search_mode=regular_search&adults=1&check_in=2026-03-06&check_out=2026-03-08&children=0&infants=0&pets=0&source_impression_id=p3_1759054497_P3WoRJ8zdmQe3fmY&previous_page_section_name=1000&federated_search_id=abdd917a-39f4-4082-b2cb-17572eb03554,47370785,"1 bedroom
1 bedroom
1 bed
,
 · 1 bed","Mar 6 – 8
Mar 6 – 8","KSh 4,417",N/A,2 nights,N/A,N/A,N/A,10,2025-09-28 13:15:00,"Kisumu County
_
_
Guest favorite
Guest favorite
Apartment in Kisumu
KSh 3",https://www.airbnb.com/s/Kisumu-County/homes?place_id=ChIJ3_PD7Z-lKhgR71EwTssPkhY&refinement_paths%5B%5D=%2Fhomes&flexible_trip_lengths%5B%5D=weekend_trip&date_picker_type=FLEXIBLE_DATES&search_type=HOMEPAGE_CAROUSEL_CLICK,0
card-container,Apartment in Kisumu,"Pendo place Wi-Fi, Netflix Io759538419",https://www.airbnb.com/rooms/1333432479623207970?search_mode=regular_search&adults=1&check_in=2026-02-13&check_out=2026-02-15&children=0&infants=0&pets=0&source_impression_id=p3_1759054497_P33y9sEw5ai67Vce&previous_page_section_name=1000&federated_search_id=abdd917a-39f4-4082-b2cb-17572eb03554,1333432479623207970,"1 bedroom
1 bedroom
1 bed
,
 · 1 bed","Feb 13 – 15
Feb 13 – 15","KSh 5,593",N/A,2 nights,N/A,N/A,N/A,10,2025-09-28 13:15:00,"Kisumu County
_
_
Guest favorite
Guest favorite
Apartment in Kisumu
KSh 3",https://www.airbnb.com/s/Kisumu-County/homes?place_id=ChIJ3_PD7Z-lKhgR71EwTssPkhY&refinement_paths%5B%5D=%2Fhomes&flexible_trip_lengths%5B%5D=weekend_trip&date_picker_type=FLEXIBLE_DATES&search_type=HOMEPAGE_CAROUSEL_CLICK,0
card-container,Apartment in Kisumu,Nyakobura Apartments (Emerald),https://www.airbnb.com/rooms/1447089507044575525?search_mode=regular_search&adults=1&check_in=2025-10-10&check_out=2025-10-12&children=0&infants=0&pets=0&source_impression_id=p3_1759054497_P3wQx7Yt4c_51pml&previous_page_section_name=1000&federated_search_id=abdd917a-39f4-4082-b2cb-17572eb03554,1447089507044575525,"1 bedroom
1 bedroom
1 double bed
,
 · 1 double bed","Oct 10 – 12
Oct 10 – 12","KSh 8,538",N/A,2 nights,N/A,N/A,N/A,10,2025-09-28 13:15:00,"Kisumu County
_
_
Guest favorite
Guest favorite
Apartment in Kisumu
KSh 3",https://www.airbnb.com/s/Kisumu-County/homes?place_id=ChIJ3_PD7Z-lKhgR71EwTssPkhY&refinement_paths%5B%5D=%2Fhomes&flexible_trip_lengths%5B%5D=weekend_trip&date_picker_type=FLEXIBLE_DATES&search_type=HOMEPAGE_CAROUSEL_CLICK,0
card-container,Apartment in Kisumu,Stylish 1br Milimani- AC-Parking,https://www.airbnb.com/rooms/1236367721014462011?search_mode=regular_search&adults=1&check_in=2026-02-27&check_out=2026-03-01&children=0&infants=0&pets=0&source_impression_id=p3_1759054497_P3h8Oj9sa-JwgTgi&previous_page_section_name=1000&federated_search_id=abdd917a-39f4-4082-b2cb-17572eb03554,1236367721014462011,"1 bedroom
1 bedroom
1 bed
,
 · 1 bed","Feb 27 – Mar 1
Feb 27 – Mar 1","KSh 7,361",N/A,2 nights,N/A,N/A,N/A,10,2025-09-28 13:15:00,"Kisumu County
_
_
Guest favorite
Guest favorite
Apartment in Kisumu
KSh 3",https://www.airbnb.com/s/Kisumu-County/homes?place_id=ChIJ3_PD7Z-lKhgR71EwTssPkhY&refinement_paths%5B%5D=%2Fhomes&flexible_trip_lengths%5B%5D=weekend_trip&date_picker_type=FLEXIBLE_DATES&search_type=HOMEPAGE_CAROUSEL_CLICK,0
card-container,Bungalow in Muhoroni,Kameso Farm guest house,https://www.airbnb.com/rooms/1008416795821316901?search_mode=regular_search&adults=1&check_in=2025-12-12&check_out=2025-12-14&children=0&infants=0&pets=0&source_impression_id=p3_1759054497_P36XljGTsMISBwDI&previous_page_section_name=1000&federated_search_id=abdd917a-39f4-4082-b2cb-17572eb03554,1008416795821316901,"2 bedrooms
2 bedrooms
2 beds
,
 · 2 beds","Dec 12 – 14
Dec 12 – 14","KSh 14,721",N/A,2 nights,N/A,N/A,N/A,10,2025-09-28 13:15:00,"Kisumu County
_
_
Guest favorite
Guest favorite
Apartment in Kisumu
KSh 3",https://www.airbnb.com/s/Kisumu-County/homes?place_id=ChIJ3_PD7Z-lKhgR71EwTssPkhY&refinement_paths%5B%5D=%2Fhomes&flexible_trip_lengths%5B%5D=weekend_trip&date_picker_type=FLEXIBLE_DATES&search_type=HOMEPAGE_CAROUSEL_CLICK,0
card-container,Room in Kisumu,King's Palace0727509290,https://www.airbnb.com/rooms/54216776?search_mode=regular_search&adults=1&category_tag=Tag%3A8678&check_in=2026-05-01&check_out=2026-05-03&children=0&infants=0&pets=0&photo_id=1320888201&source_impression_id=p3_1759054497_P337shtu9oKLJGvS&previous_page_section_name=1000&federated_search_id=abdd917a-39f4-4082-b2cb-17572eb03554,54216776,"1 bed
1 bed",N/A,"KSh 4,417",N/A,2 nights,N/A,N/A,N/A,10,2025-09-28 13:15:00,"Kisumu County
_
_
Guest favorite
Guest favorite
Apartment in Kisumu
KSh 3",https://www.airbnb.com/s/Kisumu-County/homes?place_id=ChIJ3_PD7Z-lKhgR71EwTssPkhY&refinement_paths%5B%5D=%2Fhomes&flexible_trip_lengths%5B%5D=weekend_trip&date_picker_type=FLEXIBLE_DATES&search_type=HOMEPAGE_CAROUSEL_CLICK,0
card-container,Apartment in Kisumu,Onebedroom apt. close to lakebasinmall0711273331,https://www.airbnb.com/rooms/1309596504459974340?search_mode=regular_search&adults=1&check_in=2025-12-12&check_out=2025-12-14&children=0&infants=0&pets=0&source_impression_id=p3_1759054497_P304ozXqG_S_uBND&previous_page_section_name=1000&federated_search_id=abdd917a-39f4-4082-b2cb-17572eb03554,1309596504459974340,"Onebedroom apt. close to lakebasinmall0711273331 | 1 bedroom
1 bedroom
1 bed
,
 · 1 bed","Dec 12 – 14
Dec 12 – 14","KSh 7,361",N/A,2 nights,N/A,N/A,N/A,10,2025-09-28 13:15:00,"Kisumu County
_
_
Guest favorite
Guest favorite
Apartment in Kisumu
KSh 3",https://www.airbnb.com/s/Kisumu-County/homes?place_id=ChIJ3_PD7Z-lKhgR71EwTssPkhY&refinement_paths%5B%5D=%2Fhomes&flexible_trip_lengths%5B%5D=weekend_trip&date_picker_type=FLEXIBLE_DATES&search_type=HOMEPAGE_CAROUSEL_CLICK,0
card-container,Apartment in Kisumu,"Modern Chic Stay- Clean, Stylish & Central",https://www.airbnb.com/rooms/1517038473306774475?search_mode=regular_search&adults=1&check_in=2026-04-03&check_out=2026-04-05&children=0&infants=0&pets=0&source_impression_id=p3_1759054497_P37VaFFavlhE01DQ&previous_page_section_name=1000&federated_search_id=abdd917a-39f4-4082-b2cb-17572eb03554,1517038473306774475,"1 bedroom
1 bedroom
1 bed
,
 · 1 bed",N/A,"KSh 6,477",N/A,2 nights,N/A,N/A,N/A,10,2025-09-28 13:15:01,"Kisumu County
_
_
Guest favorite
Guest favorite
Apartment in Kisumu
KSh 3",https://www.airbnb.com/s/Kisumu-County/homes?place_id=ChIJ3_PD7Z-lKhgR71EwTssPkhY&refinement_paths%5B%5D=%2Fhomes&flexible_trip_lengths%5B%5D=weekend_trip&date_picker_type=FLEXIBLE_DATES&search_type=HOMEPAGE_CAROUSEL_CLICK,0
card-container,Apartment in Kericho,The Prime Nest Greypoint,https://www.airbnb.com/rooms/933833303500397260?search_mode=regular_search&adults=1&check_in=2025-11-21&check_out=2025-11-23&children=0&infants=0&pets=0&source_impression_id=p3_1759054497_P3oTctbZ4nn4xXS4&previous_page_section_name=1000&federated_search_id=abdd917a-39f4-4082-b2cb-17572eb03554,933833303500397260,"1 bedroom
1 bedroom
1 queen bed
,
 · 1 queen bed","Nov 21 – 23
Nov 21 – 23","KSh 5,889",N/A,2 nights,N/A,N/A,N/A,10,2025-09-28 13:15:01,"Kisumu County
_
_
Guest favorite
Guest favorite
Apartment in Kisumu
KSh 3",https://www.airbnb.com/s/Kisumu-County/homes?place_id=ChIJ3_PD7Z-lKhgR71EwTssPkhY&refinement_paths%5B%5D=%2Fhomes&flexible_trip_lengths%5B%5D=weekend_trip&date_picker_type=FLEXIBLE_DATES&search_type=HOMEPAGE_CAROUSEL_CLICK,0
card-container,Apartment in Mombasa,"Shanzu /Gokart, Seaview Studio, Pool walk to beach",https://www.airbnb.com/rooms/1036777293444526725?search_mode=regular_search&adults=1&check_in=2026-04-10&check_out=2026-04-12&children=0&infants=0&pets=0&source_impression_id=p3_1759054507_P3DXdZLxH6I7-zdT&previous_page_section_name=1000&federated_search_id=f7a133d2-1e8a-4932-b1c9-573bf5fa6a1b,1036777293444526725,"1 bed
1 bed",N/A,"KSh 9,422",N/A,2 nights,N/A,N/A,N/A,1,2025-09-28 13:15:25,"Mombasa
_
_
Guest favorite
Guest favorite
Apartment in Mombasa
KSh 4",https://www.airbnb.com/s/Mombasa/homes?place_id=ChIJM45ffcMMQBgRLEF4BSSBr7A&refinement_paths%5B%5D=%2Fhomes&flexible_trip_lengths%5B%5D=weekend_trip&date_picker_type=FLEXIBLE_DATES&search_type=HOMEPAGE_CAROUSEL_CLICK,3
card-container,Home in Nyali,Imani’s home,https://www.airbnb.com/rooms/753358680644481530?search_mode=regular_search&adults=1&check_in=2026-02-13&check_out=2026-02-15&children=0&infants=0&pets=0&source_impression_id=p3_1759054507_P3D2ldX4rF8zgcHk&previous_page_section_name=1000&federated_search_id=f7a133d2-1e8a-4932-b1c9-573bf5fa6a1b,753358680644481530,"1 bedroom
1 bedroom
1 bed
,
 · 1 bed","Feb 13 – 15
Feb 13 – 15","KSh 5,889",N/A,2 nights,N/A,N/A,N/A,1,2025-09-28 13:15:25,"Mombasa
_
_
Guest favorite
Guest favorite
Apartment in Mombasa
KSh 4",https://www.airbnb.com/s/Mombasa/homes?place_id=ChIJM45ffcMMQBgRLEF4BSSBr7A&refinement_paths%5B%5D=%2Fhomes&flexible_trip_lengths%5B%5D=weekend_trip&date_picker_type=FLEXIBLE_DATES&search_type=HOMEPAGE_CAROUSEL_CLICK,3
card-container,Apartment in Nyali,Nyali lavish 3bedroom beach apt,https://www.airbnb.com/rooms/898337626361926644?search_mode=regular_search&adults=1&check_in=2026-01-09&check_out=2026-01-11&children=0&infants=0&pets=0&source_impression_id=p3_1759054507_P3Ku7q2ZgmNFk2q8&previous_page_section_name=1000&federated_search_id=f7a133d2-1e8a-4932-b1c9-573bf5fa6a1b,898337626361926644,"Nyali lavish 3bedroom beach apt | 3 bedrooms
3 bedrooms
5 beds
,
 · 5 beds","Jan 9 – 11
Jan 9 – 11","KSh 12,958","KSh 12,958",2 nights,N/A,N/A,N/A,1,2025-09-28 13:15:25,"Mombasa
_
_
Guest favorite
Guest favorite
Apartment in Mombasa
KSh 4",https://www.airbnb.com/s/Mombasa/homes?place_id=ChIJM45ffcMMQBgRLEF4BSSBr7A&refinement_paths%5B%5D=%2Fhomes&flexible_trip_lengths%5B%5D=weekend_trip&date_picker_type=FLEXIBLE_DATES&search_type=HOMEPAGE_CAROUSEL_CLICK,3
card-container,Room in Nyali,Ivy's Peaceful Haven,https://www.airbnb.com/rooms/1322172816827137854?search_mode=regular_search&adults=1&category_tag=Tag%3A8678&check_in=2025-10-24&check_out=2025-10-26&children=0&infants=0&pets=0&photo_id=2239607519&source_impression_id=p3_1759054507_P3msIDmAr2vXRZuy&previous_page_section_name=1000&federated_search_id=f7a133d2-1e8a-4932-b1c9-573bf5fa6a1b,1322172816827137854,"1 queen bed
1 queen bed","Oct 24 – 26
Oct 24 – 26","KSh 3,975",N/A,2 nights,N/A,N/A,N/A,1,2025-09-28 13:15:25,"Mombasa
_
_
Guest favorite
Guest favorite
Apartment in Mombasa
KSh 4",https://www.airbnb.com/s/Mombasa/homes?place_id=ChIJM45ffcMMQBgRLEF4BSSBr7A&refinement_paths%5B%5D=%2Fhomes&flexible_trip_lengths%5B%5D=weekend_trip&date_picker_type=FLEXIBLE_DATES&search_type=HOMEPAGE_CAROUSEL_CLICK,3
card-container,Tiny home in Nyali,The Oceanfront Mini Bungalow with Infinitypool,https://www.airbnb.com/rooms/1431006093100680459?search_mode=regular_search&adults=1&check_in=2026-08-28&check_out=2026-08-30&children=0&infants=0&pets=0&source_impression_id=p3_1759054507_P3cUXhppBCCXchbP&previous_page_section_name=1000&federated_search_id=f7a133d2-1e8a-4932-b1c9-573bf5fa6a1b,1431006093100680459,"1 bed
1 bed",N/A,"KSh 17,224",N/A,2 nights,N/A,N/A,N/A,1,2025-09-28 13:15:25,"Mombasa
_
_
Guest favorite
Guest favorite
Apartment in Mombasa
KSh 4",https://www.airbnb.com/s/Mombasa/homes?place_id=ChIJM45ffcMMQBgRLEF4BSSBr7A&refinement_paths%5B%5D=%2Fhomes&flexible_trip_lengths%5B%5D=weekend_trip&date_picker_type=FLEXIBLE_DATES&search_type=HOMEPAGE_CAROUSEL_CLICK,3
card-container,Apartment in Mombasa,"Duplex Oceanview 1bdrm Apartment D10,Top floor",https://www.airbnb.com/rooms/48769221?search_mode=regular_search&adults=1&check_in=2026-07-31&check_out=2026-08-02&children=0&infants=0&pets=0&source_impression_id=p3_1759054507_P3DNiYnAEg3jYNY1&previous_page_section_name=1000&federated_search_id=f7a133d2-1e8a-4932-b1c9-573bf5fa6a1b,48769221,"1 bedroom
1 bedroom
2 beds
,
 · 2 beds",N/A,"KSh 21,352",N/A,2 nights,N/A,N/A,N/A,1,2025-09-28 13:15:25,"Mombasa
_
_
Guest favorite
Guest favorite
Apartment in Mombasa
KSh 4",https://www.airbnb.com/s/Mombasa/homes?place_id=ChIJM45ffcMMQBgRLEF4BSSBr7A&refinement_paths%5B%5D=%2Fhomes&flexible_trip_lengths%5B%5D=weekend_trip&date_picker_type=FLEXIBLE_DATES&search_type=HOMEPAGE_CAROUSEL_CLICK,3
card-container,Condo in Nyali,Tina's Family Apartment,https://www.airbnb.com/rooms/1388490976059185435?search_mode=regular_search&adults=1&check_in=2025-10-17&check_out=2025-10-19&children=0&infants=0&pets=0&source_impression_id=p3_1759054507_P3qGdyzL_hLMaGlq&previous_page_section_name=1000&federated_search_id=f7a133d2-1e8a-4932-b1c9-573bf5fa6a1b,1388490976059185435,"3 bedrooms
3 bedrooms
4 beds
,
 · 4 beds","Oct 17 – 19
Oct 17 – 19","KSh 25,910",N/A,2 nights,N/A,N/A,N/A,1,2025-09-28 13:15:26,"Mombasa
_
_
Guest favorite
Guest favorite
Apartment in Mombasa
KSh 4",https://www.airbnb.com/s/Mombasa/homes?place_id=ChIJM45ffcMMQBgRLEF4BSSBr7A&refinement_paths%5B%5D=%2Fhomes&flexible_trip_lengths%5B%5D=weekend_trip&date_picker_type=FLEXIBLE_DATES&search_type=HOMEPAGE_CAROUSEL_CLICK,3
card-container,Apartment in Nyali,Sea Breeze 2 Bedroom Apt in Nyali Mombasa,https://www.airbnb.com/rooms/1027222857116513595?search_mode=regular_search&adults=1&check_in=2026-04-17&check_out=2026-04-19&children=0&infants=0&pets=0&source_impression_id=p3_1759054507_P37eS1zjxSWmoOvH&previous_page_section_name=1000&federated_search_id=f7a133d2-1e8a-4932-b1c9-573bf5fa6a1b,1027222857116513595,"Sea Breeze 2 Bedroom Apt in Nyali Mombasa | 2 bedrooms
2 bedrooms
2 beds
,
 · 2 beds",N/A,"KSh 25,026",N/A,2 nights,N/A,N/A,N/A,1,2025-09-28 13:15:26,"Mombasa
_
_
Guest favorite
Guest favorite
Apartment in Mombasa
KSh 4",https://www.airbnb.com/s/Mombasa/homes?place_id=ChIJM45ffcMMQBgRLEF4BSSBr7A&refinement_paths%5B%5D=%2Fhomes&flexible_trip_lengths%5B%5D=weekend_trip&date_picker_type=FLEXIBLE_DATES&search_type=HOMEPAGE_CAROUSEL_CLICK,3
card-container,Apartment in Nyali,"Modern 1BR Apartment in Nyali, Mombasa",https://www.airbnb.com/rooms/1436030541644813472?search_mode=regular_search&adults=1&check_in=2025-10-31&check_out=2025-11-02&children=0&infants=0&pets=0&source_impression_id=p3_1759054507_P3ThrlrT89hNG8uH&previous_page_section_name=1000&federated_search_id=f7a133d2-1e8a-4932-b1c9-573bf5fa6a1b,1436030541644813472,"1 bedroom
1 bedroom
1 bed
,
 · 1 bed","Oct 31 – Nov 2
Oct 31 – Nov 2","KSh 16,193",N/A,2 nights,N/A,N/A,N/A,1,2025-09-28 13:15:26,"Mombasa
_
_
Guest favorite
Guest favorite
Apartment in Mombasa
KSh 4",https://www.airbnb.com/s/Mombasa/homes?place_id=ChIJM45ffcMMQBgRLEF4BSSBr7A&refinement_paths%5B%5D=%2Fhomes&flexible_trip_lengths%5B%5D=weekend_trip&date_picker_type=FLEXIBLE_DATES&search_type=HOMEPAGE_CAROUSEL_CLICK,3
card-container,Tiny home in Nyali,"Nyali Haven2: AC,Washer&Dryer, HotShower nearBeach",https://www.airbnb.com/rooms/1336001953810482887?search_mode=regular_search&adults=1&check_in=2026-06-19&check_out=2026-06-21&children=0&infants=0&pets=0&source_impression_id=p3_1759054507_P33G1C_3rKey9O5I&previous_page_section_name=1000&federated_search_id=f7a133d2-1e8a-4932-b1c9-573bf5fa6a1b,1336001953810482887,"1 bedroom
1 bedroom
1 queen bed
,
 · 1 queen bed",N/A,"KSh 10,304",N/A,2 nights,N/A,N/A,N/A,1,2025-09-28 13:15:26,"Mombasa
_
_
Guest favorite
Guest favorite
Apartment in Mombasa
KSh 4",https://www.airbnb.com/s/Mombasa/homes?place_id=ChIJM45ffcMMQBgRLEF4BSSBr7A&refinement_paths%5B%5D=%2Fhomes&flexible_trip_lengths%5B%5D=weekend_trip&date_picker_type=FLEXIBLE_DATES&search_type=HOMEPAGE_CAROUSEL_CLICK,3
card-container,Apartment in Mombasa,Cosy Apartment Bamburi,https://www.airbnb.com/rooms/1452875126811623938?search_mode=regular_search&adults=1&check_in=2026-04-24&check_out=2026-04-26&children=0&infants=0&pets=0&source_impression_id=p3_1759054507_P3Vj2g8E1F3IqvVX&previous_page_section_name=1000&federated_search_id=f7a133d2-1e8a-4932-b1c9-573bf5fa6a1b,1452875126811623938,"1 bedroom
1 bedroom
1 bed
,
 · 1 bed",N/A,"KSh 4,195",N/A,2 nights,N/A,N/A,N/A,1,2025-09-28 13:15:26,"Mombasa
_
_
Guest favorite
Guest favorite
Apartment in Mombasa
KSh 4",https://www.airbnb.com/s/Mombasa/homes?place_id=ChIJM45ffcMMQBgRLEF4BSSBr7A&refinement_paths%5B%5D=%2Fhomes&flexible_trip_lengths%5B%5D=weekend_trip&date_picker_type=FLEXIBLE_DATES&search_type=HOMEPAGE_CAROUSEL_CLICK,3
card-container,Apartment in Mombasa,Amazon view,https://www.airbnb.com/rooms/1130373539369477244?search_mode=regular_search&adults=1&check_in=2026-03-06&check_out=2026-03-08&children=0&infants=0&pets=0&source_impression_id=p3_1759054507_P3pzSjTmjwNAZy8M&previous_page_section_name=1000&federated_search_id=f7a133d2-1e8a-4932-b1c9-573bf5fa6a1b,1130373539369477244,"1 king bed
1 king bed","Mar 6 – 8
Mar 6 – 8","KSh 4,564",N/A,2 nights,N/A,N/A,N/A,1,2025-09-28 13:15:26,"Mombasa
_
_
Guest favorite
Guest favorite
Apartment in Mombasa
KSh 4",https://www.airbnb.com/s/Mombasa/homes?place_id=ChIJM45ffcMMQBgRLEF4BSSBr7A&refinement_paths%5B%5D=%2Fhomes&flexible_trip_lengths%5B%5D=weekend_trip&date_picker_type=FLEXIBLE_DATES&search_type=HOMEPAGE_CAROUSEL_CLICK,3
card-container,Apartment in Nyali,Fully Furnished One Bedroom With Airconditioner,https://www.airbnb.com/rooms/882140642024206905?search_mode=regular_search&adults=1&check_in=2026-09-11&check_out=2026-09-13&children=0&infants=0&pets=0&source_impression_id=p3_1759054507_P3baCUttPkIPrmXS&previous_page_section_name=1000&federated_search_id=f7a133d2-1e8a-4932-b1c9-573bf5fa6a1b,882140642024206905,"Fully Furnished One Bedroom With Airconditioner | 1 bedroom
1 bedroom
1 bed
,
 · 1 bed",N/A,"KSh 6,183",N/A,2 nights,N/A,N/A,N/A,1,2025-09-28 13:15:26,"Mombasa
_
_
Guest favorite
Guest favorite
Apartment in Mombasa
KSh 4",https://www.airbnb.com/s/Mombasa/homes?place_id=ChIJM45ffcMMQBgRLEF4BSSBr7A&refinement_paths%5B%5D=%2Fhomes&flexible_trip_lengths%5B%5D=weekend_trip&date_picker_type=FLEXIBLE_DATES&search_type=HOMEPAGE_CAROUSEL_CLICK,3
card-container,Apartment in Bamburi,Mimah's Specious Beachfront apartment,https://www.airbnb.com/rooms/983281252714546964?search_mode=regular_search&adults=1&check_in=2026-05-29&check_out=2026-05-31&children=0&infants=0&pets=0&source_impression_id=p3_1759054507_P3XMwYgiwoSTn-uq&previous_page_section_name=1000&federated_search_id=f7a133d2-1e8a-4932-b1c9-573bf5fa6a1b,983281252714546964,"2 bedrooms
2 bedrooms
3 beds
,
 · 3 beds",N/A,"KSh 18,255",N/A,2 nights,N/A,N/A,N/A,1,2025-09-28 13:15:26,"Mombasa
_
_
Guest favorite
Guest favorite
Apartment in Mombasa
KSh 4",https://www.airbnb.com/s/Mombasa/homes?place_id=ChIJM45ffcMMQBgRLEF4BSSBr7A&refinement_paths%5B%5D=%2Fhomes&flexible_trip_lengths%5B%5D=weekend_trip&date_picker_type=FLEXIBLE_DATES&search_type=HOMEPAGE_CAROUSEL_CLICK,3
card-container,Apartment in Nyali,Modern studio Nyali unit 12,https://www.airbnb.com/rooms/1332597660178895006?search_mode=regular_search&adults=1&check_in=2026-03-13&check_out=2026-03-15&children=0&infants=0&pets=0&source_impression_id=p3_1759054507_P37Jx1bqDv4acBHm&previous_page_section_name=1000&federated_search_id=f7a133d2-1e8a-4932-b1c9-573bf5fa6a1b,1332597660178895006,"1 bedroom
1 bedroom
1 bed
,
 · 1 bed","Mar 13 – 15
Mar 13 – 15","KSh 6,183",N/A,2 nights,N/A,N/A,N/A,1,2025-09-28 13:15:26,"Mombasa
_
_
Guest favorite
Guest favorite
Apartment in Mombasa
KSh 4",https://www.airbnb.com/s/Mombasa/homes?place_id=ChIJM45ffcMMQBgRLEF4BSSBr7A&refinement_paths%5B%5D=%2Fhomes&flexible_trip_lengths%5B%5D=weekend_trip&date_picker_type=FLEXIBLE_DATES&search_type=HOMEPAGE_CAROUSEL_CLICK,3
card-container,Room in Nyali,"Private Rm in Shared Apt, near beach&malls @Nyali",https://www.airbnb.com/rooms/38765381?search_mode=regular_search&adults=1&category_tag=Tag%3A8678&check_in=2025-10-03&check_out=2025-10-05&children=0&infants=0&pets=0&photo_id=1253523136&source_impression_id=p3_1759054507_P3geQSW4xoysGq3B&previous_page_section_name=1000&federated_search_id=f7a133d2-1e8a-4932-b1c9-573bf5fa6a1b,38765381,"1 queen bed
1 queen bed","Oct 3 – 5
Oct 3 – 5","KSh 6,450",N/A,2 nights,N/A,N/A,N/A,1,2025-09-28 13:15:26,"Mombasa
_
_
Guest favorite
Guest favorite
Apartment in Mombasa
KSh 4",https://www.airbnb.com/s/Mombasa/homes?place_id=ChIJM45ffcMMQBgRLEF4BSSBr7A&refinement_paths%5B%5D=%2Fhomes&flexible_trip_lengths%5B%5D=weekend_trip&date_picker_type=FLEXIBLE_DATES&search_type=HOMEPAGE_CAROUSEL_CLICK,3
card-container,Apartment in Nyali,Swahili Chic Apartment - 200M TO BEACH - 1 BR,https://www.airbnb.com/rooms/834420629615780446?search_mode=regular_search&adults=1&check_in=2026-05-22&check_out=2026-05-24&children=0&infants=0&pets=0&source_impression_id=p3_1759054507_P3MglT89K0Zcyqmf&previous_page_section_name=1000&federated_search_id=f7a133d2-1e8a-4932-b1c9-573bf5fa6a1b,834420629615780446,"1 bedroom
1 bedroom
1 king bed
,
 · 1 king bed",N/A,"KSh 14,427",N/A,2 nights,N/A,N/A,N/A,1,2025-09-28 13:15:26,"Mombasa
_
_
Guest favorite
Guest favorite
Apartment in Mombasa
KSh 4",https://www.airbnb.com/s/Mombasa/homes?place_id=ChIJM45ffcMMQBgRLEF4BSSBr7A&refinement_paths%5B%5D=%2Fhomes&flexible_trip_lengths%5B%5D=weekend_trip&date_picker_type=FLEXIBLE_DATES&search_type=HOMEPAGE_CAROUSEL_CLICK,3
card-container,Home in Mombasa,Swahili studio,https://www.airbnb.com/rooms/1474637343083662191?search_mode=regular_search&adults=1&check_in=2026-06-05&check_out=2026-06-07&children=0&infants=0&pets=0&source_impression_id=p3_1759054507_P3IxPwc_IFq6l6mt&previous_page_section_name=1000&federated_search_id=f7a133d2-1e8a-4932-b1c9-573bf5fa6a1b,1474637343083662191,"1 bed
1 bed",N/A,"KSh 2,580",N/A,2 nights,N/A,N/A,N/A,1,2025-09-28 13:15:26,"Mombasa
_
_
Guest favorite
Guest favorite
Apartment in Mombasa
KSh 4",https://www.airbnb.com/s/Mombasa/homes?place_id=ChIJM45ffcMMQBgRLEF4BSSBr7A&refinement_paths%5B%5D=%2Fhomes&flexible_trip_lengths%5B%5D=weekend_trip&date_picker_type=FLEXIBLE_DATES&search_type=HOMEPAGE_CAROUSEL_CLICK,3
card-container,,,https://www.airbnb.com/rooms/1396394033571639039?search_mode=regular_search&adults=1&check_in=2026-01-16&check_out=2026-01-18&children=0&infants=0&pets=0&source_impression_id=p3_1759054528_P3c8fLb4d__tBDBt&previous_page_section_name=1000&federated_search_id=4ab77dfb-b4ab-4bce-bc10-2ba95430fec3,1396394033571639039,N/A,N/A,N/A,N/A,N/A,N/A,N/A,N/A,1,2025-09-28 13:15:30,"Mombasa
_
_
Guest favorite
Guest favorite
Apartment in Mombasa
KSh 4",https://www.airbnb.com/s/Mombasa/homes?place_id=ChIJM45ffcMMQBgRLEF4BSSBr7A&refinement_paths%5B%5D=%2Fhomes&flexible_trip_lengths%5B%5D=weekend_trip&date_picker_type=FLEXIBLE_DATES&search_type=HOMEPAGE_CAROUSEL_CLICK,3
card-container,,,https://www.airbnb.com/rooms/1289106291645697380?search_mode=regular_search&adults=1&check_in=2026-07-17&check_out=2026-07-19&children=0&infants=0&pets=0&source_impression_id=p3_1759054528_P3qzp9P-NknCbj7b&previous_page_section_name=1000&federated_search_id=4ab77dfb-b4ab-4bce-bc10-2ba95430fec3,1289106291645697380,N/A,N/A,N/A,N/A,N/A,N/A,N/A,N/A,1,2025-09-28 13:15:30,"Mombasa
_
_
Guest favorite
Guest favorite
Apartment in Mombasa
KSh 4",https://www.airbnb.com/s/Mombasa/homes?place_id=ChIJM45ffcMMQBgRLEF4BSSBr7A&refinement_paths%5B%5D=%2Fhomes&flexible_trip_lengths%5B%5D=weekend_trip&date_picker_type=FLEXIBLE_DATES&search_type=HOMEPAGE_CAROUSEL_CLICK,3
card-container,,,https://www.airbnb.com/rooms/1490757883128969085?search_mode=regular_search&adults=1&check_in=2026-09-04&check_out=2026-09-06&children=0&infants=0&pets=0&source_impression_id=p3_1759054528_P3zAdO6ccDLEb25w&previous_page_section_name=1000&federated_search_id=4ab77dfb-b4ab-4bce-bc10-2ba95430fec3,1490757883128969085,N/A,N/A,N/A,N/A,N/A,N/A,N/A,N/A,1,2025-09-28 13:15:30,"Mombasa
_
_
Guest favorite
Guest favorite
Apartment in Mombasa
KSh 4",https://www.airbnb.com/s/Mombasa/homes?place_id=ChIJM45ffcMMQBgRLEF4BSSBr7A&refinement_paths%5B%5D=%2Fhomes&flexible_trip_lengths%5B%5D=weekend_trip&date_picker_type=FLEXIBLE_DATES&search_type=HOMEPAGE_CAROUSEL_CLICK,3
card-container,,,https://www.airbnb.com/rooms/1015241818484988225?search_mode=regular_search&adults=1&check_in=2026-02-20&check_out=2026-02-22&children=0&infants=0&pets=0&source_impression_id=p3_1759054528_P3cZl4iqg29cfss6&previous_page_section_name=1000&federated_search_id=4ab77dfb-b4ab-4bce-bc10-2ba95430fec3,1015241818484988225,N/A,N/A,N/A,N/A,N/A,N/A,N/A,N/A,1,2025-09-28 13:15:30,"Mombasa
_
_
Guest favorite
Guest favorite
Apartment in Mombasa
KSh 4",https://www.airbnb.com/s/Mombasa/homes?place_id=ChIJM45ffcMMQBgRLEF4BSSBr7A&refinement_paths%5B%5D=%2Fhomes&flexible_trip_lengths%5B%5D=weekend_trip&date_picker_type=FLEXIBLE_DATES&search_type=HOMEPAGE_CAROUSEL_CLICK,3
card-container,,,https://www.airbnb.com/rooms/1196956628130209103?search_mode=regular_search&adults=1&check_in=2026-03-06&check_out=2026-03-08&children=0&infants=0&pets=0&source_impression_id=p3_1759054528_P3M9BVkaUqveDh1U&previous_page_section_name=1000&federated_search_id=4ab77dfb-b4ab-4bce-bc10-2ba95430fec3,1196956628130209103,N/A,N/A,N/A,N/A,N/A,N/A,N/A,N/A,1,2025-09-28 13:15:30,"Mombasa
_
_
Guest favorite
Guest favorite
Apartment in Mombasa
KSh 4",https://www.airbnb.com/s/Mombasa/homes?place_id=ChIJM45ffcMMQBgRLEF4BSSBr7A&refinement_paths%5B%5D=%2Fhomes&flexible_trip_lengths%5B%5D=weekend_trip&date_picker_type=FLEXIBLE_DATES&search_type=HOMEPAGE_CAROUSEL_CLICK,3
card-container,,,https://www.airbnb.com/rooms/658393352370008461?search_mode=regular_search&adults=1&check_in=2026-04-17&check_out=2026-04-19&children=0&infants=0&pets=0&source_impression_id=p3_1759054528_P3ZUomXwDWv7ossm&previous_page_section_name=1000&federated_search_id=4ab77dfb-b4ab-4bce-bc10-2ba95430fec3,658393352370008461,N/A,N/A,N/A,N/A,N/A,N/A,N/A,N/A,1,2025-09-28 13:15:30,"Mombasa
_
_
Guest favorite
Guest favorite
Apartment in Mombasa
KSh 4",https://www.airbnb.com/s/Mombasa/homes?place_id=ChIJM45ffcMMQBgRLEF4BSSBr7A&refinement_paths%5B%5D=%2Fhomes&flexible_trip_lengths%5B%5D=weekend_trip&date_picker_type=FLEXIBLE_DATES&search_type=HOMEPAGE_CAROUSEL_CLICK,3
card-container,,,https://www.airbnb.com/rooms/1468788458798420163?search_mode=regular_search&adults=1&check_in=2026-09-11&check_out=2026-09-13&children=0&infants=0&pets=0&source_impression_id=p3_1759054528_P3FVhcT07g_43tck&previous_page_section_name=1000&federated_search_id=4ab77dfb-b4ab-4bce-bc10-2ba95430fec3,1468788458798420163,N/A,N/A,N/A,N/A,N/A,N/A,N/A,N/A,1,2025-09-28 13:15:30,"Mombasa
_
_
Guest favorite
Guest favorite
Apartment in Mombasa
KSh 4",https://www.airbnb.com/s/Mombasa/homes?place_id=ChIJM45ffcMMQBgRLEF4BSSBr7A&refinement_paths%5B%5D=%2Fhomes&flexible_trip_lengths%5B%5D=weekend_trip&date_picker_type=FLEXIBLE_DATES&search_type=HOMEPAGE_CAROUSEL_CLICK,3
card-container,,,https://www.airbnb.com/rooms/1048265374276409027?search_mode=regular_search&adults=1&check_in=2026-04-10&check_out=2026-04-12&children=0&infants=0&pets=0&source_impression_id=p3_1759054528_P39Evloc0p9ff2Ss&previous_page_section_name=1000&federated_search_id=4ab77dfb-b4ab-4bce-bc10-2ba95430fec3,1048265374276409027,N/A,N/A,N/A,N/A,N/A,N/A,N/A,N/A,1,2025-09-28 13:15:30,"Mombasa
_
_
Guest favorite
Guest favorite
Apartment in Mombasa
KSh 4",https://www.airbnb.com/s/Mombasa/homes?place_id=ChIJM45ffcMMQBgRLEF4BSSBr7A&refinement_paths%5B%5D=%2Fhomes&flexible_trip_lengths%5B%5D=weekend_trip&date_picker_type=FLEXIBLE_DATES&search_type=HOMEPAGE_CAROUSEL_CLICK,3
card-container,,,https://www.airbnb.com/rooms/624602969260177695?search_mode=regular_search&adults=1&check_in=2026-07-17&check_out=2026-07-19&children=0&infants=0&pets=0&source_impression_id=p3_1759054528_P3MNsw2FCZ0hUzJl&previous_page_section_name=1000&federated_search_id=4ab77dfb-b4ab-4bce-bc10-2ba95430fec3,624602969260177695,N/A,N/A,N/A,N/A,N/A,N/A,N/A,N/A,1,2025-09-28 13:15:30,"Mombasa
_
_
Guest favorite
Guest favorite
Apartment in Mombasa
KSh 4",https://www.airbnb.com/s/Mombasa/homes?place_id=ChIJM45ffcMMQBgRLEF4BSSBr7A&refinement_paths%5B%5D=%2Fhomes&flexible_trip_lengths%5B%5D=weekend_trip&date_picker_type=FLEXIBLE_DATES&search_type=HOMEPAGE_CAROUSEL_CLICK,3
card-container,,,https://www.airbnb.com/rooms/1494264371388955028?search_mode=regular_search&adults=1&check_in=2026-09-11&check_out=2026-09-13&children=0&infants=0&pets=0&source_impression_id=p3_1759054528_P3hqf4-DCc9eFI8E&previous_page_section_name=1000&federated_search_id=4ab77dfb-b4ab-4bce-bc10-2ba95430fec3,1494264371388955028,N/A,N/A,N/A,N/A,N/A,N/A,N/A,N/A,1,2025-09-28 13:15:30,"Mombasa
_
_
Guest favorite
Guest favorite
Apartment in Mombasa
KSh 4",https://www.airbnb.com/s/Mombasa/homes?place_id=ChIJM45ffcMMQBgRLEF4BSSBr7A&refinement_paths%5B%5D=%2Fhomes&flexible_trip_lengths%5B%5D=weekend_trip&date_picker_type=FLEXIBLE_DATES&search_type=HOMEPAGE_CAROUSEL_CLICK,3
card-container,,,https://www.airbnb.com/rooms/1440725672700613304?search_mode=regular_search&adults=1&check_in=2026-04-03&check_out=2026-04-05&children=0&infants=0&pets=0&source_impression_id=p3_1759054528_P3WUv1S-Qb_19Zx0&previous_page_section_name=1000&federated_search_id=4ab77dfb-b4ab-4bce-bc10-2ba95430fec3,1440725672700613304,N/A,N/A,N/A,N/A,N/A,N/A,N/A,N/A,1,2025-09-28 13:15:30,"Mombasa
_
_
Guest favorite
Guest favorite
Apartment in Mombasa
KSh 4",https://www.airbnb.com/s/Mombasa/homes?place_id=ChIJM45ffcMMQBgRLEF4BSSBr7A&refinement_paths%5B%5D=%2Fhomes&flexible_trip_lengths%5B%5D=weekend_trip&date_picker_type=FLEXIBLE_DATES&search_type=HOMEPAGE_CAROUSEL_CLICK,3
card-container,,,https://www.airbnb.com/rooms/1420428637978737699?search_mode=regular_search&adults=1&check_in=2026-04-24&check_out=2026-04-26&children=0&infants=0&pets=0&source_impression_id=p3_1759054528_P32gs2nnIM-moQD-&previous_page_section_name=1000&federated_search_id=4ab77dfb-b4ab-4bce-bc10-2ba95430fec3,1420428637978737699,N/A,N/A,N/A,N/A,N/A,N/A,N/A,N/A,1,2025-09-28 13:15:30,"Mombasa
_
_
Guest favorite
Guest favorite
Apartment in Mombasa
KSh 4",https://www.airbnb.com/s/Mombasa/homes?place_id=ChIJM45ffcMMQBgRLEF4BSSBr7A&refinement_paths%5B%5D=%2Fhomes&flexible_trip_lengths%5B%5D=weekend_trip&date_picker_type=FLEXIBLE_DATES&search_type=HOMEPAGE_CAROUSEL_CLICK,3
card-container,,,https://www.airbnb.com/rooms/1459449274268452058?search_mode=regular_search&adults=1&check_in=2025-10-31&check_out=2025-11-02&children=0&infants=0&pets=0&source_impression_id=p3_1759054528_P3EYOzwWtB7n0EFX&previous_page_section_name=1000&federated_search_id=4ab77dfb-b4ab-4bce-bc10-2ba95430fec3,1459449274268452058,N/A,N/A,N/A,N/A,N/A,N/A,N/A,N/A,1,2025-09-28 13:15:31,"Mombasa
_
_
Guest favorite
Guest favorite
Apartment in Mombasa
KSh 4",https://www.airbnb.com/s/Mombasa/homes?place_id=ChIJM45ffcMMQBgRLEF4BSSBr7A&refinement_paths%5B%5D=%2Fhomes&flexible_trip_lengths%5B%5D=weekend_trip&date_picker_type=FLEXIBLE_DATES&search_type=HOMEPAGE_CAROUSEL_CLICK,3
card-container,,,https://www.airbnb.com/rooms/1233847287589255771?search_mode=regular_search&adults=1&check_in=2026-04-24&check_out=2026-04-26&children=0&infants=0&pets=0&source_impression_id=p3_1759054528_P3u_n66qPRL0C-jt&previous_page_section_name=1000&federated_search_id=4ab77dfb-b4ab-4bce-bc10-2ba95430fec3,1233847287589255771,N/A,N/A,N/A,N/A,N/A,N/A,N/A,N/A,1,2025-09-28 13:15:31,"Mombasa
_
_
Guest favorite
Guest favorite
Apartment in Mombasa
KSh 4",https://www.airbnb.com/s/Mombasa/homes?place_id=ChIJM45ffcMMQBgRLEF4BSSBr7A&refinement_paths%5B%5D=%2Fhomes&flexible_trip_lengths%5B%5D=weekend_trip&date_picker_type=FLEXIBLE_DATES&search_type=HOMEPAGE_CAROUSEL_CLICK,3
card-container,,,https://www.airbnb.com/rooms/1347891989332226701?search_mode=regular_search&adults=1&check_in=2026-05-29&check_out=2026-05-31&children=0&infants=0&pets=0&source_impression_id=p3_1759054528_P3ZiT1zu6RJj0_Gz&previous_page_section_name=1000&federated_search_id=4ab77dfb-b4ab-4bce-bc10-2ba95430fec3,1347891989332226701,N/A,N/A,N/A,N/A,N/A,N/A,N/A,N/A,1,2025-09-28 13:15:31,"Mombasa
_
_
Guest favorite
Guest favorite
Apartment in Mombasa
KSh 4",https://www.airbnb.com/s/Mombasa/homes?place_id=ChIJM45ffcMMQBgRLEF4BSSBr7A&refinement_paths%5B%5D=%2Fhomes&flexible_trip_lengths%5B%5D=weekend_trip&date_picker_type=FLEXIBLE_DATES&search_type=HOMEPAGE_CAROUSEL_CLICK,3
card-container,,,https://www.airbnb.com/rooms/1439797787473450881?search_mode=regular_search&adults=1&check_in=2026-07-24&check_out=2026-07-26&children=0&infants=0&pets=0&source_impression_id=p3_1759054528_P364omOPEFiCzvBD&previous_page_section_name=1000&federated_search_id=4ab77dfb-b4ab-4bce-bc10-2ba95430fec3,1439797787473450881,N/A,N/A,N/A,N/A,N/A,N/A,N/A,N/A,1,2025-09-28 13:15:31,"Mombasa
_
_
Guest favorite
Guest favorite
Apartment in Mombasa
KSh 4",https://www.airbnb.com/s/Mombasa/homes?place_id=ChIJM45ffcMMQBgRLEF4BSSBr7A&refinement_paths%5B%5D=%2Fhomes&flexible_trip_lengths%5B%5D=weekend_trip&date_picker_type=FLEXIBLE_DATES&search_type=HOMEPAGE_CAROUSEL_CLICK,3
card-container,,,https://www.airbnb.com/rooms/1228014595317384918?search_mode=regular_search&adults=1&check_in=2025-10-03&check_out=2025-10-05&children=0&infants=0&pets=0&source_impression_id=p3_1759054528_P3TpSXBelqSKVyIR&previous_page_section_name=1000&federated_search_id=4ab77dfb-b4ab-4bce-bc10-2ba95430fec3,1228014595317384918,N/A,N/A,N/A,N/A,N/A,N/A,N/A,N/A,1,2025-09-28 13:15:31,"Mombasa
_
_
Guest favorite
Guest favorite
Apartment in Mombasa
KSh 4",https://www.airbnb.com/s/Mombasa/homes?place_id=ChIJM45ffcMMQBgRLEF4BSSBr7A&refinement_paths%5B%5D=%2Fhomes&flexible_trip_lengths%5B%5D=weekend_trip&date_picker_type=FLEXIBLE_DATES&search_type=HOMEPAGE_CAROUSEL_CLICK,3
card-container,,,https://www.airbnb.com/rooms/1299277243166695305?search_mode=regular_search&adults=1&check_in=2026-05-22&check_out=2026-05-24&children=0&infants=0&pets=0&source_impression_id=p3_1759054528_P3KBOlqFxT7UJOiy&previous_page_section_name=1000&federated_search_id=4ab77dfb-b4ab-4bce-bc10-2ba95430fec3,1299277243166695305,N/A,N/A,N/A,N/A,N/A,N/A,N/A,N/A,1,2025-09-28 13:15:31,"Mombasa
_
_
Guest favorite
Guest favorite
Apartment in Mombasa
KSh 4",https://www.airbnb.com/s/Mombasa/homes?place_id=ChIJM45ffcMMQBgRLEF4BSSBr7A&refinement_paths%5B%5D=%2Fhomes&flexible_trip_lengths%5B%5D=weekend_trip&date_picker_type=FLEXIBLE_DATES&search_type=HOMEPAGE_CAROUSEL_CLICK,3
card-container,,,https://www.airbnb.com/rooms/1266066693904820202?search_mode=regular_search&adults=1&check_in=2026-07-31&check_out=2026-08-02&children=0&infants=0&pets=0&source_impression_id=p3_1759054533_P36Z-pmSdoUXLYXk&previous_page_section_name=1000&federated_search_id=6db09980-3397-40aa-b794-46013757902f,1266066693904820202,N/A,N/A,N/A,N/A,N/A,N/A,N/A,N/A,3,2025-09-28 13:15:34,"Mombasa
_
_
Guest favorite
Guest favorite
Apartment in Mombasa
KSh 4",https://www.airbnb.com/s/Mombasa/homes?place_id=ChIJM45ffcMMQBgRLEF4BSSBr7A&refinement_paths%5B%5D=%2Fhomes&flexible_trip_lengths%5B%5D=weekend_trip&date_picker_type=FLEXIBLE_DATES&search_type=HOMEPAGE_CAROUSEL_CLICK,3
card-container,,,https://www.airbnb.com/rooms/1400302072232003534?search_mode=regular_search&adults=1&check_in=2026-02-06&check_out=2026-02-08&children=0&infants=0&pets=0&source_impression_id=p3_1759054533_P3FLaPOyp6e0195B&previous_page_section_name=1000&federated_search_id=6db09980-3397-40aa-b794-46013757902f,1400302072232003534,N/A,N/A,N/A,N/A,N/A,N/A,N/A,N/A,3,2025-09-28 13:15:34,"Mombasa
_
_
Guest favorite
Guest favorite
Apartment in Mombasa
KSh 4",https://www.airbnb.com/s/Mombasa/homes?place_id=ChIJM45ffcMMQBgRLEF4BSSBr7A&refinement_paths%5B%5D=%2Fhomes&flexible_trip_lengths%5B%5D=weekend_trip&date_picker_type=FLEXIBLE_DATES&search_type=HOMEPAGE_CAROUSEL_CLICK,3
card-container,,,https://www.airbnb.com/rooms/1394973701930651119?search_mode=regular_search&adults=1&check_in=2026-03-06&check_out=2026-03-08&children=0&infants=0&pets=0&source_impression_id=p3_1759054533_P3ksUBwwbbsR1Ehn&previous_page_section_name=1000&federated_search_id=6db09980-3397-40aa-b794-46013757902f,1394973701930651119,N/A,N/A,N/A,N/A,N/A,N/A,N/A,N/A,3,2025-09-28 13:15:34,"Mombasa
_
_
Guest favorite
Guest favorite
Apartment in Mombasa
KSh 4",https://www.airbnb.com/s/Mombasa/homes?place_id=ChIJM45ffcMMQBgRLEF4BSSBr7A&refinement_paths%5B%5D=%2Fhomes&flexible_trip_lengths%5B%5D=weekend_trip&date_picker_type=FLEXIBLE_DATES&search_type=HOMEPAGE_CAROUSEL_CLICK,3
card-container,,,https://www.airbnb.com/rooms/1012673350676063290?search_mode=regular_search&adults=1&check_in=2026-05-29&check_out=2026-05-31&children=0&infants=0&pets=0&source_impression_id=p3_1759054533_P3Q8TWMLO0gbJa1u&previous_page_section_name=1000&federated_search_id=6db09980-3397-40aa-b794-46013757902f,1012673350676063290,N/A,N/A,N/A,N/A,N/A,N/A,N/A,N/A,3,2025-09-28 13:15:34,"Mombasa
_
_
Guest favorite
Guest favorite
Apartment in Mombasa
KSh 4",https://www.airbnb.com/s/Mombasa/homes?place_id=ChIJM45ffcMMQBgRLEF4BSSBr7A&refinement_paths%5B%5D=%2Fhomes&flexible_trip_lengths%5B%5D=weekend_trip&date_picker_type=FLEXIBLE_DATES&search_type=HOMEPAGE_CAROUSEL_CLICK,3
card-container,,,https://www.airbnb.com/rooms/1236888284166528233?search_mode=regular_search&adults=1&check_in=2026-07-31&check_out=2026-08-02&children=0&infants=0&pets=0&source_impression_id=p3_1759054533_P36dCVIo1hA7Fajv&previous_page_section_name=1000&federated_search_id=6db09980-3397-40aa-b794-46013757902f,1236888284166528233,N/A,N/A,N/A,N/A,N/A,N/A,N/A,N/A,3,2025-09-28 13:15:34,"Mombasa
_
_
Guest favorite
Guest favorite
Apartment in Mombasa
KSh 4",https://www.airbnb.com/s/Mombasa/homes?place_id=ChIJM45ffcMMQBgRLEF4BSSBr7A&refinement_paths%5B%5D=%2Fhomes&flexible_trip_lengths%5B%5D=weekend_trip&date_picker_type=FLEXIBLE_DATES&search_type=HOMEPAGE_CAROUSEL_CLICK,3
card-container,,,https://www.airbnb.com/rooms/1439934776364076743?search_mode=regular_search&adults=1&check_in=2026-07-24&check_out=2026-07-26&children=0&infants=0&pets=0&source_impression_id=p3_1759054533_P3i98YzyPqkBB9Fa&previous_page_section_name=1000&federated_search_id=6db09980-3397-40aa-b794-46013757902f,1439934776364076743,N/A,N/A,N/A,N/A,N/A,N/A,N/A,N/A,3,2025-09-28 13:15:35,"Mombasa
_
_
Guest favorite
Guest favorite
Apartment in Mombasa
KSh 4",https://www.airbnb.com/s/Mombasa/homes?place_id=ChIJM45ffcMMQBgRLEF4BSSBr7A&refinement_paths%5B%5D=%2Fhomes&flexible_trip_lengths%5B%5D=weekend_trip&date_picker_type=FLEXIBLE_DATES&search_type=HOMEPAGE_CAROUSEL_CLICK,3
card-container,,,https://www.airbnb.com/rooms/1451973907645327800?search_mode=regular_search&adults=1&check_in=2026-07-31&check_out=2026-08-02&children=0&infants=0&pets=0&source_impression_id=p3_1759054533_P37WGSV50Gik3Yga&previous_page_section_name=1000&federated_search_id=6db09980-3397-40aa-b794-46013757902f,1451973907645327800,N/A,N/A,N/A,N/A,N/A,N/A,N/A,N/A,3,2025-09-28 13:15:35,"Mombasa
_
_
Guest favorite
Guest favorite
Apartment in Mombasa
KSh 4",https://www.airbnb.com/s/Mombasa/homes?place_id=ChIJM45ffcMMQBgRLEF4BSSBr7A&refinement_paths%5B%5D=%2Fhomes&flexible_trip_lengths%5B%5D=weekend_trip&date_picker_type=FLEXIBLE_DATES&search_type=HOMEPAGE_CAROUSEL_CLICK,3
card-container,,,https://www.airbnb.com/rooms/1139535625253469399?search_mode=regular_search&adults=1&check_in=2026-06-05&check_out=2026-06-07&children=0&infants=0&pets=0&source_impression_id=p3_1759054533_P3TW_qlgvsR84ion&previous_page_section_name=1000&federated_search_id=6db09980-3397-40aa-b794-46013757902f,1139535625253469399,N/A,N/A,N/A,N/A,N/A,N/A,N/A,N/A,3,2025-09-28 13:15:35,"Mombasa
_
_
Guest favorite
Guest favorite
Apartment in Mombasa
KSh 4",https://www.airbnb.com/s/Mombasa/homes?place_id=ChIJM45ffcMMQBgRLEF4BSSBr7A&refinement_paths%5B%5D=%2Fhomes&flexible_trip_lengths%5B%5D=weekend_trip&date_picker_type=FLEXIBLE_DATES&search_type=HOMEPAGE_CAROUSEL_CLICK,3
card-container,,,https://www.airbnb.com/rooms/1199442105914729165?search_mode=regular_search&adults=1&check_in=2026-06-12&check_out=2026-06-14&children=0&infants=0&pets=0&source_impression_id=p3_1759054533_P3P0hktDWgP2p9Ms&previous_page_section_name=1000&federated_search_id=6db09980-3397-40aa-b794-46013757902f,1199442105914729165,N/A,N/A,N/A,N/A,N/A,N/A,N/A,N/A,3,2025-09-28 13:15:35,"Mombasa
_
_
Guest favorite
Guest favorite
Apartment in Mombasa
KSh 4",https://www.airbnb.com/s/Mombasa/homes?place_id=ChIJM45ffcMMQBgRLEF4BSSBr7A&refinement_paths%5B%5D=%2Fhomes&flexible_trip_lengths%5B%5D=weekend_trip&date_picker_type=FLEXIBLE_DATES&search_type=HOMEPAGE_CAROUSEL_CLICK,3
card-container,,,https://www.airbnb.com/rooms/1451881638970752887?search_mode=regular_search&adults=1&check_in=2026-04-24&check_out=2026-04-26&children=0&infants=0&pets=0&source_impression_id=p3_1759054533_P3G3HReu5fVjjmWC&previous_page_section_name=1000&federated_search_id=6db09980-3397-40aa-b794-46013757902f,1451881638970752887,N/A,N/A,N/A,N/A,N/A,N/A,N/A,N/A,3,2025-09-28 13:15:35,"Mombasa
_
_
Guest favorite
Guest favorite
Apartment in Mombasa
KSh 4",https://www.airbnb.com/s/Mombasa/homes?place_id=ChIJM45ffcMMQBgRLEF4BSSBr7A&refinement_paths%5B%5D=%2Fhomes&flexible_trip_lengths%5B%5D=weekend_trip&date_picker_type=FLEXIBLE_DATES&search_type=HOMEPAGE_CAROUSEL_CLICK,3
card-container,,,https://www.airbnb.com/rooms/1439961623657766368?search_mode=regular_search&adults=1&check_in=2026-08-14&check_out=2026-08-16&children=0&infants=0&pets=0&source_impression_id=p3_1759054533_P3FC08QToLHZT6A3&previous_page_section_name=1000&federated_search_id=6db09980-3397-40aa-b794-46013757902f,1439961623657766368,N/A,N/A,N/A,N/A,N/A,N/A,N/A,N/A,3,2025-09-28 13:15:35,"Mombasa
_
_
Guest favorite
Guest favorite
Apartment in Mombasa
KSh 4",https://www.airbnb.com/s/Mombasa/homes?place_id=ChIJM45ffcMMQBgRLEF4BSSBr7A&refinement_paths%5B%5D=%2Fhomes&flexible_trip_lengths%5B%5D=weekend_trip&date_picker_type=FLEXIBLE_DATES&search_type=HOMEPAGE_CAROUSEL_CLICK,3
card-container,,,https://www.airbnb.com/rooms/1171535177834369453?search_mode=regular_search&adults=1&check_in=2026-06-19&check_out=2026-06-21&children=0&infants=0&pets=0&source_impression_id=p3_1759054533_P31LucC2AEbN59l_&previous_page_section_name=1000&federated_search_id=6db09980-3397-40aa-b794-46013757902f,1171535177834369453,N/A,N/A,N/A,N/A,N/A,N/A,N/A,N/A,3,2025-09-28 13:15:35,"Mombasa
_
_
Guest favorite
Guest favorite
Apartment in Mombasa
KSh 4",https://www.airbnb.com/s/Mombasa/homes?place_id=ChIJM45ffcMMQBgRLEF4BSSBr7A&refinement_paths%5B%5D=%2Fhomes&flexible_trip_lengths%5B%5D=weekend_trip&date_picker_type=FLEXIBLE_DATES&search_type=HOMEPAGE_CAROUSEL_CLICK,3
card-container,,,https://www.airbnb.com/rooms/1026759613736484760?search_mode=regular_search&adults=1&check_in=2026-02-06&check_out=2026-02-08&children=0&infants=0&pets=0&source_impression_id=p3_1759054533_P3IuKF7l257yJUrc&previous_page_section_name=1000&federated_search_id=6db09980-3397-40aa-b794-46013757902f,1026759613736484760,N/A,N/A,N/A,N/A,N/A,N/A,N/A,N/A,3,2025-09-28 13:15:35,"Mombasa
_
_
Guest favorite
Guest favorite
Apartment in Mombasa
KSh 4",https://www.airbnb.com/s/Mombasa/homes?place_id=ChIJM45ffcMMQBgRLEF4BSSBr7A&refinement_paths%5B%5D=%2Fhomes&flexible_trip_lengths%5B%5D=weekend_trip&date_picker_type=FLEXIBLE_DATES&search_type=HOMEPAGE_CAROUSEL_CLICK,3
card-container,,,https://www.airbnb.com/rooms/1233950785779238581?search_mode=regular_search&adults=1&check_in=2025-10-24&check_out=2025-10-26&children=0&infants=0&pets=0&source_impression_id=p3_1759054533_P3PzuQpurQdbW0bh&previous_page_section_name=1000&federated_search_id=6db09980-3397-40aa-b794-46013757902f,1233950785779238581,N/A,N/A,N/A,N/A,N/A,N/A,N/A,N/A,3,2025-09-28 13:15:35,"Mombasa
_
_
Guest favorite
Guest favorite
Apartment in Mombasa
KSh 4",https://www.airbnb.com/s/Mombasa/homes?place_id=ChIJM45ffcMMQBgRLEF4BSSBr7A&refinement_paths%5B%5D=%2Fhomes&flexible_trip_lengths%5B%5D=weekend_trip&date_picker_type=FLEXIBLE_DATES&search_type=HOMEPAGE_CAROUSEL_CLICK,3
card-container,,,https://www.airbnb.com/rooms/41949012?search_mode=regular_search&adults=1&category_tag=Tag%3A8678&check_in=2026-09-11&check_out=2026-09-13&children=0&infants=0&pets=0&photo_id=1089386761&source_impression_id=p3_1759054533_P3BtIV9dVk4BdE7e&previous_page_section_name=1000&federated_search_id=6db09980-3397-40aa-b794-46013757902f,41949012,N/A,N/A,N/A,N/A,N/A,N/A,N/A,N/A,3,2025-09-28 13:15:35,"Mombasa
_
_
Guest favorite
Guest favorite
Apartment in Mombasa
KSh 4",https://www.airbnb.com/s/Mombasa/homes?place_id=ChIJM45ffcMMQBgRLEF4BSSBr7A&refinement_paths%5B%5D=%2Fhomes&flexible_trip_lengths%5B%5D=weekend_trip&date_picker_type=FLEXIBLE_DATES&search_type=HOMEPAGE_CAROUSEL_CLICK,3
card-container,,,https://www.airbnb.com/rooms/1146982002324156616?search_mode=regular_search&adults=1&check_in=2025-11-21&check_out=2025-11-23&children=0&infants=0&pets=0&source_impression_id=p3_1759054533_P3s8qwseM405DZZe&previous_page_section_name=1000&federated_search_id=6db09980-3397-40aa-b794-46013757902f,1146982002324156616,N/A,N/A,N/A,N/A,N/A,N/A,N/A,N/A,3,2025-09-28 13:15:35,"Mombasa
_
_
Guest favorite
Guest favorite
Apartment in Mombasa
KSh 4",https://www.airbnb.com/s/Mombasa/homes?place_id=ChIJM45ffcMMQBgRLEF4BSSBr7A&refinement_paths%5B%5D=%2Fhomes&flexible_trip_lengths%5B%5D=weekend_trip&date_picker_type=FLEXIBLE_DATES&search_type=HOMEPAGE_CAROUSEL_CLICK,3
card-container,,,https://www.airbnb.com/rooms/1211616218248180718?search_mode=regular_search&adults=1&check_in=2026-04-03&check_out=2026-04-05&children=0&infants=0&pets=0&source_impression_id=p3_1759054533_P3PYFoG5tSfG5gRT&previous_page_section_name=1000&federated_search_id=6db09980-3397-40aa-b794-46013757902f,1211616218248180718,N/A,N/A,N/A,N/A,N/A,N/A,N/A,N/A,3,2025-09-28 13:15:36,"Mombasa
_
_
Guest favorite
Guest favorite
Apartment in Mombasa
KSh 4",https://www.airbnb.com/s/Mombasa/homes?place_id=ChIJM45ffcMMQBgRLEF4BSSBr7A&refinement_paths%5B%5D=%2Fhomes&flexible_trip_lengths%5B%5D=weekend_trip&date_picker_type=FLEXIBLE_DATES&search_type=HOMEPAGE_CAROUSEL_CLICK,3
card-container,,,https://www.airbnb.com/rooms/1322601481262800866?search_mode=regular_search&adults=1&check_in=2026-04-17&check_out=2026-04-19&children=0&infants=0&pets=0&source_impression_id=p3_1759054533_P3yd-4uSIfge6qYM&previous_page_section_name=1000&federated_search_id=6db09980-3397-40aa-b794-46013757902f,1322601481262800866,N/A,N/A,N/A,N/A,N/A,N/A,N/A,N/A,3,2025-09-28 13:15:36,"Mombasa
_
_
Guest favorite
Guest favorite
Apartment in Mombasa
KSh 4",https://www.airbnb.com/s/Mombasa/homes?place_id=ChIJM45ffcMMQBgRLEF4BSSBr7A&refinement_paths%5B%5D=%2Fhomes&flexible_trip_lengths%5B%5D=weekend_trip&date_picker_type=FLEXIBLE_DATES&search_type=HOMEPAGE_CAROUSEL_CLICK,3
card-container,Condo in Mombasa,"Modern Urban Retreat 2/BR: Pool, Gym, WiFi & More!",https://www.airbnb.com/rooms/1322601481262800866?search_mode=regular_search&adults=1&check_in=2026-04-17&check_out=2026-04-19&children=0&infants=0&pets=0&source_impression_id=p3_1759054542_P37YbsPOKnLma0A0&previous_page_section_name=1000&federated_search_id=75fa41f3-5f70-47c4-87b4-15fcb29d7b3c,1322601481262800866,"2 bedrooms
2 bedrooms
3 beds
,
 · 3 beds",N/A,"KSh 15,958",N/A,2 nights,N/A,N/A,N/A,4,2025-09-28 13:15:42,"Mombasa
_
_
Guest favorite
Guest favorite
Apartment in Mombasa
KSh 4",https://www.airbnb.com/s/Mombasa/homes?place_id=ChIJM45ffcMMQBgRLEF4BSSBr7A&refinement_paths%5B%5D=%2Fhomes&flexible_trip_lengths%5B%5D=weekend_trip&date_picker_type=FLEXIBLE_DATES&search_type=HOMEPAGE_CAROUSEL_CLICK,3
card-container,Apartment in Mombasa,kui's select 1 Br with pool-Shanzu,https://www.airbnb.com/rooms/567173939444190249?search_mode=regular_search&adults=1&check_in=2025-12-12&check_out=2025-12-14&children=0&infants=0&pets=0&source_impression_id=p3_1759054542_P3PyAD-Rj9zkM5Tc&previous_page_section_name=1000&federated_search_id=75fa41f3-5f70-47c4-87b4-15fcb29d7b3c,567173939444190249,"1 bedroom
1 bedroom
2 beds
,
 · 2 beds","Dec 12 – 14
Dec 12 – 14","KSh 4,564",N/A,2 nights,N/A,N/A,N/A,4,2025-09-28 13:15:42,"Mombasa
_
_
Guest favorite
Guest favorite
Apartment in Mombasa
KSh 4",https://www.airbnb.com/s/Mombasa/homes?place_id=ChIJM45ffcMMQBgRLEF4BSSBr7A&refinement_paths%5B%5D=%2Fhomes&flexible_trip_lengths%5B%5D=weekend_trip&date_picker_type=FLEXIBLE_DATES&search_type=HOMEPAGE_CAROUSEL_CLICK,3
card-container,Apartment in Mombasa,"1BR /5 mins frm Serena beach w/AC,fast wifi& pool.",https://www.airbnb.com/rooms/46996467?search_mode=regular_search&adults=1&check_in=2026-03-13&check_out=2026-03-15&children=0&infants=0&pets=0&source_impression_id=p3_1759054542_P3r3Aag7AWVpObl_&previous_page_section_name=1000&federated_search_id=75fa41f3-5f70-47c4-87b4-15fcb29d7b3c,46996467,"1 bedroom
1 bedroom
1 queen bed
,
 · 1 queen bed","Mar 13 – 15
Mar 13 – 15","KSh 12,513",N/A,2 nights,N/A,N/A,N/A,4,2025-09-28 13:15:42,"Mombasa
_
_
Guest favorite
Guest favorite
Apartment in Mombasa
KSh 4",https://www.airbnb.com/s/Mombasa/homes?place_id=ChIJM45ffcMMQBgRLEF4BSSBr7A&refinement_paths%5B%5D=%2Fhomes&flexible_trip_lengths%5B%5D=weekend_trip&date_picker_type=FLEXIBLE_DATES&search_type=HOMEPAGE_CAROUSEL_CLICK,3
card-container,Apartment in Mombasa,spectacular view apartment,https://www.airbnb.com/rooms/990903707632869118?search_mode=regular_search&adults=1&check_in=2026-01-16&check_out=2026-01-18&children=0&infants=0&pets=0&source_impression_id=p3_1759054542_P3mdO6azR8k2c0HQ&previous_page_section_name=1000&federated_search_id=75fa41f3-5f70-47c4-87b4-15fcb29d7b3c,990903707632869118,"2 bedrooms
2 bedrooms
4 beds
,
 · 4 beds","Jan 16 – 18
Jan 16 – 18","KSh 20,609",N/A,2 nights,N/A,N/A,N/A,4,2025-09-28 13:15:42,"Mombasa
_
_
Guest favorite
Guest favorite
Apartment in Mombasa
KSh 4",https://www.airbnb.com/s/Mombasa/homes?place_id=ChIJM45ffcMMQBgRLEF4BSSBr7A&refinement_paths%5B%5D=%2Fhomes&flexible_trip_lengths%5B%5D=weekend_trip&date_picker_type=FLEXIBLE_DATES&search_type=HOMEPAGE_CAROUSEL_CLICK,3
card-container,Apartment in Mombasa,Wide and Spacious Studio,https://www.airbnb.com/rooms/1365580483905104753?search_mode=regular_search&adults=1&check_in=2026-07-31&check_out=2026-08-02&children=0&infants=0&pets=0&source_impression_id=p3_1759054542_P3Rn6q0m--fGQTdR&previous_page_section_name=1000&federated_search_id=75fa41f3-5f70-47c4-87b4-15fcb29d7b3c,1365580483905104753,"1 bedroom
1 bedroom
1 bed
,
 · 1 bed",N/A,"KSh 3,533",N/A,2 nights,N/A,N/A,N/A,4,2025-09-28 13:15:42,"Mombasa
_
_
Guest favorite
Guest favorite
Apartment in Mombasa
KSh 4",https://www.airbnb.com/s/Mombasa/homes?place_id=ChIJM45ffcMMQBgRLEF4BSSBr7A&refinement_paths%5B%5D=%2Fhomes&flexible_trip_lengths%5B%5D=weekend_trip&date_picker_type=FLEXIBLE_DATES&search_type=HOMEPAGE_CAROUSEL_CLICK,3
card-container,Condo in Mombasa,Your Coastal Oasis!,https://www.airbnb.com/rooms/907597294363390614?search_mode=regular_search&adults=1&check_in=2025-11-28&check_out=2025-11-30&children=0&infants=0&pets=0&source_impression_id=p3_1759054542_P3M5TPBmgoLTj-EY&previous_page_section_name=1000&federated_search_id=75fa41f3-5f70-47c4-87b4-15fcb29d7b3c,907597294363390614,"3 bedrooms
3 bedrooms
3 beds
,
 · 3 beds","Nov 28 – 30
Nov 28 – 30","KSh 52,702",N/A,2 nights,N/A,N/A,N/A,4,2025-09-28 13:15:43,"Mombasa
_
_
Guest favorite
Guest favorite
Apartment in Mombasa
KSh 4",https://www.airbnb.com/s/Mombasa/homes?place_id=ChIJM45ffcMMQBgRLEF4BSSBr7A&refinement_paths%5B%5D=%2Fhomes&flexible_trip_lengths%5B%5D=weekend_trip&date_picker_type=FLEXIBLE_DATES&search_type=HOMEPAGE_CAROUSEL_CLICK,3
card-container,Apartment in Mombasa,"Shanzu/Gokart Studio,Pool near beach-AC EXTRA COST",https://www.airbnb.com/rooms/1362938098400236425?search_mode=regular_search&adults=1&check_in=2025-11-14&check_out=2025-11-16&children=0&infants=0&pets=0&source_impression_id=p3_1759054542_P3Z2RusWCbKnQR-t&previous_page_section_name=1000&federated_search_id=75fa41f3-5f70-47c4-87b4-15fcb29d7b3c,1362938098400236425,"1 bed
1 bed","Nov 14 – 16
Nov 14 – 16","KSh 14,721",N/A,2 nights,N/A,N/A,N/A,4,2025-09-28 13:15:43,"Mombasa
_
_
Guest favorite
Guest favorite
Apartment in Mombasa
KSh 4",https://www.airbnb.com/s/Mombasa/homes?place_id=ChIJM45ffcMMQBgRLEF4BSSBr7A&refinement_paths%5B%5D=%2Fhomes&flexible_trip_lengths%5B%5D=weekend_trip&date_picker_type=FLEXIBLE_DATES&search_type=HOMEPAGE_CAROUSEL_CLICK,3
card-container,Tiny home in Mombasa,Mudzini studio- S3,https://www.airbnb.com/rooms/1003397938708878916?search_mode=regular_search&adults=1&check_in=2026-07-17&check_out=2026-07-19&children=0&infants=0&pets=0&source_impression_id=p3_1759054542_P3dZqq3_RPf7ak9l&previous_page_section_name=1000&federated_search_id=75fa41f3-5f70-47c4-87b4-15fcb29d7b3c,1003397938708878916,"1 single bed
1 single bed",N/A,"KSh 3,096",N/A,2 nights,N/A,N/A,N/A,4,2025-09-28 13:15:43,"Mombasa
_
_
Guest favorite
Guest favorite
Apartment in Mombasa
KSh 4",https://www.airbnb.com/s/Mombasa/homes?place_id=ChIJM45ffcMMQBgRLEF4BSSBr7A&refinement_paths%5B%5D=%2Fhomes&flexible_trip_lengths%5B%5D=weekend_trip&date_picker_type=FLEXIBLE_DATES&search_type=HOMEPAGE_CAROUSEL_CLICK,3
card-container,Apartment in Mombasa,Sea view apartment in nyali,https://www.airbnb.com/rooms/568047564252943785?search_mode=regular_search&adults=1&check_in=2026-01-23&check_out=2026-01-25&children=0&infants=0&pets=0&source_impression_id=p3_1759054542_P3Jm7XLBqrOf6fiy&previous_page_section_name=1000&federated_search_id=75fa41f3-5f70-47c4-87b4-15fcb29d7b3c,568047564252943785,"3 bedrooms
3 bedrooms
5 beds
,
 · 5 beds","Jan 23 – 25
Jan 23 – 25","KSh 15,310",N/A,2 nights,N/A,N/A,N/A,4,2025-09-28 13:15:43,"Mombasa
_
_
Guest favorite
Guest favorite
Apartment in Mombasa
KSh 4",https://www.airbnb.com/s/Mombasa/homes?place_id=ChIJM45ffcMMQBgRLEF4BSSBr7A&refinement_paths%5B%5D=%2Fhomes&flexible_trip_lengths%5B%5D=weekend_trip&date_picker_type=FLEXIBLE_DATES&search_type=HOMEPAGE_CAROUSEL_CLICK,3
card-container,Apartment in Mombasa,"Elegant 1BR, Pool, WIFI, Walk to Beach in Shanzu",https://www.airbnb.com/rooms/1112207292068316452?search_mode=regular_search&adults=1&check_in=2026-04-24&check_out=2026-04-26&children=0&infants=0&pets=0&source_impression_id=p3_1759054542_P3inRYdAabxFzSyF&previous_page_section_name=1000&federated_search_id=75fa41f3-5f70-47c4-87b4-15fcb29d7b3c,1112207292068316452,"1 bedroom
1 bedroom
1 bed
,
 · 1 bed",N/A,"KSh 11,776",N/A,2 nights,N/A,N/A,N/A,4,2025-09-28 13:15:43,"Mombasa
_
_
Guest favorite
Guest favorite
Apartment in Mombasa
KSh 4",https://www.airbnb.com/s/Mombasa/homes?place_id=ChIJM45ffcMMQBgRLEF4BSSBr7A&refinement_paths%5B%5D=%2Fhomes&flexible_trip_lengths%5B%5D=weekend_trip&date_picker_type=FLEXIBLE_DATES&search_type=HOMEPAGE_CAROUSEL_CLICK,3
card-container,Apartment in Mombasa,"Seaview Penthouse9, AC, Rooftop Pool, Lift,Ensuite",https://www.airbnb.com/rooms/1420956119674013572?search_mode=regular_search&adults=1&check_in=2025-10-31&check_out=2025-11-02&children=0&infants=0&pets=0&source_impression_id=p3_1759054542_P3XkwtUYaKmg-Sa5&previous_page_section_name=1000&federated_search_id=75fa41f3-5f70-47c4-87b4-15fcb29d7b3c,1420956119674013572,"3 bedrooms
3 bedrooms
4 beds
,
 · 4 beds","Oct 31 – Nov 2
Oct 31 – Nov 2","KSh 23,554",N/A,2 nights,N/A,N/A,N/A,4,2025-09-28 13:15:43,"Mombasa
_
_
Guest favorite
Guest favorite
Apartment in Mombasa
KSh 4",https://www.airbnb.com/s/Mombasa/homes?place_id=ChIJM45ffcMMQBgRLEF4BSSBr7A&refinement_paths%5B%5D=%2Fhomes&flexible_trip_lengths%5B%5D=weekend_trip&date_picker_type=FLEXIBLE_DATES&search_type=HOMEPAGE_CAROUSEL_CLICK,3
card-container,Guest suite in Mombasa,ZaNaKri Homes ;A hip getaway in the heart of Nyali,https://www.airbnb.com/rooms/47086647?search_mode=regular_search&adults=1&check_in=2025-10-24&check_out=2025-10-26&children=0&infants=0&pets=0&source_impression_id=p3_1759054542_P34o-SBn7uS8aQMZ&previous_page_section_name=1000&federated_search_id=75fa41f3-5f70-47c4-87b4-15fcb29d7b3c,47086647,"1 bedroom
1 bedroom
1 queen bed
,
 · 1 queen bed","Oct 24 – 26
Oct 24 – 26","KSh 4,417",N/A,2 nights,N/A,N/A,N/A,4,2025-09-28 13:15:43,"Mombasa
_
_
Guest favorite
Guest favorite
Apartment in Mombasa
KSh 4",https://www.airbnb.com/s/Mombasa/homes?place_id=ChIJM45ffcMMQBgRLEF4BSSBr7A&refinement_paths%5B%5D=%2Fhomes&flexible_trip_lengths%5B%5D=weekend_trip&date_picker_type=FLEXIBLE_DATES&search_type=HOMEPAGE_CAROUSEL_CLICK,3
card-container,Apartment in Mombasa,Luxurious 3br beach apartment,https://www.airbnb.com/rooms/1334585545096589867?search_mode=regular_search&adults=1&check_in=2026-03-13&check_out=2026-03-15&children=0&infants=0&pets=0&source_impression_id=p3_1759054542_P3Gl1uhgAYFUFodk&previous_page_section_name=1000&federated_search_id=75fa41f3-5f70-47c4-87b4-15fcb29d7b3c,1334585545096589867,"3 bedrooms
3 bedrooms
5 beds
,
 · 5 beds","Mar 13 – 15
Mar 13 – 15","KSh 47,696",N/A,2 nights,N/A,N/A,N/A,4,2025-09-28 13:15:43,"Mombasa
_
_
Guest favorite
Guest favorite
Apartment in Mombasa
KSh 4",https://www.airbnb.com/s/Mombasa/homes?place_id=ChIJM45ffcMMQBgRLEF4BSSBr7A&refinement_paths%5B%5D=%2Fhomes&flexible_trip_lengths%5B%5D=weekend_trip&date_picker_type=FLEXIBLE_DATES&search_type=HOMEPAGE_CAROUSEL_CLICK,3
card-container,Apartment in Mombasa,Oceanview One Bedroom Apartment,https://www.airbnb.com/rooms/1013891680567866585?search_mode=regular_search&adults=1&check_in=2026-03-06&check_out=2026-03-08&children=0&infants=0&pets=0&source_impression_id=p3_1759054542_P3CLIn5zH3Ki2ss3&previous_page_section_name=1000&federated_search_id=75fa41f3-5f70-47c4-87b4-15fcb29d7b3c,1013891680567866585,"Oceanview One Bedroom Apartment | 1 bedroom
1 bedroom
1 king bed
,
 · 1 king bed","Mar 6 – 8
Mar 6 – 8","KSh 22,082",N/A,2 nights,N/A,N/A,N/A,4,2025-09-28 13:15:43,"Mombasa
_
_
Guest favorite
Guest favorite
Apartment in Mombasa
KSh 4",https://www.airbnb.com/s/Mombasa/homes?place_id=ChIJM45ffcMMQBgRLEF4BSSBr7A&refinement_paths%5B%5D=%2Fhomes&flexible_trip_lengths%5B%5D=weekend_trip&date_picker_type=FLEXIBLE_DATES&search_type=HOMEPAGE_CAROUSEL_CLICK,3
card-container,Guesthouse in Mombasa,Clean Cottage with Pool Next To The Beach,https://www.airbnb.com/rooms/1016641119940206643?search_mode=regular_search&adults=1&check_in=2025-11-28&check_out=2025-11-30&children=0&infants=0&pets=0&source_impression_id=p3_1759054542_P3F7OfCe8Fo3TXpj&previous_page_section_name=1000&federated_search_id=75fa41f3-5f70-47c4-87b4-15fcb29d7b3c,1016641119940206643,"3 bedrooms
3 bedrooms
5 beds
,
 · 5 beds","Nov 28 – 30
Nov 28 – 30","KSh 11,776",N/A,2 nights,N/A,N/A,N/A,4,2025-09-28 13:15:43,"Mombasa
_
_
Guest favorite
Guest favorite
Apartment in Mombasa
KSh 4",https://www.airbnb.com/s/Mombasa/homes?place_id=ChIJM45ffcMMQBgRLEF4BSSBr7A&refinement_paths%5B%5D=%2Fhomes&flexible_trip_lengths%5B%5D=weekend_trip&date_picker_type=FLEXIBLE_DATES&search_type=HOMEPAGE_CAROUSEL_CLICK,3
card-container,Apartment in Mombasa,Casa Fahy Nyali links road,https://www.airbnb.com/rooms/1083422482652587059?search_mode=regular_search&adults=1&check_in=2026-06-19&check_out=2026-06-21&children=0&infants=0&pets=0&source_impression_id=p3_1759054542_P3iIrx0DTw3Cr9pk&previous_page_section_name=1000&federated_search_id=75fa41f3-5f70-47c4-87b4-15fcb29d7b3c,1083422482652587059,"1 bedroom
1 bedroom
1 bed
,
 · 1 bed",N/A,"KSh 6,920",N/A,2 nights,N/A,N/A,N/A,4,2025-09-28 13:15:44,"Mombasa
_
_
Guest favorite
Guest favorite
Apartment in Mombasa
KSh 4",https://www.airbnb.com/s/Mombasa/homes?place_id=ChIJM45ffcMMQBgRLEF4BSSBr7A&refinement_paths%5B%5D=%2Fhomes&flexible_trip_lengths%5B%5D=weekend_trip&date_picker_type=FLEXIBLE_DATES&search_type=HOMEPAGE_CAROUSEL_CLICK,3
card-container,Condo in Nyali,"Luxurious ocean breeze 2 Bdrm Apt W/ Pool,AC &Gym",https://www.airbnb.com/rooms/602929194469458015?search_mode=regular_search&adults=1&check_in=2026-05-29&check_out=2026-05-31&children=0&infants=0&pets=0&source_impression_id=p3_1759054542_P3nhsYCoN1RXbKDQ&previous_page_section_name=1000&federated_search_id=75fa41f3-5f70-47c4-87b4-15fcb29d7b3c,602929194469458015,"2 bedrooms
2 bedrooms
2 queen beds
,
 · 2 queen beds",N/A,"KSh 25,026",N/A,2 nights,N/A,N/A,N/A,4,2025-09-28 13:15:44,"Mombasa
_
_
Guest favorite
Guest favorite
Apartment in Mombasa
KSh 4",https://www.airbnb.com/s/Mombasa/homes?place_id=ChIJM45ffcMMQBgRLEF4BSSBr7A&refinement_paths%5B%5D=%2Fhomes&flexible_trip_lengths%5B%5D=weekend_trip&date_picker_type=FLEXIBLE_DATES&search_type=HOMEPAGE_CAROUSEL_CLICK,3
card-container,Apartment in Mombasa,Beach Front Cottage - 3 Bedroom,https://www.airbnb.com/rooms/1413672438314636636?search_mode=regular_search&adults=1&check_in=2025-12-19&check_out=2025-12-21&children=0&infants=0&pets=0&source_impression_id=p3_1759054542_P38s1yov5BBT_AdR&previous_page_section_name=1000&federated_search_id=75fa41f3-5f70-47c4-87b4-15fcb29d7b3c,1413672438314636636,"Beach Front Cottage - 3 Bedroom | 3 bedrooms
3 bedrooms
3 beds
,
 · 3 beds","Dec 19 – 21
Dec 19 – 21","KSh 45,635",N/A,2 nights,N/A,N/A,N/A,4,2025-09-28 13:15:44,"Mombasa
_
_
Guest favorite
Guest favorite
Apartment in Mombasa
KSh 4",https://www.airbnb.com/s/Mombasa/homes?place_id=ChIJM45ffcMMQBgRLEF4BSSBr7A&refinement_paths%5B%5D=%2Fhomes&flexible_trip_lengths%5B%5D=weekend_trip&date_picker_type=FLEXIBLE_DATES&search_type=HOMEPAGE_CAROUSEL_CLICK,3
card-container,Apartment in Mombasa,Luxurious 3br beach apartment,https://www.airbnb.com/rooms/1334585545096589867?search_mode=regular_search&adults=1&check_in=2026-03-13&check_out=2026-03-15&children=0&infants=0&pets=0&source_impression_id=p3_1759054545_P35ktlBfA9YGUkhi&previous_page_section_name=1000&federated_search_id=768ba19f-3929-4e40-b118-2c74928db492,1334585545096589867,"3 bedrooms
3 bedrooms
5 beds
,
 · 5 beds","Mar 13 – 15
Mar 13 – 15","KSh 47,696",N/A,2 nights,N/A,N/A,N/A,5,2025-09-28 13:15:47,"Mombasa
_
_
Guest favorite
Guest favorite
Apartment in Mombasa
KSh 4",https://www.airbnb.com/s/Mombasa/homes?place_id=ChIJM45ffcMMQBgRLEF4BSSBr7A&refinement_paths%5B%5D=%2Fhomes&flexible_trip_lengths%5B%5D=weekend_trip&date_picker_type=FLEXIBLE_DATES&search_type=HOMEPAGE_CAROUSEL_CLICK,3
card-container,Condo in Nyali,"Luxurious ocean breeze 2 Bdrm Apt W/ Pool,AC &Gym",https://www.airbnb.com/rooms/602929194469458015?search_mode=regular_search&adults=1&check_in=2026-05-29&check_out=2026-05-31&children=0&infants=0&pets=0&source_impression_id=p3_1759054545_P3JoZN9F7R6VRRCj&previous_page_section_name=1000&federated_search_id=768ba19f-3929-4e40-b118-2c74928db492,602929194469458015,"2 bedrooms
2 bedrooms
2 queen beds
,
 · 2 queen beds",N/A,"KSh 25,026",N/A,2 nights,N/A,N/A,N/A,5,2025-09-28 13:15:47,"Mombasa
_
_
Guest favorite
Guest favorite
Apartment in Mombasa
KSh 4",https://www.airbnb.com/s/Mombasa/homes?place_id=ChIJM45ffcMMQBgRLEF4BSSBr7A&refinement_paths%5B%5D=%2Fhomes&flexible_trip_lengths%5B%5D=weekend_trip&date_picker_type=FLEXIBLE_DATES&search_type=HOMEPAGE_CAROUSEL_CLICK,3
card-container,Apartment in Mombasa,Beach Front Cottage - 3 Bedroom,https://www.airbnb.com/rooms/1413672438314636636?search_mode=regular_search&adults=1&check_in=2025-12-19&check_out=2025-12-21&children=0&infants=0&pets=0&source_impression_id=p3_1759054545_P3irt6yiB5gqDXC3&previous_page_section_name=1000&federated_search_id=768ba19f-3929-4e40-b118-2c74928db492,1413672438314636636,"Beach Front Cottage - 3 Bedroom | 3 bedrooms
3 bedrooms
3 beds
,
 · 3 beds","Dec 19 – 21
Dec 19 – 21","KSh 45,635",N/A,2 nights,N/A,N/A,N/A,5,2025-09-28 13:15:47,"Mombasa
_
_
Guest favorite
Guest favorite
Apartment in Mombasa
KSh 4",https://www.airbnb.com/s/Mombasa/homes?place_id=ChIJM45ffcMMQBgRLEF4BSSBr7A&refinement_paths%5B%5D=%2Fhomes&flexible_trip_lengths%5B%5D=weekend_trip&date_picker_type=FLEXIBLE_DATES&search_type=HOMEPAGE_CAROUSEL_CLICK,3
card-container,Apartment in Mombasa,"Flora Apartment, Bamburi, Lisah 07051996&88",https://www.airbnb.com/rooms/1411043713660117696?search_mode=regular_search&adults=1&check_in=2025-11-07&check_out=2025-11-09&children=0&infants=0&pets=0&source_impression_id=p3_1759054545_P3tHuSzpoL-kTjtb&previous_page_section_name=1000&federated_search_id=768ba19f-3929-4e40-b118-2c74928db492,1411043713660117696,"1 bedroom
1 bedroom
1 bed
,
 · 1 bed","Nov 7 – 9
Nov 7 – 9","KSh 7,949",N/A,2 nights,N/A,N/A,N/A,5,2025-09-28 13:15:47,"Mombasa
_
_
Guest favorite
Guest favorite
Apartment in Mombasa
KSh 4",https://www.airbnb.com/s/Mombasa/homes?place_id=ChIJM45ffcMMQBgRLEF4BSSBr7A&refinement_paths%5B%5D=%2Fhomes&flexible_trip_lengths%5B%5D=weekend_trip&date_picker_type=FLEXIBLE_DATES&search_type=HOMEPAGE_CAROUSEL_CLICK,3
card-container,Apartment in Mtwapa,Amani Eco Retreat,https://www.airbnb.com/rooms/3073743?search_mode=regular_search&adults=1&check_in=2026-06-12&check_out=2026-06-14&children=0&infants=0&pets=0&source_impression_id=p3_1759054545_P38WLawRj66fj2lP&previous_page_section_name=1000&federated_search_id=768ba19f-3929-4e40-b118-2c74928db492,3073743,"2 bedrooms
2 bedrooms
3 beds
,
 · 3 beds",N/A,"KSh 19,644",N/A,2 nights,N/A,N/A,N/A,5,2025-09-28 13:15:47,"Mombasa
_
_
Guest favorite
Guest favorite
Apartment in Mombasa
KSh 4",https://www.airbnb.com/s/Mombasa/homes?place_id=ChIJM45ffcMMQBgRLEF4BSSBr7A&refinement_paths%5B%5D=%2Fhomes&flexible_trip_lengths%5B%5D=weekend_trip&date_picker_type=FLEXIBLE_DATES&search_type=HOMEPAGE_CAROUSEL_CLICK,3
card-container,Apartment in Mombasa,AHA Luxe Living Modern apartment with sea view.,https://www.airbnb.com/rooms/1085384276498910743?search_mode=regular_search&adults=1&check_in=2026-07-24&check_out=2026-07-26&children=0&infants=0&pets=0&source_impression_id=p3_1759054545_P3-Kz7qxIHpxeFDm&previous_page_section_name=1000&federated_search_id=768ba19f-3929-4e40-b118-2c74928db492,1085384276498910743,"2 bedrooms
2 bedrooms
3 beds
,
 · 3 beds",N/A,"KSh 10,304",N/A,2 nights,N/A,N/A,N/A,5,2025-09-28 13:15:47,"Mombasa
_
_
Guest favorite
Guest favorite
Apartment in Mombasa
KSh 4",https://www.airbnb.com/s/Mombasa/homes?place_id=ChIJM45ffcMMQBgRLEF4BSSBr7A&refinement_paths%5B%5D=%2Fhomes&flexible_trip_lengths%5B%5D=weekend_trip&date_picker_type=FLEXIBLE_DATES&search_type=HOMEPAGE_CAROUSEL_CLICK,3
card-container,Condo in Mombasa,Whimsical Wanderlust near Sarova Whitesands,https://www.airbnb.com/rooms/1039561213812620810?search_mode=regular_search&adults=1&check_in=2026-02-13&check_out=2026-02-15&children=0&infants=0&pets=0&source_impression_id=p3_1759054545_P3kB_-A_io5RLmgV&previous_page_section_name=1000&federated_search_id=768ba19f-3929-4e40-b118-2c74928db492,1039561213812620810,"2 bedrooms
2 bedrooms
3 beds
,
 · 3 beds","Feb 13 – 15
Feb 13 – 15","KSh 24,806",N/A,2 nights,N/A,N/A,N/A,5,2025-09-28 13:15:47,"Mombasa
_
_
Guest favorite
Guest favorite
Apartment in Mombasa
KSh 4",https://www.airbnb.com/s/Mombasa/homes?place_id=ChIJM45ffcMMQBgRLEF4BSSBr7A&refinement_paths%5B%5D=%2Fhomes&flexible_trip_lengths%5B%5D=weekend_trip&date_picker_type=FLEXIBLE_DATES&search_type=HOMEPAGE_CAROUSEL_CLICK,3
card-container,Apartment in Mombasa,Lobster Loft Ocean View 1 BR Penthouse with Pool,https://www.airbnb.com/rooms/1424065287289249091?search_mode=regular_search&adults=1&check_in=2026-01-30&check_out=2026-02-01&children=0&infants=0&pets=0&source_impression_id=p3_1759054545_P3MRjPTHZuiWHNwV&previous_page_section_name=1000&federated_search_id=768ba19f-3929-4e40-b118-2c74928db492,1424065287289249091,"1 bedroom
1 bedroom
1 king bed
,
 · 1 king bed","Jan 30 – Feb 1
Jan 30 – Feb 1","KSh 26,498",N/A,2 nights,N/A,N/A,N/A,5,2025-09-28 13:15:47,"Mombasa
_
_
Guest favorite
Guest favorite
Apartment in Mombasa
KSh 4",https://www.airbnb.com/s/Mombasa/homes?place_id=ChIJM45ffcMMQBgRLEF4BSSBr7A&refinement_paths%5B%5D=%2Fhomes&flexible_trip_lengths%5B%5D=weekend_trip&date_picker_type=FLEXIBLE_DATES&search_type=HOMEPAGE_CAROUSEL_CLICK,3
card-container,Home in Mombasa,"Nyali Haven0: AC,Washer&Dryer, HotShower nearBeach",https://www.airbnb.com/rooms/1434444893704268746?search_mode=regular_search&adults=1&check_in=2026-03-20&check_out=2026-03-22&children=0&infants=0&pets=0&source_impression_id=p3_1759054545_P32-WIVKtObKSja3&previous_page_section_name=1000&federated_search_id=768ba19f-3929-4e40-b118-2c74928db492,1434444893704268746,"1 bedroom
1 bedroom
1 bed
,
 · 1 bed","Mar 20 – 22
Mar 20 – 22","KSh 11,776",N/A,2 nights,N/A,N/A,N/A,5,2025-09-28 13:15:48,"Mombasa
_
_
Guest favorite
Guest favorite
Apartment in Mombasa
KSh 4",https://www.airbnb.com/s/Mombasa/homes?place_id=ChIJM45ffcMMQBgRLEF4BSSBr7A&refinement_paths%5B%5D=%2Fhomes&flexible_trip_lengths%5B%5D=weekend_trip&date_picker_type=FLEXIBLE_DATES&search_type=HOMEPAGE_CAROUSEL_CLICK,3
card-container,Apartment in Mombasa,"1Br Nyali/walk to beach,mall/wifi/hotshower/washer",https://www.airbnb.com/rooms/1274642053588988986?search_mode=regular_search&adults=1&check_in=2026-02-06&check_out=2026-02-08&children=0&infants=0&pets=0&source_impression_id=p3_1759054545_P3CF58rsSOLbBSo5&previous_page_section_name=1000&federated_search_id=768ba19f-3929-4e40-b118-2c74928db492,1274642053588988986,"1 bedroom
1 bedroom
1 queen bed
,
 · 1 queen bed","Feb 6 – 8
Feb 6 – 8","KSh 10,599",N/A,2 nights,N/A,N/A,N/A,5,2025-09-28 13:15:48,"Mombasa
_
_
Guest favorite
Guest favorite
Apartment in Mombasa
KSh 4",https://www.airbnb.com/s/Mombasa/homes?place_id=ChIJM45ffcMMQBgRLEF4BSSBr7A&refinement_paths%5B%5D=%2Fhomes&flexible_trip_lengths%5B%5D=weekend_trip&date_picker_type=FLEXIBLE_DATES&search_type=HOMEPAGE_CAROUSEL_CLICK,3
card-container,Apartment in Mombasa,Casa Clara Nyali links road.,https://www.airbnb.com/rooms/1144886467523298197?search_mode=regular_search&adults=1&check_in=2025-10-17&check_out=2025-10-19&children=0&infants=0&pets=0&source_impression_id=p3_1759054545_P3sFNdaDXKTm6OQo&previous_page_section_name=1000&federated_search_id=768ba19f-3929-4e40-b118-2c74928db492,1144886467523298197,"1 bedroom
1 bedroom
1 bed
,
 · 1 bed","Oct 17 – 19
Oct 17 – 19","KSh 7,361",N/A,2 nights,N/A,N/A,N/A,5,2025-09-28 13:15:48,"Mombasa
_
_
Guest favorite
Guest favorite
Apartment in Mombasa
KSh 4",https://www.airbnb.com/s/Mombasa/homes?place_id=ChIJM45ffcMMQBgRLEF4BSSBr7A&refinement_paths%5B%5D=%2Fhomes&flexible_trip_lengths%5B%5D=weekend_trip&date_picker_type=FLEXIBLE_DATES&search_type=HOMEPAGE_CAROUSEL_CLICK,3
card-container,Apartment in Mombasa,2 Bedroom Bright Cozy Homes,https://www.airbnb.com/rooms/1374466449827445565?search_mode=regular_search&adults=1&check_in=2026-09-18&check_out=2026-09-20&children=0&infants=0&pets=0&source_impression_id=p3_1759054545_P3sHQOZJEzR3vTJW&previous_page_section_name=1000&federated_search_id=768ba19f-3929-4e40-b118-2c74928db492,1374466449827445565,"2 Bedroom Bright Cozy Homes | 2 bedrooms
2 bedrooms
2 beds
,
 · 2 beds",N/A,"KSh 9,422",N/A,2 nights,N/A,N/A,N/A,5,2025-09-28 13:15:48,"Mombasa
_
_
Guest favorite
Guest favorite
Apartment in Mombasa
KSh 4",https://www.airbnb.com/s/Mombasa/homes?place_id=ChIJM45ffcMMQBgRLEF4BSSBr7A&refinement_paths%5B%5D=%2Fhomes&flexible_trip_lengths%5B%5D=weekend_trip&date_picker_type=FLEXIBLE_DATES&search_type=HOMEPAGE_CAROUSEL_CLICK,3
card-container,Condo in Mombasa,Luxury Beachfront Nyali Penthouse Pool + Gym + AC7,https://www.airbnb.com/rooms/1157975653474989863?search_mode=regular_search&adults=1&check_in=2025-10-17&check_out=2025-10-19&children=0&infants=0&pets=0&source_impression_id=p3_1759054545_P3eJBzx5KwJkhDl4&previous_page_section_name=1000&federated_search_id=768ba19f-3929-4e40-b118-2c74928db492,1157975653474989863,"4 bedrooms
4 bedrooms
5 beds
,
 · 5 beds","Oct 17 – 19
Oct 17 – 19","KSh 52,996",N/A,2 nights,N/A,N/A,N/A,5,2025-09-28 13:15:48,"Mombasa
_
_
Guest favorite
Guest favorite
Apartment in Mombasa
KSh 4",https://www.airbnb.com/s/Mombasa/homes?place_id=ChIJM45ffcMMQBgRLEF4BSSBr7A&refinement_paths%5B%5D=%2Fhomes&flexible_trip_lengths%5B%5D=weekend_trip&date_picker_type=FLEXIBLE_DATES&search_type=HOMEPAGE_CAROUSEL_CLICK,3
card-container,Apartment in Mombasa,"Boho 1BR, Pool,WiFi, Walk to BEACH -Shanzu /GoKart",https://www.airbnb.com/rooms/1104963590864846508?search_mode=regular_search&adults=1&check_in=2026-05-15&check_out=2026-05-17&children=0&infants=0&pets=0&source_impression_id=p3_1759054545_P3Mtmox3naP7tQBy&previous_page_section_name=1000&federated_search_id=768ba19f-3929-4e40-b118-2c74928db492,1104963590864846508,"1 bedroom
1 bedroom
1 bed
,
 · 1 bed",N/A,"KSh 12,072",N/A,2 nights,N/A,N/A,N/A,5,2025-09-28 13:15:48,"Mombasa
_
_
Guest favorite
Guest favorite
Apartment in Mombasa
KSh 4",https://www.airbnb.com/s/Mombasa/homes?place_id=ChIJM45ffcMMQBgRLEF4BSSBr7A&refinement_paths%5B%5D=%2Fhomes&flexible_trip_lengths%5B%5D=weekend_trip&date_picker_type=FLEXIBLE_DATES&search_type=HOMEPAGE_CAROUSEL_CLICK,3
card-container,Apartment in Mombasa,Bamburi Beach View Apartment,https://www.airbnb.com/rooms/998991882367225047?search_mode=regular_search&adults=1&check_in=2026-06-12&check_out=2026-06-14&children=0&infants=0&pets=0&source_impression_id=p3_1759054545_P3EkuOEK71TtGb6e&previous_page_section_name=1000&federated_search_id=768ba19f-3929-4e40-b118-2c74928db492,998991882367225047,"1 bed
1 bed",N/A,"KSh 4,711",N/A,2 nights,N/A,N/A,N/A,5,2025-09-28 13:15:48,"Mombasa
_
_
Guest favorite
Guest favorite
Apartment in Mombasa
KSh 4",https://www.airbnb.com/s/Mombasa/homes?place_id=ChIJM45ffcMMQBgRLEF4BSSBr7A&refinement_paths%5B%5D=%2Fhomes&flexible_trip_lengths%5B%5D=weekend_trip&date_picker_type=FLEXIBLE_DATES&search_type=HOMEPAGE_CAROUSEL_CLICK,3
card-container,Apartment in Mombasa,Bamburi Roof Top Studio (Behind Total),https://www.airbnb.com/rooms/1472588360218244999?search_mode=regular_search&adults=1&check_in=2026-02-13&check_out=2026-02-15&children=0&infants=0&pets=0&source_impression_id=p3_1759054545_P3dU-wPz4bVpVgJN&previous_page_section_name=1000&federated_search_id=768ba19f-3929-4e40-b118-2c74928db492,1472588360218244999,"1 bedroom
1 bedroom
1 bed
,
 · 1 bed","Feb 13 – 15
Feb 13 – 15","KSh 3,533",N/A,2 nights,N/A,N/A,N/A,5,2025-09-28 13:15:48,"Mombasa
_
_
Guest favorite
Guest favorite
Apartment in Mombasa
KSh 4",https://www.airbnb.com/s/Mombasa/homes?place_id=ChIJM45ffcMMQBgRLEF4BSSBr7A&refinement_paths%5B%5D=%2Fhomes&flexible_trip_lengths%5B%5D=weekend_trip&date_picker_type=FLEXIBLE_DATES&search_type=HOMEPAGE_CAROUSEL_CLICK,3
card-container,Apartment in Mombasa,Truly Haven Beach Apartment. (Duplex),https://www.airbnb.com/rooms/36384010?search_mode=regular_search&adults=1&check_in=2026-08-28&check_out=2026-08-30&children=0&infants=0&pets=0&source_impression_id=p3_1759054545_P348Suy6c-5VaaoQ&previous_page_section_name=1000&federated_search_id=768ba19f-3929-4e40-b118-2c74928db492,36384010,"1 bedroom
1 bedroom
2 beds
,
 · 2 beds",N/A,"KSh 16,193",N/A,2 nights,N/A,N/A,N/A,5,2025-09-28 13:15:48,"Mombasa
_
_
Guest favorite
Guest favorite
Apartment in Mombasa
KSh 4",https://www.airbnb.com/s/Mombasa/homes?place_id=ChIJM45ffcMMQBgRLEF4BSSBr7A&refinement_paths%5B%5D=%2Fhomes&flexible_trip_lengths%5B%5D=weekend_trip&date_picker_type=FLEXIBLE_DATES&search_type=HOMEPAGE_CAROUSEL_CLICK,3
card-container,Apartment in Mombasa,"OCEAN-VIEW Studio,Pool,near PrideInn-AC EXTRA COST",https://www.airbnb.com/rooms/1263481863266433791?search_mode=regular_search&adults=1&check_in=2026-02-13&check_out=2026-02-15&children=0&infants=0&pets=0&source_impression_id=p3_1759054545_P3YGdv5MrpwDJJ0E&previous_page_section_name=1000&federated_search_id=768ba19f-3929-4e40-b118-2c74928db492,1263481863266433791,"1 bed
1 bed","Feb 13 – 15
Feb 13 – 15","KSh 11,776",N/A,2 nights,N/A,N/A,N/A,5,2025-09-28 13:15:48,"Mombasa
_
_
Guest favorite
Guest favorite
Apartment in Mombasa
KSh 4",https://www.airbnb.com/s/Mombasa/homes?place_id=ChIJM45ffcMMQBgRLEF4BSSBr7A&refinement_paths%5B%5D=%2Fhomes&flexible_trip_lengths%5B%5D=weekend_trip&date_picker_type=FLEXIBLE_DATES&search_type=HOMEPAGE_CAROUSEL_CLICK,3
card-container,Condo in Mombasa,"Clean & Co️mfy Designer Studio, Fast Wi-Fi, Netflx",https://www.airbnb.com/rooms/41245448?search_mode=regular_search&adults=1&check_in=2026-04-10&check_out=2026-04-12&children=0&infants=0&pets=0&source_impression_id=p3_1759054549_P3xrcLVbV9LOzE2n&previous_page_section_name=1000&federated_search_id=49a89fb0-f1f0-4a9e-bb39-464102439cd1,41245448,"1 bedroom
1 bedroom
1 queen bed
,
 · 1 queen bed",N/A,"KSh 7,214",N/A,2 nights,N/A,N/A,N/A,6,2025-09-28 13:15:51,"Mombasa
_
_
Guest favorite
Guest favorite
Apartment in Mombasa
KSh 4",https://www.airbnb.com/s/Mombasa/homes?place_id=ChIJM45ffcMMQBgRLEF4BSSBr7A&refinement_paths%5B%5D=%2Fhomes&flexible_trip_lengths%5B%5D=weekend_trip&date_picker_type=FLEXIBLE_DATES&search_type=HOMEPAGE_CAROUSEL_CLICK,3
card-container,Apartment in Mombasa,Spacious studio in Nyali califf,https://www.airbnb.com/rooms/1395647305633580087?search_mode=regular_search&adults=1&check_in=2026-05-01&check_out=2026-05-03&children=0&infants=0&pets=0&source_impression_id=p3_1759054549_P3cxieoup25ABSxl&previous_page_section_name=1000&federated_search_id=49a89fb0-f1f0-4a9e-bb39-464102439cd1,1395647305633580087,"1 bedroom
1 bedroom
1 bed
,
 · 1 bed",N/A,"KSh 7,067",N/A,2 nights,N/A,N/A,N/A,6,2025-09-28 13:15:51,"Mombasa
_
_
Guest favorite
Guest favorite
Apartment in Mombasa
KSh 4",https://www.airbnb.com/s/Mombasa/homes?place_id=ChIJM45ffcMMQBgRLEF4BSSBr7A&refinement_paths%5B%5D=%2Fhomes&flexible_trip_lengths%5B%5D=weekend_trip&date_picker_type=FLEXIBLE_DATES&search_type=HOMEPAGE_CAROUSEL_CLICK,3
card-container,Condo in Mombasa,"Aqua Nyali, 3BR Opposite Beach",https://www.airbnb.com/rooms/1014459651939990204?search_mode=regular_search&adults=1&check_in=2025-11-21&check_out=2025-11-23&children=0&infants=0&pets=0&source_impression_id=p3_1759054549_P3nIwD4gSVQ6AAfE&previous_page_section_name=1000&federated_search_id=49a89fb0-f1f0-4a9e-bb39-464102439cd1,1014459651939990204,"3 bedrooms
3 bedrooms
4 beds
,
 · 4 beds","Nov 21 – 23
Nov 21 – 23","KSh 35,330",N/A,2 nights,N/A,N/A,N/A,6,2025-09-28 13:15:51,"Mombasa
_
_
Guest favorite
Guest favorite
Apartment in Mombasa
KSh 4",https://www.airbnb.com/s/Mombasa/homes?place_id=ChIJM45ffcMMQBgRLEF4BSSBr7A&refinement_paths%5B%5D=%2Fhomes&flexible_trip_lengths%5B%5D=weekend_trip&date_picker_type=FLEXIBLE_DATES&search_type=HOMEPAGE_CAROUSEL_CLICK,3
card-container,Condo in Mombasa,Luxurious 2 BR with Ocean view,https://www.airbnb.com/rooms/1076844009627603259?search_mode=regular_search&adults=1&check_in=2026-03-13&check_out=2026-03-15&children=0&infants=0&pets=0&source_impression_id=p3_1759054549_P3GDoiapGXV8obLv&previous_page_section_name=1000&federated_search_id=49a89fb0-f1f0-4a9e-bb39-464102439cd1,1076844009627603259,"2 bedrooms
2 bedrooms
3 beds
,
 · 3 beds","Mar 13 – 15
Mar 13 – 15","KSh 24,438",N/A,2 nights,N/A,N/A,N/A,6,2025-09-28 13:15:52,"Mombasa
_
_
Guest favorite
Guest favorite
Apartment in Mombasa
KSh 4",https://www.airbnb.com/s/Mombasa/homes?place_id=ChIJM45ffcMMQBgRLEF4BSSBr7A&refinement_paths%5B%5D=%2Fhomes&flexible_trip_lengths%5B%5D=weekend_trip&date_picker_type=FLEXIBLE_DATES&search_type=HOMEPAGE_CAROUSEL_CLICK,3
card-container,Apartment in Mombasa,Kheyre Nyali Ocean View Studio Apartments,https://www.airbnb.com/rooms/1226960108758660121?search_mode=regular_search&adults=1&check_in=2026-02-27&check_out=2026-03-01&children=0&infants=0&pets=0&source_impression_id=p3_1759054549_P3WskngF9yDQoM7s&previous_page_section_name=1000&federated_search_id=49a89fb0-f1f0-4a9e-bb39-464102439cd1,1226960108758660121,"1 bedroom
1 bedroom
1 double bed
,
 · 1 double bed","Feb 27 – Mar 1
Feb 27 – Mar 1","KSh 8,833",N/A,2 nights,N/A,N/A,N/A,6,2025-09-28 13:15:52,"Mombasa
_
_
Guest favorite
Guest favorite
Apartment in Mombasa
KSh 4",https://www.airbnb.com/s/Mombasa/homes?place_id=ChIJM45ffcMMQBgRLEF4BSSBr7A&refinement_paths%5B%5D=%2Fhomes&flexible_trip_lengths%5B%5D=weekend_trip&date_picker_type=FLEXIBLE_DATES&search_type=HOMEPAGE_CAROUSEL_CLICK,3
card-container,Apartment in Mombasa,Alfajiri Haven Near Whitesands.,https://www.airbnb.com/rooms/1321595725898407997?search_mode=regular_search&adults=1&check_in=2026-09-25&check_out=2026-09-27&children=0&infants=0&pets=0&source_impression_id=p3_1759054549_P3BBqPyBt2yvFwF9&previous_page_section_name=1000&federated_search_id=49a89fb0-f1f0-4a9e-bb39-464102439cd1,1321595725898407997,"2 bedrooms
2 bedrooms
3 beds
,
 · 3 beds",N/A,"KSh 19,874",N/A,2 nights,N/A,N/A,N/A,6,2025-09-28 13:15:52,"Mombasa
_
_
Guest favorite
Guest favorite
Apartment in Mombasa
KSh 4",https://www.airbnb.com/s/Mombasa/homes?place_id=ChIJM45ffcMMQBgRLEF4BSSBr7A&refinement_paths%5B%5D=%2Fhomes&flexible_trip_lengths%5B%5D=weekend_trip&date_picker_type=FLEXIBLE_DATES&search_type=HOMEPAGE_CAROUSEL_CLICK,3
card-container,Apartment in Mombasa,2BR Apt| Pool | Gym | Hot shower| Central Msa,https://www.airbnb.com/rooms/1196990250543805416?search_mode=regular_search&adults=1&check_in=2025-10-03&check_out=2025-10-05&children=0&infants=0&pets=0&source_impression_id=p3_1759054549_P3YTVmhAyRXgy7sh&previous_page_section_name=1000&federated_search_id=49a89fb0-f1f0-4a9e-bb39-464102439cd1,1196990250543805416,"2 bedrooms
2 bedrooms
2 queen beds
,
 · 2 queen beds","Oct 3 – 5
Oct 3 – 5","KSh 12,478","KSh 12,478",2 nights,N/A,N/A,N/A,6,2025-09-28 13:15:52,"Mombasa
_
_
Guest favorite
Guest favorite
Apartment in Mombasa
KSh 4",https://www.airbnb.com/s/Mombasa/homes?place_id=ChIJM45ffcMMQBgRLEF4BSSBr7A&refinement_paths%5B%5D=%2Fhomes&flexible_trip_lengths%5B%5D=weekend_trip&date_picker_type=FLEXIBLE_DATES&search_type=HOMEPAGE_CAROUSEL_CLICK,3
card-container,Room in Mombasa,La Mera Beach Private Room B Front Shanzu Mombasa,https://www.airbnb.com/rooms/912730918491303030?search_mode=regular_search&adults=1&category_tag=Tag%3A8678&check_in=2026-02-06&check_out=2026-02-08&children=0&infants=0&pets=0&photo_id=1674803179&source_impression_id=p3_1759054549_P3S9X8Dbu0Ukk126&previous_page_section_name=1000&federated_search_id=49a89fb0-f1f0-4a9e-bb39-464102439cd1,912730918491303030,"2 double beds
2 double beds","Feb 6 – 8
Feb 6 – 8","KSh 14,448",N/A,2 nights,N/A,N/A,N/A,6,2025-09-28 13:15:52,"Mombasa
_
_
Guest favorite
Guest favorite
Apartment in Mombasa
KSh 4",https://www.airbnb.com/s/Mombasa/homes?place_id=ChIJM45ffcMMQBgRLEF4BSSBr7A&refinement_paths%5B%5D=%2Fhomes&flexible_trip_lengths%5B%5D=weekend_trip&date_picker_type=FLEXIBLE_DATES&search_type=HOMEPAGE_CAROUSEL_CLICK,3
card-container,Condo in Mombasa,Eden of Bamburi,https://www.airbnb.com/rooms/976406105797677450?search_mode=regular_search&adults=1&check_in=2026-03-06&check_out=2026-03-08&children=0&infants=0&pets=0&source_impression_id=p3_1759054549_P3B4gAYD9Q_NW7tf&previous_page_section_name=1000&federated_search_id=49a89fb0-f1f0-4a9e-bb39-464102439cd1,976406105797677450,"1 bed
1 bed","Mar 6 – 8
Mar 6 – 8","KSh 4,122",N/A,2 nights,N/A,N/A,N/A,6,2025-09-28 13:15:52,"Mombasa
_
_
Guest favorite
Guest favorite
Apartment in Mombasa
KSh 4",https://www.airbnb.com/s/Mombasa/homes?place_id=ChIJM45ffcMMQBgRLEF4BSSBr7A&refinement_paths%5B%5D=%2Fhomes&flexible_trip_lengths%5B%5D=weekend_trip&date_picker_type=FLEXIBLE_DATES&search_type=HOMEPAGE_CAROUSEL_CLICK,3
card-container,Apartment in Mombasa,The Penthouse loft Nyali W/AC,https://www.airbnb.com/rooms/949814550991726813?search_mode=regular_search&adults=1&check_in=2026-02-06&check_out=2026-02-08&children=0&infants=0&pets=0&source_impression_id=p3_1759054549_P3qsvaE7TVYUvy1L&previous_page_section_name=1000&federated_search_id=49a89fb0-f1f0-4a9e-bb39-464102439cd1,949814550991726813,"2 bedrooms
2 bedrooms
3 beds
,
 · 3 beds","Feb 6 – 8
Feb 6 – 8","KSh 12,940","KSh 12,940",2 nights,N/A,N/A,N/A,6,2025-09-28 13:15:52,"Mombasa
_
_
Guest favorite
Guest favorite
Apartment in Mombasa
KSh 4",https://www.airbnb.com/s/Mombasa/homes?place_id=ChIJM45ffcMMQBgRLEF4BSSBr7A&refinement_paths%5B%5D=%2Fhomes&flexible_trip_lengths%5B%5D=weekend_trip&date_picker_type=FLEXIBLE_DATES&search_type=HOMEPAGE_CAROUSEL_CLICK,3
card-container,Apartment in Mombasa,Malkia Homes (2) near Bamburi Pirates Beach,https://www.airbnb.com/rooms/1338092150272335553?search_mode=regular_search&adults=1&check_in=2026-04-17&check_out=2026-04-19&children=0&infants=0&pets=0&source_impression_id=p3_1759054549_P38S6EMfKf_M2rqx&previous_page_section_name=1000&federated_search_id=49a89fb0-f1f0-4a9e-bb39-464102439cd1,1338092150272335553,"1 bedroom
1 bedroom
1 queen bed
,
 · 1 queen bed",N/A,"KSh 5,593",N/A,2 nights,N/A,N/A,N/A,6,2025-09-28 13:15:52,"Mombasa
_
_
Guest favorite
Guest favorite
Apartment in Mombasa
KSh 4",https://www.airbnb.com/s/Mombasa/homes?place_id=ChIJM45ffcMMQBgRLEF4BSSBr7A&refinement_paths%5B%5D=%2Fhomes&flexible_trip_lengths%5B%5D=weekend_trip&date_picker_type=FLEXIBLE_DATES&search_type=HOMEPAGE_CAROUSEL_CLICK,3
card-container,Apartment in Mombasa,Cozy Studio in Bamburi,https://www.airbnb.com/rooms/1371812571352051549?search_mode=regular_search&adults=1&check_in=2026-05-15&check_out=2026-05-17&children=0&infants=0&pets=0&source_impression_id=p3_1759054549_P3KGmeYAkh0Dx-wu&previous_page_section_name=1000&federated_search_id=49a89fb0-f1f0-4a9e-bb39-464102439cd1,1371812571352051549,"1 bedroom
1 bedroom
1 bed
,
 · 1 bed",N/A,"KSh 4,071","KSh 4,071",2 nights,N/A,N/A,N/A,6,2025-09-28 13:15:52,"Mombasa
_
_
Guest favorite
Guest favorite
Apartment in Mombasa
KSh 4",https://www.airbnb.com/s/Mombasa/homes?place_id=ChIJM45ffcMMQBgRLEF4BSSBr7A&refinement_paths%5B%5D=%2Fhomes&flexible_trip_lengths%5B%5D=weekend_trip&date_picker_type=FLEXIBLE_DATES&search_type=HOMEPAGE_CAROUSEL_CLICK,3
card-container,Villa in Mombasa,Sand and Shells Beach House- 4 Bedroom with a pool,https://www.airbnb.com/rooms/601780462739432859?search_mode=regular_search&adults=1&check_in=2026-02-06&check_out=2026-02-08&children=0&infants=0&pets=0&source_impression_id=p3_1759054549_P3nGPFOeN_EBgQLm&previous_page_section_name=1000&federated_search_id=49a89fb0-f1f0-4a9e-bb39-464102439cd1,601780462739432859,"Sand and Shells Beach House- 4 Bedroom with a pool | 4 bedrooms
4 bedrooms
7 beds
,
 · 7 beds","Feb 6 – 8
Feb 6 – 8","KSh 84,302","KSh 84,302",2 nights,N/A,N/A,N/A,6,2025-09-28 13:15:52,"Mombasa
_
_
Guest favorite
Guest favorite
Apartment in Mombasa
KSh 4",https://www.airbnb.com/s/Mombasa/homes?place_id=ChIJM45ffcMMQBgRLEF4BSSBr7A&refinement_paths%5B%5D=%2Fhomes&flexible_trip_lengths%5B%5D=weekend_trip&date_picker_type=FLEXIBLE_DATES&search_type=HOMEPAGE_CAROUSEL_CLICK,3
card-container,Apartment in Mombasa,Solvin Sea View Apartment Shanzu,https://www.airbnb.com/rooms/1106706008956896886?search_mode=regular_search&adults=1&check_in=2026-04-10&check_out=2026-04-12&children=0&infants=0&pets=0&source_impression_id=p3_1759054549_P3kz9lfesgcl5536&previous_page_section_name=1000&federated_search_id=49a89fb0-f1f0-4a9e-bb39-464102439cd1,1106706008956896886,"2 bedrooms
2 bedrooms
3 beds
,
 · 3 beds",N/A,"KSh 24,289",N/A,2 nights,N/A,N/A,N/A,6,2025-09-28 13:15:52,"Mombasa
_
_
Guest favorite
Guest favorite
Apartment in Mombasa
KSh 4",https://www.airbnb.com/s/Mombasa/homes?place_id=ChIJM45ffcMMQBgRLEF4BSSBr7A&refinement_paths%5B%5D=%2Fhomes&flexible_trip_lengths%5B%5D=weekend_trip&date_picker_type=FLEXIBLE_DATES&search_type=HOMEPAGE_CAROUSEL_CLICK,3
card-container,Apartment in Mombasa,Mora studio in Nyali Oshwal Academy 4B,https://www.airbnb.com/rooms/1294004731275806522?search_mode=regular_search&adults=1&check_in=2026-04-10&check_out=2026-04-12&children=0&infants=0&pets=0&source_impression_id=p3_1759054549_P3zS8rsxZy1VrM5k&previous_page_section_name=1000&federated_search_id=49a89fb0-f1f0-4a9e-bb39-464102439cd1,1294004731275806522,"1 bedroom
1 bedroom
1 bed
,
 · 1 bed",N/A,"KSh 6,316",N/A,2 nights,N/A,N/A,N/A,6,2025-09-28 13:15:53,"Mombasa
_
_
Guest favorite
Guest favorite
Apartment in Mombasa
KSh 4",https://www.airbnb.com/s/Mombasa/homes?place_id=ChIJM45ffcMMQBgRLEF4BSSBr7A&refinement_paths%5B%5D=%2Fhomes&flexible_trip_lengths%5B%5D=weekend_trip&date_picker_type=FLEXIBLE_DATES&search_type=HOMEPAGE_CAROUSEL_CLICK,3
card-container,Apartment in Mombasa,Greyline one br/extra bed. 0743 for 379 then 135.,https://www.airbnb.com/rooms/1420326626394184193?search_mode=regular_search&adults=1&check_in=2026-01-02&check_out=2026-01-04&children=0&infants=0&pets=0&source_impression_id=p3_1759054549_P3NLcA111V16_wdM&previous_page_section_name=1000&federated_search_id=49a89fb0-f1f0-4a9e-bb39-464102439cd1,1420326626394184193,"Greyline one br/extra bed. 0743 for 379 then 135. | 1 bedroom
1 bedroom
2 beds
,
 · 2 beds","Jan 2 – 4
Jan 2 – 4","KSh 4,711",N/A,2 nights,N/A,N/A,N/A,6,2025-09-28 13:15:53,"Mombasa
_
_
Guest favorite
Guest favorite
Apartment in Mombasa
KSh 4",https://www.airbnb.com/s/Mombasa/homes?place_id=ChIJM45ffcMMQBgRLEF4BSSBr7A&refinement_paths%5B%5D=%2Fhomes&flexible_trip_lengths%5B%5D=weekend_trip&date_picker_type=FLEXIBLE_DATES&search_type=HOMEPAGE_CAROUSEL_CLICK,3
card-container,Apartment in Mombasa,"1 bedrm Apt, 53"" TV, wi-fi rooftop pool in use",https://www.airbnb.com/rooms/1340594289337312337?search_mode=regular_search&adults=1&check_in=2026-01-23&check_out=2026-01-25&children=0&infants=0&pets=0&source_impression_id=p3_1759054549_P3t9tULk73lPz5dc&previous_page_section_name=1000&federated_search_id=49a89fb0-f1f0-4a9e-bb39-464102439cd1,1340594289337312337,"1 bedrm Apt, 53"" TV, wi-fi rooftop pool in use | 1 bedroom
1 bedroom
1 bed
,
 · 1 bed","Jan 23 – 25
Jan 23 – 25","KSh 5,593",N/A,2 nights,N/A,N/A,N/A,6,2025-09-28 13:15:53,"Mombasa
_
_
Guest favorite
Guest favorite
Apartment in Mombasa
KSh 4",https://www.airbnb.com/s/Mombasa/homes?place_id=ChIJM45ffcMMQBgRLEF4BSSBr7A&refinement_paths%5B%5D=%2Fhomes&flexible_trip_lengths%5B%5D=weekend_trip&date_picker_type=FLEXIBLE_DATES&search_type=HOMEPAGE_CAROUSEL_CLICK,3
card-container,Condo in Mtwapa,Mtwapa Love Nest | 1BR for Getaways & Workcations,https://www.airbnb.com/rooms/1344183769137116826?search_mode=regular_search&adults=1&check_in=2026-08-14&check_out=2026-08-16&children=0&infants=0&pets=0&source_impression_id=p3_1759054549_P3Ou5doymy2dsiPj&previous_page_section_name=1000&federated_search_id=49a89fb0-f1f0-4a9e-bb39-464102439cd1,1344183769137116826,"1 bedroom
1 bedroom
1 king bed
,
 · 1 king bed",N/A,"KSh 8,096",N/A,2 nights,N/A,N/A,N/A,6,2025-09-28 13:15:53,"Mombasa
_
_
Guest favorite
Guest favorite
Apartment in Mombasa
KSh 4",https://www.airbnb.com/s/Mombasa/homes?place_id=ChIJM45ffcMMQBgRLEF4BSSBr7A&refinement_paths%5B%5D=%2Fhomes&flexible_trip_lengths%5B%5D=weekend_trip&date_picker_type=FLEXIBLE_DATES&search_type=HOMEPAGE_CAROUSEL_CLICK,3
card-container,Apartment in Nyali,Gem by T in v.o.k off nyali road,https://www.airbnb.com/rooms/1267540342317784902?search_mode=regular_search&adults=1&check_in=2025-11-14&check_out=2025-11-16&children=0&infants=0&pets=0&source_impression_id=p3_1759054554_P359v-YwgW3Dke5a&previous_page_section_name=1000&federated_search_id=a97d7e84-a195-41ee-aff4-bd504b4f2247,1267540342317784902,"1 bedroom
1 bedroom
1 bed
,
 · 1 bed","Nov 14 – 16
Nov 14 – 16","KSh 7,361",N/A,2 nights,N/A,N/A,N/A,7,2025-09-28 13:15:56,"Mombasa
_
_
Guest favorite
Guest favorite
Apartment in Mombasa
KSh 4",https://www.airbnb.com/s/Mombasa/homes?place_id=ChIJM45ffcMMQBgRLEF4BSSBr7A&refinement_paths%5B%5D=%2Fhomes&flexible_trip_lengths%5B%5D=weekend_trip&date_picker_type=FLEXIBLE_DATES&search_type=HOMEPAGE_CAROUSEL_CLICK,3
card-container,Apartment in Nyali,Simba Apartment. Beach Road Nyali,https://www.airbnb.com/rooms/1159350061271680759?search_mode=regular_search&adults=1&check_in=2026-01-02&check_out=2026-01-04&children=0&infants=0&pets=0&source_impression_id=p3_1759054554_P3GM3_piIfUyiJu7&previous_page_section_name=1000&federated_search_id=a97d7e84-a195-41ee-aff4-bd504b4f2247,1159350061271680759,"1 bedroom
1 bedroom
1 bed
,
 · 1 bed","Jan 2 – 4
Jan 2 – 4","KSh 11,335",N/A,2 nights,N/A,N/A,N/A,7,2025-09-28 13:15:56,"Mombasa
_
_
Guest favorite
Guest favorite
Apartment in Mombasa
KSh 4",https://www.airbnb.com/s/Mombasa/homes?place_id=ChIJM45ffcMMQBgRLEF4BSSBr7A&refinement_paths%5B%5D=%2Fhomes&flexible_trip_lengths%5B%5D=weekend_trip&date_picker_type=FLEXIBLE_DATES&search_type=HOMEPAGE_CAROUSEL_CLICK,3
card-container,Condo in Nyali,"Nyali Haven7: AC,Washer&Dryer, HotShower nearBeach",https://www.airbnb.com/rooms/1350515935450225422?search_mode=regular_search&adults=1&check_in=2026-07-31&check_out=2026-08-02&children=0&infants=0&pets=0&source_impression_id=p3_1759054554_P34Gzhl3rHHPrDJn&previous_page_section_name=1000&federated_search_id=a97d7e84-a195-41ee-aff4-bd504b4f2247,1350515935450225422,"1 bedroom
1 bedroom
1 bed
,
 · 1 bed",N/A,"KSh 14,721",N/A,2 nights,N/A,N/A,N/A,7,2025-09-28 13:15:56,"Mombasa
_
_
Guest favorite
Guest favorite
Apartment in Mombasa
KSh 4",https://www.airbnb.com/s/Mombasa/homes?place_id=ChIJM45ffcMMQBgRLEF4BSSBr7A&refinement_paths%5B%5D=%2Fhomes&flexible_trip_lengths%5B%5D=weekend_trip&date_picker_type=FLEXIBLE_DATES&search_type=HOMEPAGE_CAROUSEL_CLICK,3
card-container,Apartment in Tononoka,Buxton apt/hotshower/pool/1bedroom 2beds/AC/GYM,https://www.airbnb.com/rooms/1244362491418799256?search_mode=regular_search&adults=1&check_in=2026-01-23&check_out=2026-01-25&children=0&infants=0&pets=0&source_impression_id=p3_1759054554_P3aj85vhAeyf1uvT&previous_page_section_name=1000&federated_search_id=a97d7e84-a195-41ee-aff4-bd504b4f2247,1244362491418799256,"Buxton apt/hotshower/pool/1bedroom 2beds/AC/GYM | 1 bedroom
1 bedroom
2 beds
,
 · 2 beds","Jan 23 – 25
Jan 23 – 25","KSh 7,655",N/A,2 nights,N/A,N/A,N/A,7,2025-09-28 13:15:56,"Mombasa
_
_
Guest favorite
Guest favorite
Apartment in Mombasa
KSh 4",https://www.airbnb.com/s/Mombasa/homes?place_id=ChIJM45ffcMMQBgRLEF4BSSBr7A&refinement_paths%5B%5D=%2Fhomes&flexible_trip_lengths%5B%5D=weekend_trip&date_picker_type=FLEXIBLE_DATES&search_type=HOMEPAGE_CAROUSEL_CLICK,3
card-container,Room in Mombasa,Swahili studio 1,https://www.airbnb.com/rooms/1481257182090509593?search_mode=regular_search&adults=1&category_tag=Tag%3A8678&check_in=2025-11-28&check_out=2025-11-30&children=0&infants=0&pets=0&photo_id=2286809505&source_impression_id=p3_1759054554_P31mT_IcwBpbTA7V&previous_page_section_name=1000&federated_search_id=a97d7e84-a195-41ee-aff4-bd504b4f2247,1481257182090509593,"1 single bed
1 single bed","Nov 28 – 30
Nov 28 – 30","KSh 3,733","KSh 3,733",2 nights,N/A,N/A,N/A,7,2025-09-28 13:15:56,"Mombasa
_
_
Guest favorite
Guest favorite
Apartment in Mombasa
KSh 4",https://www.airbnb.com/s/Mombasa/homes?place_id=ChIJM45ffcMMQBgRLEF4BSSBr7A&refinement_paths%5B%5D=%2Fhomes&flexible_trip_lengths%5B%5D=weekend_trip&date_picker_type=FLEXIBLE_DATES&search_type=HOMEPAGE_CAROUSEL_CLICK,3
card-container,Apartment in Tudor,Seaglass Mombasa Seaview studio 03,https://www.airbnb.com/rooms/624621242546968097?search_mode=regular_search&adults=1&check_in=2026-04-03&check_out=2026-04-05&children=0&infants=0&pets=0&source_impression_id=p3_1759054554_P3QE55dTrtfDWXPG&previous_page_section_name=1000&federated_search_id=a97d7e84-a195-41ee-aff4-bd504b4f2247,624621242546968097,"1 bedroom
1 bedroom
1 king bed
,
 · 1 king bed",N/A,"KSh 12,954",N/A,2 nights,N/A,N/A,N/A,7,2025-09-28 13:15:56,"Mombasa
_
_
Guest favorite
Guest favorite
Apartment in Mombasa
KSh 4",https://www.airbnb.com/s/Mombasa/homes?place_id=ChIJM45ffcMMQBgRLEF4BSSBr7A&refinement_paths%5B%5D=%2Fhomes&flexible_trip_lengths%5B%5D=weekend_trip&date_picker_type=FLEXIBLE_DATES&search_type=HOMEPAGE_CAROUSEL_CLICK,3
card-container,Apartment in Nyali,Coastal charm Getaway,https://www.airbnb.com/rooms/1083413256970150414?search_mode=regular_search&adults=1&check_in=2026-01-23&check_out=2026-01-25&children=0&infants=0&pets=0&source_impression_id=p3_1759054554_P3qYd7dxtP8nPbAl&previous_page_section_name=1000&federated_search_id=a97d7e84-a195-41ee-aff4-bd504b4f2247,1083413256970150414,"2 bedrooms
2 bedrooms
3 beds
,
 · 3 beds","Jan 23 – 25
Jan 23 – 25","KSh 15,738",N/A,2 nights,N/A,N/A,N/A,7,2025-09-28 13:15:56,"Mombasa
_
_
Guest favorite
Guest favorite
Apartment in Mombasa
KSh 4",https://www.airbnb.com/s/Mombasa/homes?place_id=ChIJM45ffcMMQBgRLEF4BSSBr7A&refinement_paths%5B%5D=%2Fhomes&flexible_trip_lengths%5B%5D=weekend_trip&date_picker_type=FLEXIBLE_DATES&search_type=HOMEPAGE_CAROUSEL_CLICK,3
card-container,Apartment in Mombasa,One Bedroom Apartment In Mombasa.,https://www.airbnb.com/rooms/1263623394494481721?search_mode=regular_search&adults=1&check_in=2025-10-24&check_out=2025-10-26&children=0&infants=0&pets=0&source_impression_id=p3_1759054554_P3yiG1tXfpHP--Iz&previous_page_section_name=1000&federated_search_id=a97d7e84-a195-41ee-aff4-bd504b4f2247,1263623394494481721,"One Bedroom Apartment In Mombasa. | 1 bedroom
1 bedroom
1 bed
,
 · 1 bed","Oct 24 – 26
Oct 24 – 26","KSh 8,833",N/A,2 nights,N/A,N/A,N/A,7,2025-09-28 13:15:57,"Mombasa
_
_
Guest favorite
Guest favorite
Apartment in Mombasa
KSh 4",https://www.airbnb.com/s/Mombasa/homes?place_id=ChIJM45ffcMMQBgRLEF4BSSBr7A&refinement_paths%5B%5D=%2Fhomes&flexible_trip_lengths%5B%5D=weekend_trip&date_picker_type=FLEXIBLE_DATES&search_type=HOMEPAGE_CAROUSEL_CLICK,3
card-container,Apartment in Mombasa,victoria grand suite 2,https://www.airbnb.com/rooms/1433801212563970942?search_mode=regular_search&adults=1&check_in=2026-05-22&check_out=2026-05-24&children=0&infants=0&pets=0&source_impression_id=p3_1759054554_P3VmCDZVo4O7N19s&previous_page_section_name=1000&federated_search_id=a97d7e84-a195-41ee-aff4-bd504b4f2247,1433801212563970942,"1 bedroom
1 bedroom
1 king bed
,
 · 1 king bed",N/A,"KSh 12,856",N/A,2 nights,N/A,N/A,N/A,7,2025-09-28 13:15:57,"Mombasa
_
_
Guest favorite
Guest favorite
Apartment in Mombasa
KSh 4",https://www.airbnb.com/s/Mombasa/homes?place_id=ChIJM45ffcMMQBgRLEF4BSSBr7A&refinement_paths%5B%5D=%2Fhomes&flexible_trip_lengths%5B%5D=weekend_trip&date_picker_type=FLEXIBLE_DATES&search_type=HOMEPAGE_CAROUSEL_CLICK,3
card-container,Apartment in Tononoka,2BR CBD 4 Beds •Pool & Gym • AC,https://www.airbnb.com/rooms/1496322855084100090?search_mode=regular_search&adults=1&check_in=2026-04-17&check_out=2026-04-19&children=0&infants=0&pets=0&source_impression_id=p3_1759054554_P3MZJfHu0qB-esdN&previous_page_section_name=1000&federated_search_id=a97d7e84-a195-41ee-aff4-bd504b4f2247,1496322855084100090,"2BR CBD 4 Beds •Pool & Gym • AC | 2 bedrooms
2 bedrooms
4 beds
,
 · 4 beds",N/A,"KSh 12,954",N/A,2 nights,N/A,N/A,N/A,7,2025-09-28 13:15:57,"Mombasa
_
_
Guest favorite
Guest favorite
Apartment in Mombasa
KSh 4",https://www.airbnb.com/s/Mombasa/homes?place_id=ChIJM45ffcMMQBgRLEF4BSSBr7A&refinement_paths%5B%5D=%2Fhomes&flexible_trip_lengths%5B%5D=weekend_trip&date_picker_type=FLEXIBLE_DATES&search_type=HOMEPAGE_CAROUSEL_CLICK,3
card-container,Apartment in Mombasa,Shanzu Prideinn Condo by Amari Resorts,https://www.airbnb.com/rooms/1378753875832294343?search_mode=regular_search&adults=1&check_in=2025-12-05&check_out=2025-12-07&children=0&infants=0&pets=0&source_impression_id=p3_1759054554_P3Qla0fRiytgmfGE&previous_page_section_name=1000&federated_search_id=a97d7e84-a195-41ee-aff4-bd504b4f2247,1378753875832294343,"1 bedroom
1 bedroom
2 beds
,
 · 2 beds","Dec 5 – 7
Dec 5 – 7","KSh 13,250",N/A,2 nights,N/A,N/A,N/A,7,2025-09-28 13:15:57,"Mombasa
_
_
Guest favorite
Guest favorite
Apartment in Mombasa
KSh 4",https://www.airbnb.com/s/Mombasa/homes?place_id=ChIJM45ffcMMQBgRLEF4BSSBr7A&refinement_paths%5B%5D=%2Fhomes&flexible_trip_lengths%5B%5D=weekend_trip&date_picker_type=FLEXIBLE_DATES&search_type=HOMEPAGE_CAROUSEL_CLICK,3
card-container,Room in Nyali,Lovely and cossy with pool,https://www.airbnb.com/rooms/1352875460854471267?search_mode=regular_search&adults=1&category_tag=Tag%3A8678&check_in=2026-06-19&check_out=2026-06-21&children=0&infants=0&pets=0&photo_id=2085659021&source_impression_id=p3_1759054554_P3Xwz_tBszcBRwuQ&previous_page_section_name=1000&federated_search_id=a97d7e84-a195-41ee-aff4-bd504b4f2247,1352875460854471267,"1 bed
1 bed",N/A,"KSh 7,046","KSh 7,046",2 nights,N/A,N/A,N/A,7,2025-09-28 13:15:57,"Mombasa
_
_
Guest favorite
Guest favorite
Apartment in Mombasa
KSh 4",https://www.airbnb.com/s/Mombasa/homes?place_id=ChIJM45ffcMMQBgRLEF4BSSBr7A&refinement_paths%5B%5D=%2Fhomes&flexible_trip_lengths%5B%5D=weekend_trip&date_picker_type=FLEXIBLE_DATES&search_type=HOMEPAGE_CAROUSEL_CLICK,3
card-container,Apartment in Mombasa,A beautiful home away from home!,https://www.airbnb.com/rooms/1465332326823943227?search_mode=regular_search&adults=1&check_in=2026-03-20&check_out=2026-03-22&children=0&infants=0&pets=0&source_impression_id=p3_1759054554_P3AyJdls4ZuAjjmj&previous_page_section_name=1000&federated_search_id=a97d7e84-a195-41ee-aff4-bd504b4f2247,1465332326823943227,"1 bedroom
1 bedroom
1 bed
,
 · 1 bed","Mar 20 – 22
Mar 20 – 22","KSh 9,863",N/A,2 nights,N/A,N/A,N/A,7,2025-09-28 13:15:57,"Mombasa
_
_
Guest favorite
Guest favorite
Apartment in Mombasa
KSh 4",https://www.airbnb.com/s/Mombasa/homes?place_id=ChIJM45ffcMMQBgRLEF4BSSBr7A&refinement_paths%5B%5D=%2Fhomes&flexible_trip_lengths%5B%5D=weekend_trip&date_picker_type=FLEXIBLE_DATES&search_type=HOMEPAGE_CAROUSEL_CLICK,3
card-container,Apartment in Mombasa,Executive Bamburi Seafront designer studio,https://www.airbnb.com/rooms/14531460?search_mode=regular_search&adults=1&check_in=2025-11-21&check_out=2025-11-23&children=0&infants=0&pets=0&source_impression_id=p3_1759054554_P3eowB2olfjcNv8s&previous_page_section_name=1000&federated_search_id=a97d7e84-a195-41ee-aff4-bd504b4f2247,14531460,"2 beds
2 beds","Nov 21 – 23
Nov 21 – 23","KSh 12,513",N/A,2 nights,N/A,N/A,N/A,7,2025-09-28 13:15:57,"Mombasa
_
_
Guest favorite
Guest favorite
Apartment in Mombasa
KSh 4",https://www.airbnb.com/s/Mombasa/homes?place_id=ChIJM45ffcMMQBgRLEF4BSSBr7A&refinement_paths%5B%5D=%2Fhomes&flexible_trip_lengths%5B%5D=weekend_trip&date_picker_type=FLEXIBLE_DATES&search_type=HOMEPAGE_CAROUSEL_CLICK,3
card-container,Apartment in Bamburi,"Beach Front Property, Mombasa, Bamburi Beach, 5**",https://www.airbnb.com/rooms/13411851?search_mode=regular_search&adults=1&check_in=2026-06-12&check_out=2026-06-14&children=0&infants=0&pets=0&source_impression_id=p3_1759054554_P3TEURKZ6tHuEaYX&previous_page_section_name=1000&federated_search_id=a97d7e84-a195-41ee-aff4-bd504b4f2247,13411851,"1 bedroom
1 bedroom
1 double bed
,
 · 1 double bed",N/A,"KSh 12,072",N/A,2 nights,N/A,N/A,N/A,7,2025-09-28 13:15:57,"Mombasa
_
_
Guest favorite
Guest favorite
Apartment in Mombasa
KSh 4",https://www.airbnb.com/s/Mombasa/homes?place_id=ChIJM45ffcMMQBgRLEF4BSSBr7A&refinement_paths%5B%5D=%2Fhomes&flexible_trip_lengths%5B%5D=weekend_trip&date_picker_type=FLEXIBLE_DATES&search_type=HOMEPAGE_CAROUSEL_CLICK,3
card-container,Home in Nyali,"A beautiful home,close to the beach.",https://www.airbnb.com/rooms/603318612229421503?search_mode=regular_search&adults=1&check_in=2026-02-20&check_out=2026-02-22&children=0&infants=0&pets=0&source_impression_id=p3_1759054554_P37Vz4QOmMKLWw4l&previous_page_section_name=1000&federated_search_id=a97d7e84-a195-41ee-aff4-bd504b4f2247,603318612229421503,"1 bedroom
1 bedroom
1 bed
,
 · 1 bed","Feb 20 – 22
Feb 20 – 22","KSh 8,833",N/A,2 nights,N/A,N/A,N/A,7,2025-09-28 13:15:57,"Mombasa
_
_
Guest favorite
Guest favorite
Apartment in Mombasa
KSh 4",https://www.airbnb.com/s/Mombasa/homes?place_id=ChIJM45ffcMMQBgRLEF4BSSBr7A&refinement_paths%5B%5D=%2Fhomes&flexible_trip_lengths%5B%5D=weekend_trip&date_picker_type=FLEXIBLE_DATES&search_type=HOMEPAGE_CAROUSEL_CLICK,3
card-container,Condo in Bamburi,ELParadiso!Near SarovaWhitesands,https://www.airbnb.com/rooms/1078939676292736111?search_mode=regular_search&adults=1&check_in=2026-03-27&check_out=2026-03-29&children=0&infants=0&pets=0&source_impression_id=p3_1759054554_P3_CB-BgaT54eZyr&previous_page_section_name=1000&federated_search_id=a97d7e84-a195-41ee-aff4-bd504b4f2247,1078939676292736111,"2 bedrooms
2 bedrooms","Mar 27 – 29
Mar 27 – 29","KSh 20,977",N/A,2 nights,N/A,N/A,N/A,7,2025-09-28 13:15:57,"Mombasa
_
_
Guest favorite
Guest favorite
Apartment in Mombasa
KSh 4",https://www.airbnb.com/s/Mombasa/homes?place_id=ChIJM45ffcMMQBgRLEF4BSSBr7A&refinement_paths%5B%5D=%2Fhomes&flexible_trip_lengths%5B%5D=weekend_trip&date_picker_type=FLEXIBLE_DATES&search_type=HOMEPAGE_CAROUSEL_CLICK,3
card-container,Apartment in Nyali,BALI bamburi lakeview oasis,https://www.airbnb.com/rooms/1067800402332866376?search_mode=regular_search&adults=1&check_in=2025-10-10&check_out=2025-10-12&children=0&infants=0&pets=0&source_impression_id=p3_1759054554_P3WxlM2GZKVkPntm&previous_page_section_name=1000&federated_search_id=a97d7e84-a195-41ee-aff4-bd504b4f2247,1067800402332866376,"1 bedroom
1 bedroom","Oct 10 – 12
Oct 10 – 12","KSh 3,533",N/A,2 nights,N/A,N/A,N/A,7,2025-09-28 13:15:57,"Mombasa
_
_
Guest favorite
Guest favorite
Apartment in Mombasa
KSh 4",https://www.airbnb.com/s/Mombasa/homes?place_id=ChIJM45ffcMMQBgRLEF4BSSBr7A&refinement_paths%5B%5D=%2Fhomes&flexible_trip_lengths%5B%5D=weekend_trip&date_picker_type=FLEXIBLE_DATES&search_type=HOMEPAGE_CAROUSEL_CLICK,3
card-container,Apartment in Mombasa,A luxe sea view 2 bedroom Condo,https://www.airbnb.com/rooms/912276458620826536?search_mode=regular_search&adults=1&check_in=2025-10-17&check_out=2025-10-19&children=0&infants=0&pets=0&source_impression_id=p3_1759054558_P3_EjBh_NYu1oxwf&previous_page_section_name=1000&federated_search_id=67f8ff87-8f46-405c-8fb7-be02760eb1b4,912276458620826536,"A luxe sea view 2 bedroom Condo | 2 bedrooms
2 bedrooms
3 beds
,
 · 3 beds","Oct 17 – 19
Oct 17 – 19","KSh 17,665",N/A,2 nights,N/A,N/A,N/A,8,2025-09-28 13:16:00,"Mombasa
_
_
Guest favorite
Guest favorite
Apartment in Mombasa
KSh 4",https://www.airbnb.com/s/Mombasa/homes?place_id=ChIJM45ffcMMQBgRLEF4BSSBr7A&refinement_paths%5B%5D=%2Fhomes&flexible_trip_lengths%5B%5D=weekend_trip&date_picker_type=FLEXIBLE_DATES&search_type=HOMEPAGE_CAROUSEL_CLICK,3
card-container,Condo in Mombasa,ODWA - Five Star Apartment in a five star location,https://www.airbnb.com/rooms/53795128?search_mode=regular_search&adults=1&check_in=2025-10-17&check_out=2025-10-19&children=0&infants=0&pets=0&source_impression_id=p3_1759054558_P3IC_jgjRFd6RSqE&previous_page_section_name=1000&federated_search_id=67f8ff87-8f46-405c-8fb7-be02760eb1b4,53795128,"2 bedrooms
2 bedrooms
3 beds
,
 · 3 beds","Oct 17 – 19
Oct 17 – 19","KSh 17,448","KSh 17,448",2 nights,N/A,N/A,N/A,8,2025-09-28 13:16:00,"Mombasa
_
_
Guest favorite
Guest favorite
Apartment in Mombasa
KSh 4",https://www.airbnb.com/s/Mombasa/homes?place_id=ChIJM45ffcMMQBgRLEF4BSSBr7A&refinement_paths%5B%5D=%2Fhomes&flexible_trip_lengths%5B%5D=weekend_trip&date_picker_type=FLEXIBLE_DATES&search_type=HOMEPAGE_CAROUSEL_CLICK,3
card-container,Apartment in Mtwapa,Alum Luxury studio,https://www.airbnb.com/rooms/1381940921928346458?search_mode=regular_search&adults=1&check_in=2026-07-24&check_out=2026-07-26&children=0&infants=0&pets=0&source_impression_id=p3_1759054558_P3pFKQilVePJiHng&previous_page_section_name=1000&federated_search_id=67f8ff87-8f46-405c-8fb7-be02760eb1b4,1381940921928346458,"1 bedroom
1 bedroom
1 bed
,
 · 1 bed",N/A,"KSh 5,005",N/A,2 nights,N/A,N/A,N/A,8,2025-09-28 13:16:01,"Mombasa
_
_
Guest favorite
Guest favorite
Apartment in Mombasa
KSh 4",https://www.airbnb.com/s/Mombasa/homes?place_id=ChIJM45ffcMMQBgRLEF4BSSBr7A&refinement_paths%5B%5D=%2Fhomes&flexible_trip_lengths%5B%5D=weekend_trip&date_picker_type=FLEXIBLE_DATES&search_type=HOMEPAGE_CAROUSEL_CLICK,3
card-container,Condo in Mombasa,1 br apt with pool n Aircon 2 mins walk to beach,https://www.airbnb.com/rooms/813080169452433149?search_mode=regular_search&adults=1&check_in=2026-04-03&check_out=2026-04-05&children=0&infants=0&pets=0&source_impression_id=p3_1759054558_P3CEHSY-FecUU7dw&previous_page_section_name=1000&federated_search_id=67f8ff87-8f46-405c-8fb7-be02760eb1b4,813080169452433149,"2 bedrooms
2 bedrooms
3 beds
,
 · 3 beds",N/A,"KSh 13,101",N/A,2 nights,N/A,N/A,N/A,8,2025-09-28 13:16:01,"Mombasa
_
_
Guest favorite
Guest favorite
Apartment in Mombasa
KSh 4",https://www.airbnb.com/s/Mombasa/homes?place_id=ChIJM45ffcMMQBgRLEF4BSSBr7A&refinement_paths%5B%5D=%2Fhomes&flexible_trip_lengths%5B%5D=weekend_trip&date_picker_type=FLEXIBLE_DATES&search_type=HOMEPAGE_CAROUSEL_CLICK,3
card-container,Home in Mombasa,Centrally Located Rooftop Bachelor Suite,https://www.airbnb.com/rooms/980373890058618924?search_mode=regular_search&adults=1&check_in=2026-04-03&check_out=2026-04-05&children=0&infants=0&pets=0&source_impression_id=p3_1759054558_P3IpLcGME5fvENDV&previous_page_section_name=1000&federated_search_id=67f8ff87-8f46-405c-8fb7-be02760eb1b4,980373890058618924,"1 bedroom
1 bedroom
1 queen bed
,
 · 1 queen bed",N/A,"KSh 5,593",N/A,2 nights,N/A,N/A,N/A,8,2025-09-28 13:16:01,"Mombasa
_
_
Guest favorite
Guest favorite
Apartment in Mombasa
KSh 4",https://www.airbnb.com/s/Mombasa/homes?place_id=ChIJM45ffcMMQBgRLEF4BSSBr7A&refinement_paths%5B%5D=%2Fhomes&flexible_trip_lengths%5B%5D=weekend_trip&date_picker_type=FLEXIBLE_DATES&search_type=HOMEPAGE_CAROUSEL_CLICK,3
card-container,Apartment in Mombasa,Seaside Escape,https://www.airbnb.com/rooms/816473933632556715?search_mode=regular_search&adults=1&check_in=2025-10-17&check_out=2025-10-19&children=0&infants=0&pets=0&source_impression_id=p3_1759054558_P32UTpsSQVBJXKye&previous_page_section_name=1000&federated_search_id=67f8ff87-8f46-405c-8fb7-be02760eb1b4,816473933632556715,"1 bedroom
1 bedroom
2 beds
,
 · 2 beds","Oct 17 – 19
Oct 17 – 19","KSh 19,433",N/A,2 nights,N/A,N/A,N/A,8,2025-09-28 13:16:01,"Mombasa
_
_
Guest favorite
Guest favorite
Apartment in Mombasa
KSh 4",https://www.airbnb.com/s/Mombasa/homes?place_id=ChIJM45ffcMMQBgRLEF4BSSBr7A&refinement_paths%5B%5D=%2Fhomes&flexible_trip_lengths%5B%5D=weekend_trip&date_picker_type=FLEXIBLE_DATES&search_type=HOMEPAGE_CAROUSEL_CLICK,3
card-container,Apartment in Mombasa,Blue 1BR*Hot Shower* private ensuite bathroom,https://www.airbnb.com/rooms/1059070059063047947?search_mode=regular_search&adults=1&check_in=2025-12-05&check_out=2025-12-07&children=0&infants=0&pets=0&source_impression_id=p3_1759054558_P3rxrF0tDz4YmRtF&previous_page_section_name=1000&federated_search_id=67f8ff87-8f46-405c-8fb7-be02760eb1b4,1059070059063047947,"1 bedroom
1 bedroom
1 queen bed
,
 · 1 queen bed","Dec 5 – 7
Dec 5 – 7","KSh 6,624",N/A,2 nights,N/A,N/A,N/A,8,2025-09-28 13:16:01,"Mombasa
_
_
Guest favorite
Guest favorite
Apartment in Mombasa
KSh 4",https://www.airbnb.com/s/Mombasa/homes?place_id=ChIJM45ffcMMQBgRLEF4BSSBr7A&refinement_paths%5B%5D=%2Fhomes&flexible_trip_lengths%5B%5D=weekend_trip&date_picker_type=FLEXIBLE_DATES&search_type=HOMEPAGE_CAROUSEL_CLICK,3
card-container,Apartment in Mombasa,"3Br Nyali,pool,wifi,jacuzzi,hot shower,parking.",https://www.airbnb.com/rooms/52928718?search_mode=regular_search&adults=1&check_in=2025-10-31&check_out=2025-11-02&children=0&infants=0&pets=0&source_impression_id=p3_1759054558_P3eOpXZJcvpTb8be&previous_page_section_name=1000&federated_search_id=67f8ff87-8f46-405c-8fb7-be02760eb1b4,52928718,"3 bedrooms
3 bedrooms
3 king beds
,
 · 3 king beds","Oct 31 – Nov 2
Oct 31 – Nov 2","KSh 22,817",N/A,2 nights,N/A,N/A,N/A,8,2025-09-28 13:16:01,"Mombasa
_
_
Guest favorite
Guest favorite
Apartment in Mombasa
KSh 4",https://www.airbnb.com/s/Mombasa/homes?place_id=ChIJM45ffcMMQBgRLEF4BSSBr7A&refinement_paths%5B%5D=%2Fhomes&flexible_trip_lengths%5B%5D=weekend_trip&date_picker_type=FLEXIBLE_DATES&search_type=HOMEPAGE_CAROUSEL_CLICK,3
card-container,Apartment in Mombasa,White House,https://www.airbnb.com/rooms/1348770428319972322?search_mode=regular_search&adults=1&check_in=2026-01-09&check_out=2026-01-11&children=0&infants=0&pets=0&source_impression_id=p3_1759054558_P3qHYa_1hfOwYlCS&previous_page_section_name=1000&federated_search_id=67f8ff87-8f46-405c-8fb7-be02760eb1b4,1348770428319972322,"1 bedroom
1 bedroom
1 bed
,
 · 1 bed","Jan 9 – 11
Jan 9 – 11","KSh 5,889",N/A,2 nights,N/A,N/A,N/A,8,2025-09-28 13:16:01,"Mombasa
_
_
Guest favorite
Guest favorite
Apartment in Mombasa
KSh 4",https://www.airbnb.com/s/Mombasa/homes?place_id=ChIJM45ffcMMQBgRLEF4BSSBr7A&refinement_paths%5B%5D=%2Fhomes&flexible_trip_lengths%5B%5D=weekend_trip&date_picker_type=FLEXIBLE_DATES&search_type=HOMEPAGE_CAROUSEL_CLICK,3
card-container,Apartment in Mombasa,T’s Stylish 1BR in V.O.K off Nyali Rd,https://www.airbnb.com/rooms/1240988496733626000?search_mode=regular_search&adults=1&check_in=2026-03-13&check_out=2026-03-15&children=0&infants=0&pets=0&source_impression_id=p3_1759054558_P3VucwBMW0CDce0f&previous_page_section_name=1000&federated_search_id=67f8ff87-8f46-405c-8fb7-be02760eb1b4,1240988496733626000,"1 bed
1 bed","Mar 13 – 15
Mar 13 – 15","KSh 5,299",N/A,2 nights,N/A,N/A,N/A,8,2025-09-28 13:16:01,"Mombasa
_
_
Guest favorite
Guest favorite
Apartment in Mombasa
KSh 4",https://www.airbnb.com/s/Mombasa/homes?place_id=ChIJM45ffcMMQBgRLEF4BSSBr7A&refinement_paths%5B%5D=%2Fhomes&flexible_trip_lengths%5B%5D=weekend_trip&date_picker_type=FLEXIBLE_DATES&search_type=HOMEPAGE_CAROUSEL_CLICK,3
card-container,Apartment in Mombasa,Caramel’s home,https://www.airbnb.com/rooms/1389890622626748555?search_mode=regular_search&adults=1&check_in=2026-05-22&check_out=2026-05-24&children=0&infants=0&pets=0&source_impression_id=p3_1759054558_P3HxvqW7e20Da5YW&previous_page_section_name=1000&federated_search_id=67f8ff87-8f46-405c-8fb7-be02760eb1b4,1389890622626748555,"1 queen bed
1 queen bed",N/A,"KSh 5,593",N/A,2 nights,N/A,N/A,N/A,8,2025-09-28 13:16:01,"Mombasa
_
_
Guest favorite
Guest favorite
Apartment in Mombasa
KSh 4",https://www.airbnb.com/s/Mombasa/homes?place_id=ChIJM45ffcMMQBgRLEF4BSSBr7A&refinement_paths%5B%5D=%2Fhomes&flexible_trip_lengths%5B%5D=weekend_trip&date_picker_type=FLEXIBLE_DATES&search_type=HOMEPAGE_CAROUSEL_CLICK,3
card-container,Apartment in Mombasa,"Cozy 1 bedroom in Nyali, WI-FI, Hot shower",https://www.airbnb.com/rooms/1067318849897278360?search_mode=regular_search&adults=1&check_in=2026-03-20&check_out=2026-03-22&children=0&infants=0&pets=0&source_impression_id=p3_1759054558_P3e8OXDEAghj2lBu&previous_page_section_name=1000&federated_search_id=67f8ff87-8f46-405c-8fb7-be02760eb1b4,1067318849897278360,"Cozy 1 bedroom in Nyali, WI-FI, Hot shower | 1 bedroom
1 bedroom","Mar 20 – 22
Mar 20 – 22","KSh 7,802",N/A,2 nights,N/A,N/A,N/A,8,2025-09-28 13:16:01,"Mombasa
_
_
Guest favorite
Guest favorite
Apartment in Mombasa
KSh 4",https://www.airbnb.com/s/Mombasa/homes?place_id=ChIJM45ffcMMQBgRLEF4BSSBr7A&refinement_paths%5B%5D=%2Fhomes&flexible_trip_lengths%5B%5D=weekend_trip&date_picker_type=FLEXIBLE_DATES&search_type=HOMEPAGE_CAROUSEL_CLICK,3
card-container,Apartment in Mombasa,"Tranquil 1Br |55""Tv+WI-FI /Prideinn/0727155&444/AC",https://www.airbnb.com/rooms/986600639803106475?search_mode=regular_search&adults=1&check_in=2026-02-13&check_out=2026-02-15&children=0&infants=0&pets=0&source_impression_id=p3_1759054558_P3WB95-kI70mmZ5t&previous_page_section_name=1000&federated_search_id=67f8ff87-8f46-405c-8fb7-be02760eb1b4,986600639803106475,"1 bedroom
1 bedroom
1 queen bed
,
 · 1 queen bed","Feb 13 – 15
Feb 13 – 15","KSh 8,538",N/A,2 nights,N/A,N/A,N/A,8,2025-09-28 13:16:01,"Mombasa
_
_
Guest favorite
Guest favorite
Apartment in Mombasa
KSh 4",https://www.airbnb.com/s/Mombasa/homes?place_id=ChIJM45ffcMMQBgRLEF4BSSBr7A&refinement_paths%5B%5D=%2Fhomes&flexible_trip_lengths%5B%5D=weekend_trip&date_picker_type=FLEXIBLE_DATES&search_type=HOMEPAGE_CAROUSEL_CLICK,3
card-container,Loft in Mombasa,Cosy Loft With Rooftop Swimming Pool -Nyali Road,https://www.airbnb.com/rooms/50493489?search_mode=regular_search&adults=1&check_in=2026-01-30&check_out=2026-02-01&children=0&infants=0&pets=0&source_impression_id=p3_1759054558_P3qQLVo0XFWQ_U1j&previous_page_section_name=1000&federated_search_id=67f8ff87-8f46-405c-8fb7-be02760eb1b4,50493489,"2 bedrooms
2 bedrooms
2 beds
,
 · 2 beds","Jan 30 – Feb 1
Jan 30 – Feb 1","KSh 12,153","KSh 12,153",2 nights,N/A,N/A,N/A,8,2025-09-28 13:16:02,"Mombasa
_
_
Guest favorite
Guest favorite
Apartment in Mombasa
KSh 4",https://www.airbnb.com/s/Mombasa/homes?place_id=ChIJM45ffcMMQBgRLEF4BSSBr7A&refinement_paths%5B%5D=%2Fhomes&flexible_trip_lengths%5B%5D=weekend_trip&date_picker_type=FLEXIBLE_DATES&search_type=HOMEPAGE_CAROUSEL_CLICK,3
card-container,Apartment in Mombasa,Homely Nyali Studio,https://www.airbnb.com/rooms/1358133839977517394?search_mode=regular_search&adults=1&check_in=2025-12-05&check_out=2025-12-07&children=0&infants=0&pets=0&source_impression_id=p3_1759054558_P3Lvt3MVUjEvObZz&previous_page_section_name=1000&federated_search_id=67f8ff87-8f46-405c-8fb7-be02760eb1b4,1358133839977517394,"1 bedroom
1 bedroom
1 queen bed
,
 · 1 queen bed","Dec 5 – 7
Dec 5 – 7","KSh 8,833",N/A,2 nights,N/A,N/A,N/A,8,2025-09-28 13:16:02,"Mombasa
_
_
Guest favorite
Guest favorite
Apartment in Mombasa
KSh 4",https://www.airbnb.com/s/Mombasa/homes?place_id=ChIJM45ffcMMQBgRLEF4BSSBr7A&refinement_paths%5B%5D=%2Fhomes&flexible_trip_lengths%5B%5D=weekend_trip&date_picker_type=FLEXIBLE_DATES&search_type=HOMEPAGE_CAROUSEL_CLICK,3
card-container,Apartment in Mombasa,Shanzu Beachway,https://www.airbnb.com/rooms/827286762183963609?search_mode=regular_search&adults=1&check_in=2026-06-19&check_out=2026-06-21&children=0&infants=0&pets=0&source_impression_id=p3_1759054558_P3A9aj63_cEBU5fj&previous_page_section_name=1000&federated_search_id=67f8ff87-8f46-405c-8fb7-be02760eb1b4,827286762183963609,"1 bedroom
1 bedroom
1 bed
,
 · 1 bed",N/A,"KSh 7,361",N/A,2 nights,N/A,N/A,N/A,8,2025-09-28 13:16:02,"Mombasa
_
_
Guest favorite
Guest favorite
Apartment in Mombasa
KSh 4",https://www.airbnb.com/s/Mombasa/homes?place_id=ChIJM45ffcMMQBgRLEF4BSSBr7A&refinement_paths%5B%5D=%2Fhomes&flexible_trip_lengths%5B%5D=weekend_trip&date_picker_type=FLEXIBLE_DATES&search_type=HOMEPAGE_CAROUSEL_CLICK,3
card-container,Apartment in Mombasa,Available cozy studio @ Mombasa near public beach,https://www.airbnb.com/rooms/928712334119526770?search_mode=regular_search&adults=1&check_in=2026-03-20&check_out=2026-03-22&children=0&infants=0&pets=0&source_impression_id=p3_1759054558_P3tXDz1Mxk_jYfFS&previous_page_section_name=1000&federated_search_id=67f8ff87-8f46-405c-8fb7-be02760eb1b4,928712334119526770,"1 king bed
1 king bed","Mar 20 – 22
Mar 20 – 22","KSh 4,122",N/A,2 nights,N/A,N/A,N/A,8,2025-09-28 13:16:02,"Mombasa
_
_
Guest favorite
Guest favorite
Apartment in Mombasa
KSh 4",https://www.airbnb.com/s/Mombasa/homes?place_id=ChIJM45ffcMMQBgRLEF4BSSBr7A&refinement_paths%5B%5D=%2Fhomes&flexible_trip_lengths%5B%5D=weekend_trip&date_picker_type=FLEXIBLE_DATES&search_type=HOMEPAGE_CAROUSEL_CLICK,3
card-container,Apartment in Mombasa,Buxton point Apartment,https://www.airbnb.com/rooms/1429661411976938751?search_mode=regular_search&adults=1&check_in=2025-11-21&check_out=2025-11-23&children=0&infants=0&pets=0&source_impression_id=p3_1759054558_P3H8y5R6Q7jeTYSG&previous_page_section_name=1000&federated_search_id=67f8ff87-8f46-405c-8fb7-be02760eb1b4,1429661411976938751,"1 bedroom
1 bedroom
1 bed
,
 · 1 bed","Nov 21 – 23
Nov 21 – 23","KSh 7,655",N/A,2 nights,N/A,N/A,N/A,8,2025-09-28 13:16:02,"Mombasa
_
_
Guest favorite
Guest favorite
Apartment in Mombasa
KSh 4",https://www.airbnb.com/s/Mombasa/homes?place_id=ChIJM45ffcMMQBgRLEF4BSSBr7A&refinement_paths%5B%5D=%2Fhomes&flexible_trip_lengths%5B%5D=weekend_trip&date_picker_type=FLEXIBLE_DATES&search_type=HOMEPAGE_CAROUSEL_CLICK,3
card-container,Room in Nyali,Luxury Room ★ Double En-suite,https://www.airbnb.com/rooms/41953716?search_mode=regular_search&adults=1&category_tag=Tag%3A8678&check_in=2025-10-03&check_out=2025-10-05&children=0&infants=0&pets=0&photo_id=1089377016&source_impression_id=p3_1759054563_P3VHRPvkQERqMp5R&previous_page_section_name=1000&federated_search_id=7e0cdd95-832e-4210-ab20-c23071189072,41953716,"1 double bed
1 double bed","Oct 3 – 5
Oct 3 – 5","KSh 3,827",N/A,2 nights,N/A,N/A,N/A,9,2025-09-28 13:16:05,"Mombasa
_
_
Guest favorite
Guest favorite
Apartment in Mombasa
KSh 4",https://www.airbnb.com/s/Mombasa/homes?place_id=ChIJM45ffcMMQBgRLEF4BSSBr7A&refinement_paths%5B%5D=%2Fhomes&flexible_trip_lengths%5B%5D=weekend_trip&date_picker_type=FLEXIBLE_DATES&search_type=HOMEPAGE_CAROUSEL_CLICK,3
card-container,Apartment in Nyali,Sisimua: Cozy Studio in Bamburi,https://www.airbnb.com/rooms/1073281233917545835?search_mode=regular_search&adults=1&check_in=2025-12-26&check_out=2025-12-28&children=0&infants=0&pets=0&source_impression_id=p3_1759054563_P3qx3v7FKAo0yZ1d&previous_page_section_name=1000&federated_search_id=7e0cdd95-832e-4210-ab20-c23071189072,1073281233917545835,"1 bedroom
1 bedroom
1 bed
,
 · 1 bed","Dec 26 – 28
Dec 26 – 28","KSh 4,417",N/A,2 nights,N/A,N/A,N/A,9,2025-09-28 13:16:05,"Mombasa
_
_
Guest favorite
Guest favorite
Apartment in Mombasa
KSh 4",https://www.airbnb.com/s/Mombasa/homes?place_id=ChIJM45ffcMMQBgRLEF4BSSBr7A&refinement_paths%5B%5D=%2Fhomes&flexible_trip_lengths%5B%5D=weekend_trip&date_picker_type=FLEXIBLE_DATES&search_type=HOMEPAGE_CAROUSEL_CLICK,3
card-container,Apartment in Nyali,Spacious studio APT in Nyali with outdoor balcony,https://www.airbnb.com/rooms/53792516?search_mode=regular_search&adults=1&check_in=2025-10-17&check_out=2025-10-19&children=0&infants=0&pets=0&source_impression_id=p3_1759054563_P3jSJgYsiHsyBek2&previous_page_section_name=1000&federated_search_id=7e0cdd95-832e-4210-ab20-c23071189072,53792516,"1 bedroom
1 bedroom
1 queen bed
,
 · 1 queen bed","Oct 17 – 19
Oct 17 – 19","KSh 7,802",N/A,2 nights,N/A,N/A,N/A,9,2025-09-28 13:16:05,"Mombasa
_
_
Guest favorite
Guest favorite
Apartment in Mombasa
KSh 4",https://www.airbnb.com/s/Mombasa/homes?place_id=ChIJM45ffcMMQBgRLEF4BSSBr7A&refinement_paths%5B%5D=%2Fhomes&flexible_trip_lengths%5B%5D=weekend_trip&date_picker_type=FLEXIBLE_DATES&search_type=HOMEPAGE_CAROUSEL_CLICK,3
card-container,Condo in Nyali,Calmatea Garden Apartment,https://www.airbnb.com/rooms/26905784?search_mode=regular_search&adults=1&check_in=2025-10-17&check_out=2025-10-19&children=0&infants=0&pets=0&source_impression_id=p3_1759054563_P3BUzez9aNF8pLS7&previous_page_section_name=1000&federated_search_id=7e0cdd95-832e-4210-ab20-c23071189072,26905784,"1 bedroom
1 bedroom
2 beds
,
 · 2 beds","Oct 17 – 19
Oct 17 – 19","KSh 8,421",N/A,2 nights,N/A,N/A,N/A,9,2025-09-28 13:16:05,"Mombasa
_
_
Guest favorite
Guest favorite
Apartment in Mombasa
KSh 4",https://www.airbnb.com/s/Mombasa/homes?place_id=ChIJM45ffcMMQBgRLEF4BSSBr7A&refinement_paths%5B%5D=%2Fhomes&flexible_trip_lengths%5B%5D=weekend_trip&date_picker_type=FLEXIBLE_DATES&search_type=HOMEPAGE_CAROUSEL_CLICK,3
card-container,Apartment in Tononoka,Buxton apt/ hot shower/Pool/1 bedroom 1Bed/AC/GYM,https://www.airbnb.com/rooms/1244359523784983268?search_mode=regular_search&adults=1&check_in=2026-08-07&check_out=2026-08-09&children=0&infants=0&pets=0&source_impression_id=p3_1759054563_P3ipxBqOv4PdiutY&previous_page_section_name=1000&federated_search_id=7e0cdd95-832e-4210-ab20-c23071189072,1244359523784983268,"Buxton apt/ hot shower/Pool/1 bedroom 1Bed/AC/GYM | 1 bedroom
1 bedroom
1 bed
,
 · 1 bed",N/A,"KSh 7,655",N/A,2 nights,N/A,N/A,N/A,9,2025-09-28 13:16:05,"Mombasa
_
_
Guest favorite
Guest favorite
Apartment in Mombasa
KSh 4",https://www.airbnb.com/s/Mombasa/homes?place_id=ChIJM45ffcMMQBgRLEF4BSSBr7A&refinement_paths%5B%5D=%2Fhomes&flexible_trip_lengths%5B%5D=weekend_trip&date_picker_type=FLEXIBLE_DATES&search_type=HOMEPAGE_CAROUSEL_CLICK,3
card-container,Apartment in Nyali,Cozy 3 bedroom Apartment-2 Min Walk To The Beach,https://www.airbnb.com/rooms/1389759594222332302?search_mode=regular_search&adults=1&check_in=2025-11-28&check_out=2025-11-30&children=0&infants=0&pets=0&source_impression_id=p3_1759054563_P3Z8O0LVSe63bsId&previous_page_section_name=1000&federated_search_id=7e0cdd95-832e-4210-ab20-c23071189072,1389759594222332302,"Cozy 3 bedroom Apartment-2 Min Walk To The Beach | 3 bedrooms
3 bedrooms
4 beds
,
 · 4 beds","Nov 28 – 30
Nov 28 – 30","KSh 32,387",N/A,2 nights,N/A,N/A,N/A,9,2025-09-28 13:16:05,"Mombasa
_
_
Guest favorite
Guest favorite
Apartment in Mombasa
KSh 4",https://www.airbnb.com/s/Mombasa/homes?place_id=ChIJM45ffcMMQBgRLEF4BSSBr7A&refinement_paths%5B%5D=%2Fhomes&flexible_trip_lengths%5B%5D=weekend_trip&date_picker_type=FLEXIBLE_DATES&search_type=HOMEPAGE_CAROUSEL_CLICK,3
card-container,Apartment in Mombasa,Sielle Apartment0116570504-Sunsweet Resort w pool,https://www.airbnb.com/rooms/1367767536295264058?search_mode=regular_search&adults=1&check_in=2026-03-27&check_out=2026-03-29&children=0&infants=0&pets=0&source_impression_id=p3_1759054563_P3bluu0qnJ1v5ukZ&previous_page_section_name=1000&federated_search_id=7e0cdd95-832e-4210-ab20-c23071189072,1367767536295264058,"1 bedroom
1 bedroom
1 king bed
,
 · 1 king bed","Mar 27 – 29
Mar 27 – 29","KSh 5,593",N/A,2 nights,N/A,N/A,N/A,9,2025-09-28 13:16:06,"Mombasa
_
_
Guest favorite
Guest favorite
Apartment in Mombasa
KSh 4",https://www.airbnb.com/s/Mombasa/homes?place_id=ChIJM45ffcMMQBgRLEF4BSSBr7A&refinement_paths%5B%5D=%2Fhomes&flexible_trip_lengths%5B%5D=weekend_trip&date_picker_type=FLEXIBLE_DATES&search_type=HOMEPAGE_CAROUSEL_CLICK,3
card-container,Apartment in Mombasa,Modern 3Br Penthouse w/ ocean view & pool,https://www.airbnb.com/rooms/549616073913401595?search_mode=regular_search&adults=1&check_in=2026-07-31&check_out=2026-08-02&children=0&infants=0&pets=0&source_impression_id=p3_1759054563_P3YnxSyZCnud3kbB&previous_page_section_name=1000&federated_search_id=7e0cdd95-832e-4210-ab20-c23071189072,549616073913401595,"3 bedrooms
3 bedrooms
3 beds
,
 · 3 beds",N/A,"KSh 17,371",N/A,2 nights,N/A,N/A,N/A,9,2025-09-28 13:16:06,"Mombasa
_
_
Guest favorite
Guest favorite
Apartment in Mombasa
KSh 4",https://www.airbnb.com/s/Mombasa/homes?place_id=ChIJM45ffcMMQBgRLEF4BSSBr7A&refinement_paths%5B%5D=%2Fhomes&flexible_trip_lengths%5B%5D=weekend_trip&date_picker_type=FLEXIBLE_DATES&search_type=HOMEPAGE_CAROUSEL_CLICK,3
card-container,Home in Mombasa,Spacious Centrally Located Rooftop Suite,https://www.airbnb.com/rooms/929019219201891693?search_mode=regular_search&adults=1&check_in=2026-01-16&check_out=2026-01-18&children=0&infants=0&pets=0&source_impression_id=p3_1759054563_P3hEC7XF_qp9V4kl&previous_page_section_name=1000&federated_search_id=7e0cdd95-832e-4210-ab20-c23071189072,929019219201891693,"1 bedroom
1 bedroom
1 king bed
,
 · 1 king bed","Jan 16 – 18
Jan 16 – 18","KSh 7,361",N/A,2 nights,N/A,N/A,N/A,9,2025-09-28 13:16:06,"Mombasa
_
_
Guest favorite
Guest favorite
Apartment in Mombasa
KSh 4",https://www.airbnb.com/s/Mombasa/homes?place_id=ChIJM45ffcMMQBgRLEF4BSSBr7A&refinement_paths%5B%5D=%2Fhomes&flexible_trip_lengths%5B%5D=weekend_trip&date_picker_type=FLEXIBLE_DATES&search_type=HOMEPAGE_CAROUSEL_CLICK,3
card-container,Apartment in Nyali,1 bedrm Apt wi-fi rooftop pool currently in use,https://www.airbnb.com/rooms/842681253182744711?search_mode=regular_search&adults=1&check_in=2025-10-24&check_out=2025-10-26&children=0&infants=0&pets=0&source_impression_id=p3_1759054563_P3OLgs_zJdpZAExX&previous_page_section_name=1000&federated_search_id=7e0cdd95-832e-4210-ab20-c23071189072,842681253182744711,"1 bedrm Apt wi-fi rooftop pool currently in use | 1 bedroom
1 bedroom
1 bed
,
 · 1 bed","Oct 24 – 26
Oct 24 – 26","KSh 5,593",N/A,2 nights,N/A,N/A,N/A,9,2025-09-28 13:16:06,"Mombasa
_
_
Guest favorite
Guest favorite
Apartment in Mombasa
KSh 4",https://www.airbnb.com/s/Mombasa/homes?place_id=ChIJM45ffcMMQBgRLEF4BSSBr7A&refinement_paths%5B%5D=%2Fhomes&flexible_trip_lengths%5B%5D=weekend_trip&date_picker_type=FLEXIBLE_DATES&search_type=HOMEPAGE_CAROUSEL_CLICK,3
card-container,Apartment in Mombasa,"1BR:Pool, Gym, Hot Shower, WiFi, AirCon-Extra Cost",https://www.airbnb.com/rooms/1107205332524345169?search_mode=regular_search&adults=1&check_in=2026-01-09&check_out=2026-01-11&children=0&infants=0&pets=0&source_impression_id=p3_1759054563_P3mFwM5kDXshSGEz&previous_page_section_name=1000&federated_search_id=7e0cdd95-832e-4210-ab20-c23071189072,1107205332524345169,"1 bedroom
1 bedroom
1 king bed
,
 · 1 king bed","Jan 9 – 11
Jan 9 – 11","KSh 8,538",N/A,2 nights,N/A,N/A,N/A,9,2025-09-28 13:16:06,"Mombasa
_
_
Guest favorite
Guest favorite
Apartment in Mombasa
KSh 4",https://www.airbnb.com/s/Mombasa/homes?place_id=ChIJM45ffcMMQBgRLEF4BSSBr7A&refinement_paths%5B%5D=%2Fhomes&flexible_trip_lengths%5B%5D=weekend_trip&date_picker_type=FLEXIBLE_DATES&search_type=HOMEPAGE_CAROUSEL_CLICK,3
card-container,Apartment in Mombasa,A Modern & Homely 1BR near CBD,https://www.airbnb.com/rooms/1135400183346385950?search_mode=regular_search&adults=1&check_in=2025-11-14&check_out=2025-11-16&children=0&infants=0&pets=0&source_impression_id=p3_1759054563_P3pFA6Q-qUw61omV&previous_page_section_name=1000&federated_search_id=7e0cdd95-832e-4210-ab20-c23071189072,1135400183346385950,"1 bedroom
1 bedroom
1 queen bed
,
 · 1 queen bed","Nov 14 – 16
Nov 14 – 16","KSh 8,244",N/A,2 nights,N/A,N/A,N/A,9,2025-09-28 13:16:06,"Mombasa
_
_
Guest favorite
Guest favorite
Apartment in Mombasa
KSh 4",https://www.airbnb.com/s/Mombasa/homes?place_id=ChIJM45ffcMMQBgRLEF4BSSBr7A&refinement_paths%5B%5D=%2Fhomes&flexible_trip_lengths%5B%5D=weekend_trip&date_picker_type=FLEXIBLE_DATES&search_type=HOMEPAGE_CAROUSEL_CLICK,3
card-container,Apartment in Nyali,Cozy Studio In Nyali Mombasa 2C,https://www.airbnb.com/rooms/1247752940432385787?search_mode=regular_search&adults=1&check_in=2025-10-03&check_out=2025-10-05&children=0&infants=0&pets=0&source_impression_id=p3_1759054563_P3LTxaUM1coDefoi&previous_page_section_name=1000&federated_search_id=7e0cdd95-832e-4210-ab20-c23071189072,1247752940432385787,"1 bedroom
1 bedroom
1 single bed
,
 · 1 single bed","Oct 3 – 5
Oct 3 – 5","KSh 5,889",N/A,2 nights,N/A,N/A,N/A,9,2025-09-28 13:16:06,"Mombasa
_
_
Guest favorite
Guest favorite
Apartment in Mombasa
KSh 4",https://www.airbnb.com/s/Mombasa/homes?place_id=ChIJM45ffcMMQBgRLEF4BSSBr7A&refinement_paths%5B%5D=%2Fhomes&flexible_trip_lengths%5B%5D=weekend_trip&date_picker_type=FLEXIBLE_DATES&search_type=HOMEPAGE_CAROUSEL_CLICK,3
card-container,Apartment in Nyali,Amaris Seaview Paradise Studio lift/swim-pool,https://www.airbnb.com/rooms/1218183385048594137?search_mode=regular_search&adults=1&check_in=2026-09-11&check_out=2026-09-13&children=0&infants=0&pets=0&source_impression_id=p3_1759054563_P3f8XVub-KD6Fbtv&previous_page_section_name=1000&federated_search_id=7e0cdd95-832e-4210-ab20-c23071189072,1218183385048594137,"1 queen bed
1 queen bed",N/A,"KSh 10,202",N/A,2 nights,N/A,N/A,N/A,9,2025-09-28 13:16:06,"Mombasa
_
_
Guest favorite
Guest favorite
Apartment in Mombasa
KSh 4",https://www.airbnb.com/s/Mombasa/homes?place_id=ChIJM45ffcMMQBgRLEF4BSSBr7A&refinement_paths%5B%5D=%2Fhomes&flexible_trip_lengths%5B%5D=weekend_trip&date_picker_type=FLEXIBLE_DATES&search_type=HOMEPAGE_CAROUSEL_CLICK,3
card-container,Apartment in Mombasa,Zahra Homes,https://www.airbnb.com/rooms/1048258081697330743?search_mode=regular_search&adults=1&check_in=2026-01-30&check_out=2026-02-01&children=0&infants=0&pets=0&source_impression_id=p3_1759054563_P3a-D1wBj4e5ThqT&previous_page_section_name=1000&federated_search_id=7e0cdd95-832e-4210-ab20-c23071189072,1048258081697330743,"1 bedroom
1 bedroom
1 king bed
,
 · 1 king bed","Jan 30 – Feb 1
Jan 30 – Feb 1","KSh 7,802",N/A,2 nights,N/A,N/A,N/A,9,2025-09-28 13:16:06,"Mombasa
_
_
Guest favorite
Guest favorite
Apartment in Mombasa
KSh 4",https://www.airbnb.com/s/Mombasa/homes?place_id=ChIJM45ffcMMQBgRLEF4BSSBr7A&refinement_paths%5B%5D=%2Fhomes&flexible_trip_lengths%5B%5D=weekend_trip&date_picker_type=FLEXIBLE_DATES&search_type=HOMEPAGE_CAROUSEL_CLICK,3
card-container,Condo in Mombasa,Lazuli Penthouse.,https://www.airbnb.com/rooms/1332274788426013567?search_mode=regular_search&adults=1&check_in=2026-09-18&check_out=2026-09-20&children=0&infants=0&pets=0&source_impression_id=p3_1759054563_P3VICj6d5lNhIplj&previous_page_section_name=1000&federated_search_id=7e0cdd95-832e-4210-ab20-c23071189072,1332274788426013567,"3 bedrooms
3 bedrooms
3 queen beds
,
 · 3 queen beds",N/A,"KSh 15,899",N/A,2 nights,N/A,N/A,N/A,9,2025-09-28 13:16:06,"Mombasa
_
_
Guest favorite
Guest favorite
Apartment in Mombasa
KSh 4",https://www.airbnb.com/s/Mombasa/homes?place_id=ChIJM45ffcMMQBgRLEF4BSSBr7A&refinement_paths%5B%5D=%2Fhomes&flexible_trip_lengths%5B%5D=weekend_trip&date_picker_type=FLEXIBLE_DATES&search_type=HOMEPAGE_CAROUSEL_CLICK,3
card-container,Apartment in Bamburi,Cozy CowrieShell Beach Apartments Studio A44,https://www.airbnb.com/rooms/16463995?search_mode=regular_search&adults=1&check_in=2026-06-26&check_out=2026-06-28&children=0&infants=0&pets=0&source_impression_id=p3_1759054563_P3HmsClqiQuW2Cdj&previous_page_section_name=1000&federated_search_id=7e0cdd95-832e-4210-ab20-c23071189072,16463995,"1 bedroom
1 bedroom
2 beds
,
 · 2 beds",N/A,"KSh 13,838",N/A,2 nights,N/A,N/A,N/A,9,2025-09-28 13:16:06,"Mombasa
_
_
Guest favorite
Guest favorite
Apartment in Mombasa
KSh 4",https://www.airbnb.com/s/Mombasa/homes?place_id=ChIJM45ffcMMQBgRLEF4BSSBr7A&refinement_paths%5B%5D=%2Fhomes&flexible_trip_lengths%5B%5D=weekend_trip&date_picker_type=FLEXIBLE_DATES&search_type=HOMEPAGE_CAROUSEL_CLICK,3
card-container,Apartment in Mombasa,D7 Ocean View ONE BEDROOM Duplex Apartment.,https://www.airbnb.com/rooms/45004422?search_mode=regular_search&adults=1&check_in=2025-12-12&check_out=2025-12-14&children=0&infants=0&pets=0&source_impression_id=p3_1759054563_P3II0UHvHLxXy-Is&previous_page_section_name=1000&federated_search_id=7e0cdd95-832e-4210-ab20-c23071189072,45004422,"D7 Ocean View ONE BEDROOM Duplex Apartment. | 1 bedroom
1 bedroom
1 queen bed
,
 · 1 queen bed","Dec 12 – 14
Dec 12 – 14","KSh 20,609",N/A,2 nights,N/A,N/A,N/A,9,2025-09-28 13:16:07,"Mombasa
_
_
Guest favorite
Guest favorite
Apartment in Mombasa
KSh 4",https://www.airbnb.com/s/Mombasa/homes?place_id=ChIJM45ffcMMQBgRLEF4BSSBr7A&refinement_paths%5B%5D=%2Fhomes&flexible_trip_lengths%5B%5D=weekend_trip&date_picker_type=FLEXIBLE_DATES&search_type=HOMEPAGE_CAROUSEL_CLICK,3
card-container,,,https://www.airbnb.com/rooms/861428094402008348?search_mode=regular_search&adults=1&check_in=2026-06-05&check_out=2026-06-07&children=0&infants=0&pets=0&source_impression_id=p3_1759054568_P3dhoU-kgmW9BXfv&previous_page_section_name=1000&federated_search_id=be87efa1-e290-4963-8ba9-06724b6d282b,861428094402008348,N/A,N/A,N/A,N/A,N/A,N/A,N/A,N/A,10,2025-09-28 13:16:10,"Mombasa
_
_
Guest favorite
Guest favorite
Apartment in Mombasa
KSh 4",https://www.airbnb.com/s/Mombasa/homes?place_id=ChIJM45ffcMMQBgRLEF4BSSBr7A&refinement_paths%5B%5D=%2Fhomes&flexible_trip_lengths%5B%5D=weekend_trip&date_picker_type=FLEXIBLE_DATES&search_type=HOMEPAGE_CAROUSEL_CLICK,3
card-container,,,https://www.airbnb.com/rooms/1456246766625477916?search_mode=regular_search&adults=1&check_in=2026-01-16&check_out=2026-01-18&children=0&infants=0&pets=0&source_impression_id=p3_1759054568_P3Ojif8AdBa5EC2_&previous_page_section_name=1000&federated_search_id=be87efa1-e290-4963-8ba9-06724b6d282b,1456246766625477916,N/A,N/A,N/A,N/A,N/A,N/A,N/A,N/A,10,2025-09-28 13:16:10,"Mombasa
_
_
Guest favorite
Guest favorite
Apartment in Mombasa
KSh 4",https://www.airbnb.com/s/Mombasa/homes?place_id=ChIJM45ffcMMQBgRLEF4BSSBr7A&refinement_paths%5B%5D=%2Fhomes&flexible_trip_lengths%5B%5D=weekend_trip&date_picker_type=FLEXIBLE_DATES&search_type=HOMEPAGE_CAROUSEL_CLICK,3
card-container,,,https://www.airbnb.com/rooms/36965817?search_mode=regular_search&adults=1&check_in=2026-05-15&check_out=2026-05-17&children=0&infants=0&pets=0&source_impression_id=p3_1759054568_P3XoyyT_EqgLh3Ay&previous_page_section_name=1000&federated_search_id=be87efa1-e290-4963-8ba9-06724b6d282b,36965817,N/A,N/A,N/A,N/A,N/A,N/A,N/A,N/A,10,2025-09-28 13:16:10,"Mombasa
_
_
Guest favorite
Guest favorite
Apartment in Mombasa
KSh 4",https://www.airbnb.com/s/Mombasa/homes?place_id=ChIJM45ffcMMQBgRLEF4BSSBr7A&refinement_paths%5B%5D=%2Fhomes&flexible_trip_lengths%5B%5D=weekend_trip&date_picker_type=FLEXIBLE_DATES&search_type=HOMEPAGE_CAROUSEL_CLICK,3
card-container,,,https://www.airbnb.com/rooms/766710437333542948?search_mode=regular_search&adults=1&check_in=2026-01-09&check_out=2026-01-11&children=0&infants=0&pets=0&source_impression_id=p3_1759054568_P3LLUQBV0omISgV2&previous_page_section_name=1000&federated_search_id=be87efa1-e290-4963-8ba9-06724b6d282b,766710437333542948,N/A,N/A,N/A,N/A,N/A,N/A,N/A,N/A,10,2025-09-28 13:16:10,"Mombasa
_
_
Guest favorite
Guest favorite
Apartment in Mombasa
KSh 4",https://www.airbnb.com/s/Mombasa/homes?place_id=ChIJM45ffcMMQBgRLEF4BSSBr7A&refinement_paths%5B%5D=%2Fhomes&flexible_trip_lengths%5B%5D=weekend_trip&date_picker_type=FLEXIBLE_DATES&search_type=HOMEPAGE_CAROUSEL_CLICK,3
card-container,,,https://www.airbnb.com/rooms/37534877?search_mode=regular_search&adults=1&check_in=2026-05-22&check_out=2026-05-24&children=0&infants=0&pets=0&source_impression_id=p3_1759054568_P3W1g3mMQ-nn8VCK&previous_page_section_name=1000&federated_search_id=be87efa1-e290-4963-8ba9-06724b6d282b,37534877,N/A,N/A,N/A,N/A,N/A,N/A,N/A,N/A,10,2025-09-28 13:16:10,"Mombasa
_
_
Guest favorite
Guest favorite
Apartment in Mombasa
KSh 4",https://www.airbnb.com/s/Mombasa/homes?place_id=ChIJM45ffcMMQBgRLEF4BSSBr7A&refinement_paths%5B%5D=%2Fhomes&flexible_trip_lengths%5B%5D=weekend_trip&date_picker_type=FLEXIBLE_DATES&search_type=HOMEPAGE_CAROUSEL_CLICK,3
card-container,,,https://www.airbnb.com/rooms/983159169282931854?search_mode=regular_search&adults=1&check_in=2026-06-19&check_out=2026-06-21&children=0&infants=0&pets=0&source_impression_id=p3_1759054568_P37dqoujEBobZ5_4&previous_page_section_name=1000&federated_search_id=be87efa1-e290-4963-8ba9-06724b6d282b,983159169282931854,N/A,N/A,N/A,N/A,N/A,N/A,N/A,N/A,10,2025-09-28 13:16:10,"Mombasa
_
_
Guest favorite
Guest favorite
Apartment in Mombasa
KSh 4",https://www.airbnb.com/s/Mombasa/homes?place_id=ChIJM45ffcMMQBgRLEF4BSSBr7A&refinement_paths%5B%5D=%2Fhomes&flexible_trip_lengths%5B%5D=weekend_trip&date_picker_type=FLEXIBLE_DATES&search_type=HOMEPAGE_CAROUSEL_CLICK,3
card-container,,,https://www.airbnb.com/rooms/1252006437501334667?search_mode=regular_search&adults=1&check_in=2026-01-02&check_out=2026-01-04&children=0&infants=0&pets=0&source_impression_id=p3_1759054568_P3SR9iLEcn9XBdSi&previous_page_section_name=1000&federated_search_id=be87efa1-e290-4963-8ba9-06724b6d282b,1252006437501334667,N/A,N/A,N/A,N/A,N/A,N/A,N/A,N/A,10,2025-09-28 13:16:10,"Mombasa
_
_
Guest favorite
Guest favorite
Apartment in Mombasa
KSh 4",https://www.airbnb.com/s/Mombasa/homes?place_id=ChIJM45ffcMMQBgRLEF4BSSBr7A&refinement_paths%5B%5D=%2Fhomes&flexible_trip_lengths%5B%5D=weekend_trip&date_picker_type=FLEXIBLE_DATES&search_type=HOMEPAGE_CAROUSEL_CLICK,3
card-container,,,https://www.airbnb.com/rooms/881080236398440697?search_mode=regular_search&adults=1&check_in=2026-04-10&check_out=2026-04-12&children=0&infants=0&pets=0&source_impression_id=p3_1759054568_P3MybpThxYJKTUEA&previous_page_section_name=1000&federated_search_id=be87efa1-e290-4963-8ba9-06724b6d282b,881080236398440697,N/A,N/A,N/A,N/A,N/A,N/A,N/A,N/A,10,2025-09-28 13:16:10,"Mombasa
_
_
Guest favorite
Guest favorite
Apartment in Mombasa
KSh 4",https://www.airbnb.com/s/Mombasa/homes?place_id=ChIJM45ffcMMQBgRLEF4BSSBr7A&refinement_paths%5B%5D=%2Fhomes&flexible_trip_lengths%5B%5D=weekend_trip&date_picker_type=FLEXIBLE_DATES&search_type=HOMEPAGE_CAROUSEL_CLICK,3
card-container,,,https://www.airbnb.com/rooms/1328120147728170793?search_mode=regular_search&adults=1&check_in=2026-03-20&check_out=2026-03-22&children=0&infants=0&pets=0&source_impression_id=p3_1759054568_P3is1Y8TTDIHRvP-&previous_page_section_name=1000&federated_search_id=be87efa1-e290-4963-8ba9-06724b6d282b,1328120147728170793,N/A,N/A,N/A,N/A,N/A,N/A,N/A,N/A,10,2025-09-28 13:16:10,"Mombasa
_
_
Guest favorite
Guest favorite
Apartment in Mombasa
KSh 4",https://www.airbnb.com/s/Mombasa/homes?place_id=ChIJM45ffcMMQBgRLEF4BSSBr7A&refinement_paths%5B%5D=%2Fhomes&flexible_trip_lengths%5B%5D=weekend_trip&date_picker_type=FLEXIBLE_DATES&search_type=HOMEPAGE_CAROUSEL_CLICK,3
card-container,,,https://www.airbnb.com/rooms/1350871869807032575?search_mode=regular_search&adults=1&check_in=2026-07-10&check_out=2026-07-12&children=0&infants=0&pets=0&source_impression_id=p3_1759054568_P3oxnW4jiSnl2fXE&previous_page_section_name=1000&federated_search_id=be87efa1-e290-4963-8ba9-06724b6d282b,1350871869807032575,N/A,N/A,N/A,N/A,N/A,N/A,N/A,N/A,10,2025-09-28 13:16:10,"Mombasa
_
_
Guest favorite
Guest favorite
Apartment in Mombasa
KSh 4",https://www.airbnb.com/s/Mombasa/homes?place_id=ChIJM45ffcMMQBgRLEF4BSSBr7A&refinement_paths%5B%5D=%2Fhomes&flexible_trip_lengths%5B%5D=weekend_trip&date_picker_type=FLEXIBLE_DATES&search_type=HOMEPAGE_CAROUSEL_CLICK,3
card-container,,,https://www.airbnb.com/rooms/1077353704104488565?search_mode=regular_search&adults=1&check_in=2026-06-05&check_out=2026-06-07&children=0&infants=0&pets=0&source_impression_id=p3_1759054568_P3-MSSNxTBFYbbZl&previous_page_section_name=1000&federated_search_id=be87efa1-e290-4963-8ba9-06724b6d282b,1077353704104488565,N/A,N/A,N/A,N/A,N/A,N/A,N/A,N/A,10,2025-09-28 13:16:11,"Mombasa
_
_
Guest favorite
Guest favorite
Apartment in Mombasa
KSh 4",https://www.airbnb.com/s/Mombasa/homes?place_id=ChIJM45ffcMMQBgRLEF4BSSBr7A&refinement_paths%5B%5D=%2Fhomes&flexible_trip_lengths%5B%5D=weekend_trip&date_picker_type=FLEXIBLE_DATES&search_type=HOMEPAGE_CAROUSEL_CLICK,3
card-container,,,https://www.airbnb.com/rooms/975915488688988253?search_mode=regular_search&adults=1&check_in=2026-06-19&check_out=2026-06-21&children=0&infants=0&pets=0&source_impression_id=p3_1759054568_P38PLm_dE5Hafnp8&previous_page_section_name=1000&federated_search_id=be87efa1-e290-4963-8ba9-06724b6d282b,975915488688988253,N/A,N/A,N/A,N/A,N/A,N/A,N/A,N/A,10,2025-09-28 13:16:11,"Mombasa
_
_
Guest favorite
Guest favorite
Apartment in Mombasa
KSh 4",https://www.airbnb.com/s/Mombasa/homes?place_id=ChIJM45ffcMMQBgRLEF4BSSBr7A&refinement_paths%5B%5D=%2Fhomes&flexible_trip_lengths%5B%5D=weekend_trip&date_picker_type=FLEXIBLE_DATES&search_type=HOMEPAGE_CAROUSEL_CLICK,3
card-container,,,https://www.airbnb.com/rooms/1300562714120858794?search_mode=regular_search&adults=1&check_in=2025-11-28&check_out=2025-11-30&children=0&infants=0&pets=0&source_impression_id=p3_1759054568_P3M81YoDgkefiRq8&previous_page_section_name=1000&federated_search_id=be87efa1-e290-4963-8ba9-06724b6d282b,1300562714120858794,N/A,N/A,N/A,N/A,N/A,N/A,N/A,N/A,10,2025-09-28 13:16:11,"Mombasa
_
_
Guest favorite
Guest favorite
Apartment in Mombasa
KSh 4",https://www.airbnb.com/s/Mombasa/homes?place_id=ChIJM45ffcMMQBgRLEF4BSSBr7A&refinement_paths%5B%5D=%2Fhomes&flexible_trip_lengths%5B%5D=weekend_trip&date_picker_type=FLEXIBLE_DATES&search_type=HOMEPAGE_CAROUSEL_CLICK,3
card-container,,,https://www.airbnb.com/rooms/1462930529985166885?search_mode=regular_search&adults=1&category_tag=Tag%3A8678&check_in=2026-08-28&check_out=2026-08-30&children=0&infants=0&pets=0&photo_id=2283717238&source_impression_id=p3_1759054568_P3LWz1OLXi2axVkP&previous_page_section_name=1000&federated_search_id=be87efa1-e290-4963-8ba9-06724b6d282b,1462930529985166885,N/A,N/A,N/A,N/A,N/A,N/A,N/A,N/A,10,2025-09-28 13:16:11,"Mombasa
_
_
Guest favorite
Guest favorite
Apartment in Mombasa
KSh 4",https://www.airbnb.com/s/Mombasa/homes?place_id=ChIJM45ffcMMQBgRLEF4BSSBr7A&refinement_paths%5B%5D=%2Fhomes&flexible_trip_lengths%5B%5D=weekend_trip&date_picker_type=FLEXIBLE_DATES&search_type=HOMEPAGE_CAROUSEL_CLICK,3
card-container,,,https://www.airbnb.com/rooms/1401446132355896887?search_mode=regular_search&adults=1&check_in=2026-02-13&check_out=2026-02-15&children=0&infants=0&pets=0&source_impression_id=p3_1759054568_P3euc1K0e7JeIpvr&previous_page_section_name=1000&federated_search_id=be87efa1-e290-4963-8ba9-06724b6d282b,1401446132355896887,N/A,N/A,N/A,N/A,N/A,N/A,N/A,N/A,10,2025-09-28 13:16:11,"Mombasa
_
_
Guest favorite
Guest favorite
Apartment in Mombasa
KSh 4",https://www.airbnb.com/s/Mombasa/homes?place_id=ChIJM45ffcMMQBgRLEF4BSSBr7A&refinement_paths%5B%5D=%2Fhomes&flexible_trip_lengths%5B%5D=weekend_trip&date_picker_type=FLEXIBLE_DATES&search_type=HOMEPAGE_CAROUSEL_CLICK,3
card-container,,,https://www.airbnb.com/rooms/1459361056892770005?search_mode=regular_search&adults=1&check_in=2026-05-01&check_out=2026-05-03&children=0&infants=0&pets=0&source_impression_id=p3_1759054568_P30w38l9TZkOG8a0&previous_page_section_name=1000&federated_search_id=be87efa1-e290-4963-8ba9-06724b6d282b,1459361056892770005,N/A,N/A,N/A,N/A,N/A,N/A,N/A,N/A,10,2025-09-28 13:16:11,"Mombasa
_
_
Guest favorite
Guest favorite
Apartment in Mombasa
KSh 4",https://www.airbnb.com/s/Mombasa/homes?place_id=ChIJM45ffcMMQBgRLEF4BSSBr7A&refinement_paths%5B%5D=%2Fhomes&flexible_trip_lengths%5B%5D=weekend_trip&date_picker_type=FLEXIBLE_DATES&search_type=HOMEPAGE_CAROUSEL_CLICK,3
card-container,,,https://www.airbnb.com/rooms/1180632203254020691?search_mode=regular_search&adults=1&check_in=2026-01-23&check_out=2026-01-25&children=0&infants=0&pets=0&source_impression_id=p3_1759054568_P3drM7UG-_RK9BK5&previous_page_section_name=1000&federated_search_id=be87efa1-e290-4963-8ba9-06724b6d282b,1180632203254020691,N/A,N/A,N/A,N/A,N/A,N/A,N/A,N/A,10,2025-09-28 13:16:11,"Mombasa
_
_
Guest favorite
Guest favorite
Apartment in Mombasa
KSh 4",https://www.airbnb.com/s/Mombasa/homes?place_id=ChIJM45ffcMMQBgRLEF4BSSBr7A&refinement_paths%5B%5D=%2Fhomes&flexible_trip_lengths%5B%5D=weekend_trip&date_picker_type=FLEXIBLE_DATES&search_type=HOMEPAGE_CAROUSEL_CLICK,3
card-container,,,https://www.airbnb.com/rooms/780344440330892038?search_mode=regular_search&adults=1&category_tag=Tag%3A8678&check_in=2026-02-06&check_out=2026-02-08&children=0&infants=0&pets=0&photo_id=1544793422&source_impression_id=p3_1759054568_P3lQOHog-DrOHkx2&previous_page_section_name=1000&federated_search_id=be87efa1-e290-4963-8ba9-06724b6d282b,780344440330892038,N/A,N/A,N/A,N/A,N/A,N/A,N/A,N/A,10,2025-09-28 13:16:11,"Mombasa
_
_
Guest favorite
Guest favorite
Apartment in Mombasa
KSh 4",https://www.airbnb.com/s/Mombasa/homes?place_id=ChIJM45ffcMMQBgRLEF4BSSBr7A&refinement_paths%5B%5D=%2Fhomes&flexible_trip_lengths%5B%5D=weekend_trip&date_picker_type=FLEXIBLE_DATES&search_type=HOMEPAGE_CAROUSEL_CLICK,3
card-container,Treehouse in Nairobi,Nairobi Treehouse with a View,https://www.airbnb.com/rooms/31922701?check_in=2025-10-03&check_out=2025-10-05&search_mode=regular_search&source_impression_id=p3_1759054577_P3hI7s4XXe5-cFpc&previous_page_section_name=1000&federated_search_id=290f6154-daf9-45ee-a87e-1cc8d31b5f7b,31922701,"1 bedroom
1 bedroom
1 double bed
,
 · 1 double bed",N/A,"KSh 30,325",N/A,2 nights,N/A,N/A,N/A,1,2025-09-28 13:16:36,"Kiambu next weekend
_
_
Guest favorite
Guest favorite
Apartment in Ruaka
KSh 7",https://www.airbnb.com/s/Kiambu/homes?place_id=ChIJzzbxsmA2LxgRaR7dqAnEjOY&refinement_paths%5B%5D=%2Fhomes&date_picker_type=CALENDAR&checkin=2025-10-03&checkout=2025-10-05&search_type=HOMEPAGE_CAROUSEL_CLICK,6
card-container,Apartment in Limuru Town,Private Artist Studio with beautiful view,https://www.airbnb.com/rooms/28705627?check_in=2025-10-03&check_out=2025-10-05&search_mode=regular_search&source_impression_id=p3_1759054577_P3GklaWqsFlDlC9Y&previous_page_section_name=1000&federated_search_id=290f6154-daf9-45ee-a87e-1cc8d31b5f7b,28705627,"1 bedroom
1 bedroom
4 beds
,
 · 4 beds",N/A,"KSh 19,137",N/A,2 nights,N/A,N/A,N/A,1,2025-09-28 13:16:36,"Kiambu next weekend
_
_
Guest favorite
Guest favorite
Apartment in Ruaka
KSh 7",https://www.airbnb.com/s/Kiambu/homes?place_id=ChIJzzbxsmA2LxgRaR7dqAnEjOY&refinement_paths%5B%5D=%2Fhomes&date_picker_type=CALENDAR&checkin=2025-10-03&checkout=2025-10-05&search_type=HOMEPAGE_CAROUSEL_CLICK,6
card-container,Apartment in Tatu City,Pumzika Air B&Bs,https://www.airbnb.com/rooms/1376048980809973196?check_in=2025-10-03&check_out=2025-10-05&search_mode=regular_search&source_impression_id=p3_1759054577_P3I4Z6uAjQeb2QPX&previous_page_section_name=1000&federated_search_id=290f6154-daf9-45ee-a87e-1cc8d31b5f7b,1376048980809973196,"1 bedroom
1 bedroom
1 bed
,
 · 1 bed",N/A,"KSh 4,505",N/A,2 nights,N/A,N/A,N/A,1,2025-09-28 13:16:36,"Kiambu next weekend
_
_
Guest favorite
Guest favorite
Apartment in Ruaka
KSh 7",https://www.airbnb.com/s/Kiambu/homes?place_id=ChIJzzbxsmA2LxgRaR7dqAnEjOY&refinement_paths%5B%5D=%2Fhomes&date_picker_type=CALENDAR&checkin=2025-10-03&checkout=2025-10-05&search_type=HOMEPAGE_CAROUSEL_CLICK,6
card-container,Apartment in Tatu City,Cool Maskani - One Bedroom Apartment in Tatu City,https://www.airbnb.com/rooms/1208848632904254951?check_in=2025-10-03&check_out=2025-10-05&search_mode=regular_search&source_impression_id=p3_1759054577_P3FFCwKXpQy7_RyU&previous_page_section_name=1000&federated_search_id=290f6154-daf9-45ee-a87e-1cc8d31b5f7b,1208848632904254951,"Cool Maskani - One Bedroom Apartment in Tatu City | 1 bedroom
1 bedroom
1 queen bed
,
 · 1 queen bed",N/A,"KSh 7,361",N/A,2 nights,N/A,N/A,N/A,1,2025-09-28 13:16:36,"Kiambu next weekend
_
_
Guest favorite
Guest favorite
Apartment in Ruaka
KSh 7",https://www.airbnb.com/s/Kiambu/homes?place_id=ChIJzzbxsmA2LxgRaR7dqAnEjOY&refinement_paths%5B%5D=%2Fhomes&date_picker_type=CALENDAR&checkin=2025-10-03&checkout=2025-10-05&search_type=HOMEPAGE_CAROUSEL_CLICK,6
card-container,Apartment in Ruiru,"802 deluxe, Cozy Studio King Size Bed Ruiru",https://www.airbnb.com/rooms/53332820?check_in=2025-10-03&check_out=2025-10-05&search_mode=regular_search&source_impression_id=p3_1759054577_P3E6O7vLj7kVn63j&previous_page_section_name=1000&federated_search_id=290f6154-daf9-45ee-a87e-1cc8d31b5f7b,53332820,"802 deluxe, Cozy Studio King Size Bed Ruiru | 1 bedroom
1 bedroom",N/A,"KSh 4,241",N/A,2 nights,N/A,N/A,N/A,1,2025-09-28 13:16:36,"Kiambu next weekend
_
_
Guest favorite
Guest favorite
Apartment in Ruaka
KSh 7",https://www.airbnb.com/s/Kiambu/homes?place_id=ChIJzzbxsmA2LxgRaR7dqAnEjOY&refinement_paths%5B%5D=%2Fhomes&date_picker_type=CALENDAR&checkin=2025-10-03&checkout=2025-10-05&search_type=HOMEPAGE_CAROUSEL_CLICK,6
card-container,Home in Nairobi,Lavington Treehouse,https://www.airbnb.com/rooms/827401141948775590?check_in=2025-10-03&check_out=2025-10-05&search_mode=regular_search&source_impression_id=p3_1759054577_P3LrgpgeAMFdjsrN&previous_page_section_name=1000&federated_search_id=290f6154-daf9-45ee-a87e-1cc8d31b5f7b,827401141948775590,"1 bedroom
1 bedroom
1 bed
,
 · 1 bed",N/A,"KSh 19,461",N/A,2 nights,N/A,N/A,N/A,1,2025-09-28 13:16:36,"Kiambu next weekend
_
_
Guest favorite
Guest favorite
Apartment in Ruaka
KSh 7",https://www.airbnb.com/s/Kiambu/homes?place_id=ChIJzzbxsmA2LxgRaR7dqAnEjOY&refinement_paths%5B%5D=%2Fhomes&date_picker_type=CALENDAR&checkin=2025-10-03&checkout=2025-10-05&search_type=HOMEPAGE_CAROUSEL_CLICK,6
card-container,Home in Kahawa Sukari,Opal oasis Residence two,https://www.airbnb.com/rooms/1004391305648345087?check_in=2025-10-03&check_out=2025-10-05&search_mode=regular_search&source_impression_id=p3_1759054577_P3ST8LrhDfMxZJUv&previous_page_section_name=1000&federated_search_id=290f6154-daf9-45ee-a87e-1cc8d31b5f7b,1004391305648345087,"2 bedrooms
2 bedrooms
2 beds
,
 · 2 beds",N/A,"KSh 7,685",N/A,2 nights,N/A,N/A,N/A,1,2025-09-28 13:16:36,"Kiambu next weekend
_
_
Guest favorite
Guest favorite
Apartment in Ruaka
KSh 7",https://www.airbnb.com/s/Kiambu/homes?place_id=ChIJzzbxsmA2LxgRaR7dqAnEjOY&refinement_paths%5B%5D=%2Fhomes&date_picker_type=CALENDAR&checkin=2025-10-03&checkout=2025-10-05&search_type=HOMEPAGE_CAROUSEL_CLICK,6
card-container,,,https://www.airbnb.com/rooms/1301927547957890478?check_in=2025-10-03&check_out=2025-10-05&search_mode=regular_search&source_impression_id=p3_1759054577_P3bXWJm3vhKpSvsj&previous_page_section_name=1000&federated_search_id=290f6154-daf9-45ee-a87e-1cc8d31b5f7b,1301927547957890478,N/A,N/A,N/A,N/A,N/A,N/A,N/A,N/A,1,2025-09-28 13:16:37,"Kiambu next weekend
_
_
Guest favorite
Guest favorite
Apartment in Ruaka
KSh 7",https://www.airbnb.com/s/Kiambu/homes?place_id=ChIJzzbxsmA2LxgRaR7dqAnEjOY&refinement_paths%5B%5D=%2Fhomes&date_picker_type=CALENDAR&checkin=2025-10-03&checkout=2025-10-05&search_type=HOMEPAGE_CAROUSEL_CLICK,6
card-container,,,https://www.airbnb.com/rooms/46759784?check_in=2025-10-03&check_out=2025-10-05&search_mode=regular_search&source_impression_id=p3_1759054577_P3D1kMLMyNnWnExB&previous_page_section_name=1000&federated_search_id=290f6154-daf9-45ee-a87e-1cc8d31b5f7b,46759784,N/A,N/A,N/A,N/A,N/A,N/A,N/A,N/A,1,2025-09-28 13:16:37,"Kiambu next weekend
_
_
Guest favorite
Guest favorite
Apartment in Ruaka
KSh 7",https://www.airbnb.com/s/Kiambu/homes?place_id=ChIJzzbxsmA2LxgRaR7dqAnEjOY&refinement_paths%5B%5D=%2Fhomes&date_picker_type=CALENDAR&checkin=2025-10-03&checkout=2025-10-05&search_type=HOMEPAGE_CAROUSEL_CLICK,6
card-container,,,https://www.airbnb.com/rooms/1465902262257147883?check_in=2025-10-03&check_out=2025-10-05&search_mode=regular_search&source_impression_id=p3_1759054577_P31YA39TnWT73dPq&previous_page_section_name=1000&federated_search_id=290f6154-daf9-45ee-a87e-1cc8d31b5f7b,1465902262257147883,N/A,N/A,N/A,N/A,N/A,N/A,N/A,N/A,1,2025-09-28 13:16:37,"Kiambu next weekend
_
_
Guest favorite
Guest favorite
Apartment in Ruaka
KSh 7",https://www.airbnb.com/s/Kiambu/homes?place_id=ChIJzzbxsmA2LxgRaR7dqAnEjOY&refinement_paths%5B%5D=%2Fhomes&date_picker_type=CALENDAR&checkin=2025-10-03&checkout=2025-10-05&search_type=HOMEPAGE_CAROUSEL_CLICK,6
card-container,Home in Tigoni,Weathercock House Tigoni,https://www.airbnb.com/rooms/1029431671428790223?check_in=2025-10-04&check_out=2025-10-05&search_mode=regular_search&adults=1&children=0&infants=0&pets=0&source_impression_id=p3_1759054578_P3jlwKaR91DeAh-A&previous_page_section_name=1000&federated_search_id=290f6154-daf9-45ee-a87e-1cc8d31b5f7b,1029431671428790223,"2 bedrooms
2 bedrooms
2 king beds
,
 · 2 king beds",N/A,"KSh 17,665",N/A,1 nights,N/A,N/A,N/A,1,2025-09-28 13:16:37,"Kiambu next weekend
_
_
Guest favorite
Guest favorite
Apartment in Ruaka
KSh 7",https://www.airbnb.com/s/Kiambu/homes?place_id=ChIJzzbxsmA2LxgRaR7dqAnEjOY&refinement_paths%5B%5D=%2Fhomes&date_picker_type=CALENDAR&checkin=2025-10-03&checkout=2025-10-05&search_type=HOMEPAGE_CAROUSEL_CLICK,6
card-container,Cottage in Limuru,Tigoni A-frame cottage,https://www.airbnb.com/rooms/888225075590761089?check_in=2025-10-03&check_out=2025-10-04&search_mode=regular_search&adults=1&children=0&infants=0&pets=0&source_impression_id=p3_1759054578_P3WY6xjtdnm6gEA4&previous_page_section_name=1000&federated_search_id=290f6154-daf9-45ee-a87e-1cc8d31b5f7b,888225075590761089,"1 bedroom
1 bedroom
1 bed
,
 · 1 bed",N/A,"KSh 11,041",N/A,1 nights,N/A,N/A,N/A,1,2025-09-28 13:16:37,"Kiambu next weekend
_
_
Guest favorite
Guest favorite
Apartment in Ruaka
KSh 7",https://www.airbnb.com/s/Kiambu/homes?place_id=ChIJzzbxsmA2LxgRaR7dqAnEjOY&refinement_paths%5B%5D=%2Fhomes&date_picker_type=CALENDAR&checkin=2025-10-03&checkout=2025-10-05&search_type=HOMEPAGE_CAROUSEL_CLICK,6
card-container,Cottage in Tigoni,Barnhouse Container Cottage in Tigoni,https://www.airbnb.com/rooms/1357215618341772096?check_in=2025-10-03&check_out=2025-10-04&search_mode=regular_search&adults=1&children=0&infants=0&pets=0&source_impression_id=p3_1759054578_P3sM4FBi8uJHXnMK&previous_page_section_name=1000&federated_search_id=290f6154-daf9-45ee-a87e-1cc8d31b5f7b,1357215618341772096,"3 bedrooms
3 bedrooms
3 queen beds
,
 · 3 queen beds",N/A,"KSh 19,889","KSh 19,889",1 nights,N/A,N/A,N/A,1,2025-09-28 13:16:37,"Kiambu next weekend
_
_
Guest favorite
Guest favorite
Apartment in Ruaka
KSh 7",https://www.airbnb.com/s/Kiambu/homes?place_id=ChIJzzbxsmA2LxgRaR7dqAnEjOY&refinement_paths%5B%5D=%2Fhomes&date_picker_type=CALENDAR&checkin=2025-10-03&checkout=2025-10-05&search_type=HOMEPAGE_CAROUSEL_CLICK,6
card-container,Apartment in Nairobi,The Hideout - Studio Apartment in Kileleshwa,https://www.airbnb.com/rooms/1023634053993230037?check_in=2025-10-04&check_out=2025-10-05&search_mode=regular_search&adults=1&children=0&infants=0&pets=0&source_impression_id=p3_1759054578_P3li0vZNlNpNdFy9&previous_page_section_name=1000&federated_search_id=290f6154-daf9-45ee-a87e-1cc8d31b5f7b,1023634053993230037,"1 bedroom
1 bedroom
1 bed
,
 · 1 bed",N/A,"KSh 1,472",N/A,1 nights,N/A,N/A,N/A,1,2025-09-28 13:16:37,"Kiambu next weekend
_
_
Guest favorite
Guest favorite
Apartment in Ruaka
KSh 7",https://www.airbnb.com/s/Kiambu/homes?place_id=ChIJzzbxsmA2LxgRaR7dqAnEjOY&refinement_paths%5B%5D=%2Fhomes&date_picker_type=CALENDAR&checkin=2025-10-03&checkout=2025-10-05&search_type=HOMEPAGE_CAROUSEL_CLICK,6
card-container,Guesthouse in Nairobi,Cozy Studio House with Private Amenities,https://www.airbnb.com/rooms/53406808?check_in=2025-10-02&check_out=2025-10-04&search_mode=regular_search&adults=1&children=0&infants=0&pets=0&source_impression_id=p3_1759054578_P3wsH59JwUXjTTAx&previous_page_section_name=1000&federated_search_id=290f6154-daf9-45ee-a87e-1cc8d31b5f7b,53406808,"1 bedroom
1 bedroom",N/A,"KSh 3,239",N/A,2 nights,N/A,N/A,N/A,1,2025-09-28 13:16:37,"Kiambu next weekend
_
_
Guest favorite
Guest favorite
Apartment in Ruaka
KSh 7",https://www.airbnb.com/s/Kiambu/homes?place_id=ChIJzzbxsmA2LxgRaR7dqAnEjOY&refinement_paths%5B%5D=%2Fhomes&date_picker_type=CALENDAR&checkin=2025-10-03&checkout=2025-10-05&search_type=HOMEPAGE_CAROUSEL_CLICK,6
card-container,Cottage in Kiarutara,"Kimakia Tea Cottages 1 , Aberdare Mountain Range",https://www.airbnb.com/rooms/22953066?check_in=2025-10-04&check_out=2025-10-05&search_mode=regular_search&adults=1&children=0&infants=0&pets=0&source_impression_id=p3_1759054578_P3ISXMNS4MqDHgUo&previous_page_section_name=1000&federated_search_id=290f6154-daf9-45ee-a87e-1cc8d31b5f7b,22953066,"3 bedrooms
3 bedrooms
7 beds
,
 · 7 beds",N/A,"KSh 23,554",N/A,1 nights,N/A,N/A,N/A,1,2025-09-28 13:16:37,"Kiambu next weekend
_
_
Guest favorite
Guest favorite
Apartment in Ruaka
KSh 7",https://www.airbnb.com/s/Kiambu/homes?place_id=ChIJzzbxsmA2LxgRaR7dqAnEjOY&refinement_paths%5B%5D=%2Fhomes&date_picker_type=CALENDAR&checkin=2025-10-03&checkout=2025-10-05&search_type=HOMEPAGE_CAROUSEL_CLICK,6
card-container,,,https://www.airbnb.com/rooms/1081846883379375029?check_in=2025-10-03&check_out=2025-10-05&search_mode=regular_search&source_impression_id=p3_1759054577_P31hXtDJTqeK04VT&previous_page_section_name=1000&federated_search_id=290f6154-daf9-45ee-a87e-1cc8d31b5f7b,1081846883379375029,N/A,N/A,N/A,N/A,N/A,N/A,N/A,N/A,1,2025-09-28 13:16:37,"Kiambu next weekend
_
_
Guest favorite
Guest favorite
Apartment in Ruaka
KSh 7",https://www.airbnb.com/s/Kiambu/homes?place_id=ChIJzzbxsmA2LxgRaR7dqAnEjOY&refinement_paths%5B%5D=%2Fhomes&date_picker_type=CALENDAR&checkin=2025-10-03&checkout=2025-10-05&search_type=HOMEPAGE_CAROUSEL_CLICK,6
card-container,,,https://www.airbnb.com/rooms/1267145948373268341?check_in=2025-10-03&check_out=2025-10-05&search_mode=regular_search&source_impression_id=p3_1759054577_P3yoULDW_73VVW6s&previous_page_section_name=1000&federated_search_id=290f6154-daf9-45ee-a87e-1cc8d31b5f7b,1267145948373268341,N/A,N/A,N/A,N/A,N/A,N/A,N/A,N/A,1,2025-09-28 13:16:38,"Kiambu next weekend
_
_
Guest favorite
Guest favorite
Apartment in Ruaka
KSh 7",https://www.airbnb.com/s/Kiambu/homes?place_id=ChIJzzbxsmA2LxgRaR7dqAnEjOY&refinement_paths%5B%5D=%2Fhomes&date_picker_type=CALENDAR&checkin=2025-10-03&checkout=2025-10-05&search_type=HOMEPAGE_CAROUSEL_CLICK,6
card-container,,,https://www.airbnb.com/rooms/1479860492051470657?check_in=2025-10-03&check_out=2025-10-05&search_mode=regular_search&source_impression_id=p3_1759054577_P3vw5hLPQXRUT_ag&previous_page_section_name=1000&federated_search_id=290f6154-daf9-45ee-a87e-1cc8d31b5f7b,1479860492051470657,N/A,N/A,N/A,N/A,N/A,N/A,N/A,N/A,1,2025-09-28 13:16:38,"Kiambu next weekend
_
_
Guest favorite
Guest favorite
Apartment in Ruaka
KSh 7",https://www.airbnb.com/s/Kiambu/homes?place_id=ChIJzzbxsmA2LxgRaR7dqAnEjOY&refinement_paths%5B%5D=%2Fhomes&date_picker_type=CALENDAR&checkin=2025-10-03&checkout=2025-10-05&search_type=HOMEPAGE_CAROUSEL_CLICK,6
card-container,,,https://www.airbnb.com/rooms/50711864?check_in=2025-10-03&check_out=2025-10-05&search_mode=regular_search&source_impression_id=p3_1759054577_P3PTu3I9RVJ7IOpQ&previous_page_section_name=1000&federated_search_id=290f6154-daf9-45ee-a87e-1cc8d31b5f7b,50711864,N/A,N/A,N/A,N/A,N/A,N/A,N/A,N/A,1,2025-09-28 13:16:38,"Kiambu next weekend
_
_
Guest favorite
Guest favorite
Apartment in Ruaka
KSh 7",https://www.airbnb.com/s/Kiambu/homes?place_id=ChIJzzbxsmA2LxgRaR7dqAnEjOY&refinement_paths%5B%5D=%2Fhomes&date_picker_type=CALENDAR&checkin=2025-10-03&checkout=2025-10-05&search_type=HOMEPAGE_CAROUSEL_CLICK,6
card-container,,,https://www.airbnb.com/rooms/1171533606574779681?check_in=2025-10-03&check_out=2025-10-05&search_mode=regular_search&source_impression_id=p3_1759054577_P3XGcPX-DHBSsm12&previous_page_section_name=1000&federated_search_id=290f6154-daf9-45ee-a87e-1cc8d31b5f7b,1171533606574779681,N/A,N/A,N/A,N/A,N/A,N/A,N/A,N/A,1,2025-09-28 13:16:38,"Kiambu next weekend
_
_
Guest favorite
Guest favorite
Apartment in Ruaka
KSh 7",https://www.airbnb.com/s/Kiambu/homes?place_id=ChIJzzbxsmA2LxgRaR7dqAnEjOY&refinement_paths%5B%5D=%2Fhomes&date_picker_type=CALENDAR&checkin=2025-10-03&checkout=2025-10-05&search_type=HOMEPAGE_CAROUSEL_CLICK,6
card-container,,,https://www.airbnb.com/rooms/1189559305118239162?check_in=2025-10-03&check_out=2025-10-05&search_mode=regular_search&source_impression_id=p3_1759054577_P3vaU9FtStv136_M&previous_page_section_name=1000&federated_search_id=290f6154-daf9-45ee-a87e-1cc8d31b5f7b,1189559305118239162,N/A,N/A,N/A,N/A,N/A,N/A,N/A,N/A,1,2025-09-28 13:16:38,"Kiambu next weekend
_
_
Guest favorite
Guest favorite
Apartment in Ruaka
KSh 7",https://www.airbnb.com/s/Kiambu/homes?place_id=ChIJzzbxsmA2LxgRaR7dqAnEjOY&refinement_paths%5B%5D=%2Fhomes&date_picker_type=CALENDAR&checkin=2025-10-03&checkout=2025-10-05&search_type=HOMEPAGE_CAROUSEL_CLICK,6
card-container,,,https://www.airbnb.com/rooms/839113309379290827?check_in=2025-10-03&check_out=2025-10-05&search_mode=regular_search&source_impression_id=p3_1759054577_P3U-OEftM-ElCjwZ&previous_page_section_name=1000&federated_search_id=290f6154-daf9-45ee-a87e-1cc8d31b5f7b,839113309379290827,N/A,N/A,N/A,N/A,N/A,N/A,N/A,N/A,1,2025-09-28 13:16:38,"Kiambu next weekend
_
_
Guest favorite
Guest favorite
Apartment in Ruaka
KSh 7",https://www.airbnb.com/s/Kiambu/homes?place_id=ChIJzzbxsmA2LxgRaR7dqAnEjOY&refinement_paths%5B%5D=%2Fhomes&date_picker_type=CALENDAR&checkin=2025-10-03&checkout=2025-10-05&search_type=HOMEPAGE_CAROUSEL_CLICK,6
card-container,,,https://www.airbnb.com/rooms/899859473033978909?check_in=2025-10-03&check_out=2025-10-05&search_mode=regular_search&source_impression_id=p3_1759054577_P3gE8UvdiYUOyXEL&previous_page_section_name=1000&federated_search_id=290f6154-daf9-45ee-a87e-1cc8d31b5f7b,899859473033978909,N/A,N/A,N/A,N/A,N/A,N/A,N/A,N/A,1,2025-09-28 13:16:38,"Kiambu next weekend
_
_
Guest favorite
Guest favorite
Apartment in Ruaka
KSh 7",https://www.airbnb.com/s/Kiambu/homes?place_id=ChIJzzbxsmA2LxgRaR7dqAnEjOY&refinement_paths%5B%5D=%2Fhomes&date_picker_type=CALENDAR&checkin=2025-10-03&checkout=2025-10-05&search_type=HOMEPAGE_CAROUSEL_CLICK,6
